Iteration	Posterior	Likelihood	Prior	rate_log_sd	rate_loss	rate_neo	tree_length
0	-8136.672	-8395.399	258.727	0.797717	1.277878	0.6642586	7.395704
6	-8118.763	-8377.086	258.3228	0.8353289	1.394984	0.6642586	7.54182
12	-8122.697	-8380.513	257.8161	0.8353289	1.430722	0.6642586	7.798121
18	-8131.429	-8390.231	258.8014	0.8477862	1.430722	0.6655373	7.262816
24	-8147.579	-8405.866	258.2877	0.8398105	1.519891	0.6949435	7.48607
30	-8149.082	-8407.062	257.9795	0.8128412	1.4309	0.5846374	7.782905
36	-8126.689	-8384.412	257.7226	0.8024912	1.509866	0.5846374	7.894171
42	-8115.332	-8375.236	259.9033	0.9040166	1.555762	0.596343	6.64149
48	-8121.963	-8380.682	258.7186	0.8588695	1.358709	0.596343	7.383429
54	-8122.539	-8380.38	257.8412	0.8638864	1.358709	0.627953	7.82607
60	-8128.235	-8386.073	257.8384	0.8574219	1.66376	0.627953	7.711771
66	-8125.626	-8384.682	259.0558	0.84147	1.820974	0.6227547	7.016031
72	-8135.059	-8394.919	259.8603	0.8708302	1.515364	0.6227547	6.677909
78	-8137.714	-8397.13	259.4152	0.8259025	1.515364	0.6227547	6.942331
84	-8150.04	-8409.026	258.9868	0.8409598	1.515364	0.7765221	7.05686
90	-8129.824	-8388.9	259.0762	0.817256	1.442421	0.6709043	7.122884
96	-8144.347	-8402.355	258.008	0.7161418	1.545911	0.7579158	7.649284
102	-8141.848	-8401.328	259.48	0.8572156	1.61279	0.7335466	6.773461
108	-8128.269	-8386.756	258.4862	0.8597831	1.377028	0.7335466	7.400245
114	-8120.878	-8380.822	259.9435	0.895753	1.377028	0.6713474	6.639764
120	-8141.797	-8399.446	257.6489	0.7489191	1.445731	0.6768495	7.918428
126	-8140.053	-8397.648	257.5948	0.7489191	1.445731	0.6768495	7.947311
132	-8127.543	-8386.426	258.8836	0.7744306	1.480704	0.7677046	7.16761
138	-8137.277	-8396.827	259.5496	0.7625519	1.297861	0.7677046	6.89225
144	-8145.709	-8405.148	259.4392	0.8379129	1.450886	0.6999196	6.89225
150	-8122.806	-8382.35	259.5441	0.8710427	1.753603	0.6627801	6.730184
156	-8136.324	-8396.573	260.2483	0.9132004	1.434635	0.6627801	6.447514
162	-8130.206	-8388.589	258.3827	0.7722892	1.434635	0.6627801	7.528232
168	-8134.814	-8391.614	256.7997	0.8189684	1.517506	0.719637	8.275565
174	-8138.891	-8396.375	257.4842	0.8045805	1.37689	0.6944933	7.992421
180	-8154.215	-8414.27	260.0545	0.9041564	1.285938	0.6713905	6.614806
186	-8138.398	-8398.698	260.3	0.9112298	1.702342	0.6713905	6.311032
192	-8142.163	-8400.357	258.1944	0.8067174	1.708992	0.710285	7.472821
198	-8134.04	-8390.637	256.5964	0.7484549	1.708992	0.710285	8.356869
204	-8133.979	-8392.482	258.5025	0.7744939	1.666433	0.6487588	7.384075
210	-8122.425	-8381.147	258.7225	0.8245537	1.447266	0.6037896	7.357226
216	-8111.192	-8369.164	257.9719	0.8463418	1.601906	0.6037896	7.68745
222	-8124.873	-8382.321	257.4473	0.7918164	1.601906	0.6171888	7.986488
228	-8119.717	-8376.988	257.2712	0.7568451	1.470984	0.6694298	8.110831
234	-8133.295	-8390.746	257.4515	0.7249668	1.506113	0.6968575	7.998507
240	-8129.576	-8386.546	256.9697	0.7558381	1.536249	0.6694298	8.246428
246	-8142.529	-8400.831	258.3018	0.8999966	1.54597	0.5950749	7.510138
252	-8157.173	-8414.434	257.2612	0.7180007	1.477787	0.6806878	8.126104
258	-8150.104	-8408.308	258.2038	0.9092389	1.477787	0.6470127	7.544846
264	-8136.626	-8394.814	258.1877	0.859198	1.50945	0.6470127	7.567804
270	-8129.704	-8388.921	259.2165	0.8035263	1.406549	0.6985827	7.049874
276	-8134.715	-8392.539	257.8246	0.7767042	1.288904	0.6985827	7.860595
282	-8126.072	-8383.628	257.5557	0.8317961	1.608369	0.7366322	7.819769
288	-8122.004	-8380.109	258.105	0.7600912	1.387207	0.7366322	7.651469
294	-8115.705	-8374.956	259.2519	0.8073088	1.387207	0.6953291	7.039138
300	-8131.487	-8389.356	257.8693	0.7455253	1.387207	0.7623662	7.768247
306	-8129.257	-8387.063	257.8058	0.7926725	1.594725	0.6562244	7.768247
312	-8140.416	-8397.95	257.5344	0.788522	1.43705	0.6453837	7.984648
318	-8142.536	-8400.721	258.1847	0.7170611	1.43705	0.6078596	7.703773
324	-8128.862	-8387.231	258.3689	0.8523377	1.507052	0.7495782	7.40364
330	-8136.625	-8393.264	256.6389	0.7449802	1.507052	0.7495782	8.384516
336	-8122.485	-8381.863	259.3779	0.9200903	1.507052	0.6429608	6.899686
342	-8143.041	-8402.167	259.1253	1.043283	1.434185	0.6587641	6.987008
348	-8150.568	-8408.914	258.3457	0.9644609	1.651613	0.6587641	7.364329
354	-8131.084	-8390.322	259.2375	0.8418121	1.468157	0.6145253	7.05449
360	-8136.034	-8394.437	258.4033	0.8895029	1.42618	0.8907708	7.309739
366	-8158.333	-8417.364	259.0311	0.882681	1.219306	0.8907708	7.066077
372	-8125.85	-8385.563	259.7125	0.8965377	1.614491	0.7887265	6.589428
378	-8125.561	-8383.819	258.2583	0.7916277	1.306751	0.6795958	7.626311
384	-8140.546	-8398.972	258.4264	0.7565756	1.845207	0.5168637	7.477373
390	-8117.416	-8376.621	259.2045	0.8944739	1.602435	0.702049	6.927556
396	-8125.57	-8383.301	257.7312	0.7587675	1.355648	0.7156469	7.879436
402	-8119.503	-8377.426	257.9224	0.8008158	1.472572	0.6987268	7.718464
408	-8131.091	-8390.661	259.5704	0.8979852	1.499102	0.7605384	6.728395
414	-8136.411	-8395.364	258.9528	0.9294725	1.497087	0.7605384	7.045197
420	-8137.938	-8396.74	258.8019	0.8944179	1.318989	0.6676597	7.283105
426	-8129.947	-8387.504	257.5571	0.8944179	1.523677	0.6676597	7.865561
432	-8132.133	-8389.945	257.8113	0.8449894	1.530598	0.6259939	7.784174
438	-8127.675	-8386.583	258.908	0.8459973	1.602399	0.6259939	7.168614
444	-8140.829	-8401.216	260.3877	0.941339	1.644935	0.6655609	6.272356
450	-8114.325	-8372.587	258.2619	0.8075848	1.461274	0.7466347	7.505074
456	-8121.997	-8378.874	256.8767	0.7394756	1.401069	0.7815379	8.282622
462	-8123.097	-8380.623	257.5259	0.8184962	1.560721	0.6792973	7.900207
468	-8122.982	-8382.657	259.6746	0.8373989	1.383336	0.6792973	6.808135
474	-8137.79	-8395.308	257.518	0.7995676	1.450928	0.684612	7.953678
480	-8135.241	-8394.168	258.927	0.8239939	1.450928	0.6403739	7.218408
486	-8133.76	-8392.294	258.5341	0.8195202	1.701026	0.6403739	7.336739
492	-8121.284	-8378.502	257.2177	0.7154553	1.681021	0.6179184	8.120148
498	-8125.768	-8383.806	258.0387	0.8778355	1.572109	0.713108	7.566405
504	-8135.222	-8393.509	258.2873	0.8200812	1.507552	0.6846974	7.508941
510	-8129.285	-8387.12	257.8352	0.8200812	1.414133	0.657076	7.80803
516	-8136.474	-8395.205	258.7307	0.8155348	1.350793	0.5979195	7.402308
522	-8124.268	-8382.685	258.4175	0.8150433	1.46456	0.6590024	7.477349
528	-8143.523	-8399.902	256.3783	0.8333492	1.592126	0.6590024	8.506092
534	-8138.17	-8393.863	255.6924	0.7296126	1.543763	0.6590024	8.943107
540	-8134.579	-8391.718	257.1385	0.8008018	1.619024	0.5789816	8.169603
546	-8131.95	-8391.402	259.452	0.9075265	1.619024	0.5789816	6.873134
552	-8121.8	-8380.898	259.0986	0.7978441	1.619024	0.5789816	7.122452
558	-8130.468	-8387.218	256.7498	0.7563008	1.540572	0.5747248	8.432947
564	-8134.225	-8390.688	256.4622	0.8859673	1.540572	0.5868013	8.507318
570	-8128.01	-8385.284	257.274	0.7700611	1.461645	0.5868013	8.167986
576	-8127.122	-8385.705	258.5826	0.8355056	1.418718	0.7081658	7.361591
582	-8123.878	-8382.399	258.5201	0.823928	1.639656	0.6437781	7.361591
588	-8121.324	-8380.216	258.8922	0.8730818	1.385919	0.5517902	7.307038
594	-8129.981	-8387.958	257.9775	0.8023047	1.387673	0.6183667	7.781236
600	-8124.368	-8382.702	258.3334	0.7987808	1.349418	0.7949361	7.486363
606	-8134.099	-8391.846	257.7465	0.7950689	1.581414	0.7949361	7.709508
612	-8161.572	-8419.754	258.1824	0.9053194	1.640031	0.8832436	7.341276
618	-8152.544	-8410.991	258.4472	0.8767076	1.452393	0.6559628	7.435494
624	-8151.517	-8411.446	259.9289	0.9222355	1.365796	0.7121884	6.609111
630	-8126.467	-8384.364	257.8964	0.7803028	1.6704	0.7121884	7.659051
636	-8127.499	-8385.385	257.8859	0.8144204	1.355536	0.6804517	7.791608
642	-8121.873	-8380.981	259.1084	0.7773012	1.600615	0.6528164	7.078433
648	-8136.474	-8395.153	258.6796	0.9054187	1.784143	0.7928052	7.078237
654	-8117.977	-8376.909	258.9316	0.851379	1.403814	0.7928052	7.115489
660	-8133.568	-8391.345	257.7769	0.8131208	1.403814	0.8945454	7.693243
666	-8133.408	-8391.284	257.8759	0.7521888	1.403814	0.7056896	7.792352
672	-8148.851	-8405.978	257.127	0.746348	1.4975	0.7056896	8.157294
678	-8152.268	-8410.078	257.8096	0.7460059	1.4975	0.7056896	7.793374
684	-8151.013	-8408.847	257.8347	0.8261171	1.4975	0.6257133	7.794852
690	-8135.63	-8394.172	258.5419	0.8458215	1.596558	0.585776	7.398627
696	-8144.683	-8402.656	257.9726	0.7343839	1.596558	0.6316386	7.727735
702	-8143.295	-8401.709	258.4144	0.7930664	1.338274	0.7193489	7.50059
708	-8123.716	-8382.041	258.325	0.8444895	1.301568	0.6479163	7.587535
714	-8132.739	-8391.292	258.5531	0.839243	1.521894	0.5954003	7.417106
720	-8120.346	-8379.561	259.2149	0.9138639	1.430589	0.6488522	7.017228
726	-8111.397	-8370.355	258.9586	0.7875721	1.430589	0.5724796	7.281935
732	-8114.829	-8373.464	258.6348	0.8476718	1.442705	0.6203398	7.380945
738	-8132.787	-8392.389	259.6022	0.8716305	1.442705	0.6203398	6.847781
744	-8120.673	-8379.849	259.1761	0.8652025	1.481737	0.7361689	6.981933
750	-8126.51	-8384.094	257.5844	0.808146	1.301791	0.6203398	8.023078
756	-8136.617	-8393.925	257.3084	0.8150634	1.638599	0.6325605	8.023078
762	-8128.872	-8389.028	260.1558	0.8356439	1.341145	0.7113191	6.544431
768	-8127.697	-8386.958	259.2611	0.8804455	1.341145	0.7195799	6.997525
774	-8124.9	-8383.901	259.001	0.8610846	1.607088	0.670184	7.076023
780	-8131.301	-8389.965	258.6643	0.7974546	1.809198	0.670184	7.219062
786	-8123.187	-8381.903	258.7159	0.8441867	1.434826	0.7982398	7.219062
792	-8117.806	-8375.789	257.9831	0.8015839	1.443011	0.8099431	7.624095
798	-8126.247	-8386.076	259.8289	0.8941733	1.443011	0.7357493	6.629964
804	-8128.695	-8386.541	257.8457	0.7583798	1.362664	0.7357493	7.801912
810	-8136.701	-8396.464	259.7634	0.8494092	1.362664	0.7357493	6.72313
816	-8138.684	-8396.8	258.1163	0.8175866	1.362664	0.71637	7.63869
822	-8146.321	-8404.024	257.7039	0.822988	1.410228	0.5850113	7.932812
828	-8130.138	-8388.722	258.5849	0.7903269	1.625264	0.637108	7.355101
834	-8130.674	-8390.522	259.8479	0.8715506	1.687642	0.6940566	6.566661
840	-8137.119	-8396.605	259.4865	0.8629065	1.295922	0.6740549	6.937336
846	-8142.829	-8401.272	258.4429	0.8899014	1.295922	0.6740549	7.483552
852	-8136.038	-8396.537	260.4995	0.9448682	1.447032	0.6727003	6.281675
858	-8137.377	-8397.163	259.7853	0.9092652	1.31875	0.7648763	6.678457
864	-8127.781	-8386.618	258.8373	0.8497585	1.382012	0.7123822	7.229543
870	-8147.307	-8406.138	258.8306	0.8497585	1.546103	0.7123822	7.167112
876	-8151.212	-8409.224	258.0119	0.7508547	1.483339	0.5838677	7.778307
882	-8139.113	-8398.714	259.6017	0.8738642	1.488323	0.5838677	6.856985
888	-8135.823	-8394.495	258.6714	0.8215421	1.510051	0.5838677	7.376892
894	-8138.847	-8397.309	258.462	0.8810601	1.30553	0.8194414	7.376892
900	-8133.835	-8392.401	258.5654	0.8717538	1.470049	0.6434419	7.376892
906	-8129.454	-8387.808	258.3539	0.849942	1.44297	0.7298282	7.451721
912	-8143.576	-8404.39	260.8139	0.8623988	1.309242	0.7348798	6.170502
918	-8136.901	-8395.734	258.8331	0.8293806	1.470795	0.6274635	7.267652
924	-8135.459	-8395.764	260.3052	0.9487938	1.480559	0.6246993	6.407214
930	-8127.795	-8385.935	258.1396	0.8273143	1.480559	0.7386711	7.557618
936	-8138.825	-8399.318	260.4927	0.9177178	1.480559	0.5834876	6.354702
942	-8142.839	-8402.609	259.7698	0.8735232	1.480559	0.6210521	6.740459
948	-8141.254	-8399.7	258.4463	0.8105753	1.480559	0.7819342	7.37383
954	-8139.414	-8398.517	259.103	0.8410725	1.562543	0.8136259	6.95228
960	-8130.794	-8388.86	258.0659	0.790094	1.445703	0.8404533	7.565975
966	-8155.771	-8416.567	260.7955	0.880638	1.259264	0.6743311	6.235729
972	-8147.327	-8407.466	260.1384	0.9509778	1.292457	0.6941472	6.524844
978	-8137.217	-8393.87	256.6525	0.8355946	1.480399	0.7564074	8.335041
984	-8140.859	-8399.555	258.6965	0.8086966	1.303753	0.74563	7.338201
990	-8127.381	-8386.641	259.2599	0.8576492	1.301337	0.6319395	7.090816
996	-8125.435	-8385.217	259.7824	0.8100716	1.316936	0.6319395	6.828106
1002	-8121.811	-8380.563	258.7523	0.8143644	1.18736	0.7158206	7.378302
1008	-8116.656	-8375.348	258.6922	0.7811	1.297334	0.7158206	7.378302
1014	-8119.704	-8378.312	258.6079	0.7743996	1.344122	0.7158206	7.406793
1020	-8140.987	-8398.779	257.7918	0.7282755	1.528631	0.6317377	7.85335
1026	-8142.366	-8400.417	258.0507	0.8282875	1.578108	0.5951268	7.670654
1032	-8127.645	-8385.64	257.9949	0.8200596	1.404032	0.7375918	7.670654
1038	-8133.415	-8392.996	259.5807	0.8611271	1.404032	0.6090271	6.889695
1044	-8139.323	-8399.712	260.3891	0.9760372	1.715402	0.6388468	6.246844
1050	-8137.157	-8396.635	259.4774	0.9667778	1.37377	0.717476	6.821941
1056	-8139.306	-8399.714	260.4077	0.9226443	1.518286	0.717476	6.283083
1062	-8130.875	-8391.762	260.8865	0.9353089	1.518286	0.71331	6.018533
1068	-8128.741	-8388.781	260.0397	0.8158956	1.641142	0.5323307	6.635704
1074	-8127.572	-8385.65	258.0776	0.7975103	1.496645	0.5323307	7.755154
1080	-8129.578	-8386.602	257.0244	0.7391355	1.556904	0.7099662	8.189937
1086	-8122.057	-8380.634	258.5775	0.8108373	1.556904	0.7099662	7.321466
1092	-8129.353	-8387.906	258.5531	0.8210933	1.533196	0.6580642	7.37506
1098	-8119.544	-8377.709	258.165	0.8248663	1.492443	0.7607238	7.525994
1104	-8137.747	-8396.502	258.7554	0.8658167	1.492443	0.6055113	7.29796
1110	-8141.3	-8399.169	257.8689	0.9557543	1.492443	0.620265	7.713409
1116	-8117.749	-8376.519	258.7703	0.9046671	1.589866	0.620265	7.220151
1122	-8122.845	-8382.172	259.3273	0.9012816	1.589866	0.7092825	6.857416
1128	-8127.897	-8386.639	258.7416	0.8346586	1.678133	0.5971879	7.258451
1134	-8133.374	-8393.617	260.2438	0.9631071	1.55406	0.5971879	6.425136
1140	-8134.191	-8392.951	258.7598	0.8392372	1.55406	0.7698252	7.169251
1146	-8130.192	-8390.292	260.0998	0.9162588	1.55406	0.7698252	6.404321
1152	-8152.102	-8412.319	260.2168	0.9065567	1.497471	0.7166063	6.404321
1158	-8129.405	-8388.036	258.6308	0.8382566	1.481784	0.6441332	7.354593
1164	-8138.947	-8397.892	258.945	0.8173484	1.372399	0.629883	7.252662
1170	-8138.186	-8396.237	258.0503	0.8848944	1.372399	0.629883	7.695855
1176	-8132.267	-8390.482	258.2146	0.795688	1.279466	0.629883	7.695855
1182	-8129.659	-8387.953	258.2938	0.7946554	1.413851	0.657915	7.575894
1188	-8129.811	-8388.418	258.6062	0.8123456	1.413851	0.657915	7.399031
1194	-8120.935	-8380.521	259.5855	0.8671782	1.645395	0.7227526	6.706383
1200	-8128.21	-8386.811	258.6016	0.7875345	1.446082	0.697133	7.373637
1206	-8138.667	-8396.708	258.0417	0.797956	1.597587	0.697133	7.609037
1212	-8131.002	-8389.425	258.4229	0.8242292	1.585643	0.7726289	7.344333
1218	-8137.285	-8396.807	259.5214	0.9112878	1.505962	0.7726289	6.736988
1224	-8132.62	-8390.316	257.6958	0.8632319	1.523095	0.878919	7.671192
1230	-8121.178	-8380.213	259.0344	0.8409828	1.523095	0.6629964	7.106207
1236	-8121.081	-8378.414	257.3329	0.7586623	1.521366	0.6498525	8.071405
1242	-8121.775	-8380.394	258.619	0.7802308	1.323055	0.7010001	7.417071
1248	-8125.974	-8384.329	258.3556	0.7723652	1.323055	0.6044164	7.633218
1254	-8122.407	-8380.459	258.0517	0.7708549	1.323055	0.7252837	7.709123
1260	-8140.439	-8396.446	256.0069	0.6743978	1.323055	0.7252837	8.848659
1266	-8120.174	-8378.52	258.3458	0.8281664	1.323055	0.7252837	7.521068
1272	-8124.046	-8382.552	258.5064	0.801205	1.555412	0.6469556	7.41035
1278	-8129.091	-8388.301	259.2101	0.8067076	1.555412	0.6469556	7.029396
1284	-8135.632	-8394.882	259.2498	0.8606042	1.519425	0.5991146	7.029396
1290	-8158.806	-8417.065	258.259	0.890186	1.657929	0.6744395	7.437062
1296	-8146.387	-8405.988	259.6002	0.890186	1.435905	0.6744395	6.801453
1302	-8143.136	-8401.207	258.0713	0.7684756	1.512695	0.6848363	7.650037
1308	-8144.99	-8403.863	258.873	0.8039815	1.326408	0.667013	7.290701
1314	-8141.748	-8400.277	258.5284	0.8882056	1.321117	0.667472	7.432348
1320	-8142.173	-8400.258	258.0856	0.7609014	1.353593	0.667472	7.723589
1326	-8143.378	-8400.837	257.459	0.8299368	1.353593	0.667472	8.021288
1332	-8140.317	-8400.21	259.8934	0.8716326	1.353593	0.4992658	6.827975
1338	-8146.708	-8406.514	259.8061	0.9936126	1.656303	0.4992658	6.689253
1344	-8136.537	-8394.644	258.107	0.7710016	1.582276	0.7251519	7.574997
1350	-8136.989	-8395.222	258.2333	0.8365759	1.391012	0.7001059	7.565268
1356	-8127.748	-8386.044	258.2957	0.7808442	1.391012	0.6594143	7.590654
1362	-8121.97	-8381.428	259.4586	0.8152479	1.368467	0.6873525	6.937131
1368	-8121.585	-8379.903	258.3174	0.8152479	1.399758	0.6336535	7.575975
1374	-8131.92	-8391.857	259.9362	0.8881557	1.470012	0.6409121	6.631799
1380	-8128.866	-8388.572	259.7053	0.9224638	1.432626	0.5988662	6.785538
1386	-8123.078	-8382.688	259.6094	0.9251753	1.635413	0.6958764	6.68455
1392	-8111.208	-8371.132	259.9236	0.8503312	1.303463	0.6433048	6.727558
1398	-8127.137	-8386.718	259.5811	0.8317333	1.648727	0.6433048	6.783547
1404	-8132.431	-8390.734	258.3032	0.7634505	1.601988	0.6433048	7.524595
1410	-8127.424	-8387.712	260.2882	0.8567613	1.568463	0.6719902	6.396464
1416	-8119.535	-8377.896	258.3613	0.7927608	1.568463	0.6719902	7.469487
1422	-8123.205	-8383.196	259.9909	0.9199132	1.280128	0.6399338	6.666497
1428	-8120.172	-8379.937	259.7649	0.907925	1.592797	0.6399338	6.666497
1434	-8141.594	-8399.635	258.0406	0.770058	1.534933	0.6399338	7.689558
1440	-8144.986	-8402.827	257.841	0.8283489	1.481041	0.7799908	7.689558
1446	-8139.361	-8398.026	258.6651	0.7971627	1.249695	0.6768673	7.43279
1452	-8127.502	-8388.811	261.3088	0.9034903	1.48654	0.6982753	5.828628
1458	-8138.748	-8399.005	260.2568	0.9182965	1.370803	0.6982753	6.44132
1464	-8147.801	-8407.145	259.3441	0.835319	1.69575	0.7075599	6.846054
1470	-8131.746	-8390.067	258.3214	0.7655622	1.755296	0.6639716	7.443255
1476	-8133.06	-8392.78	259.7198	0.8126892	1.585779	0.6527115	6.735492
1482	-8122.886	-8381.185	258.2994	0.7739567	1.39537	0.6245584	7.616376
1488	-8127.674	-8385.559	257.8847	0.7730121	1.39537	0.6675013	7.806916
1494	-8125.79	-8382.996	257.2056	0.7706526	1.872608	0.6675013	7.994801
1500	-8128.115	-8385.397	257.2821	0.8100392	1.616054	0.6675013	8.02249
1506	-8122.11	-8379.559	257.4492	0.8012635	1.491232	0.6907659	7.969099
1512	-8115.965	-8373.36	257.3954	0.7710075	1.554587	0.7201742	7.969099
1518	-8120.107	-8378.42	258.3131	0.7712611	1.569533	0.6593773	7.5155
1524	-8126.007	-8384.828	258.8212	0.773968	1.569533	0.6593773	7.241555
1530	-8120.404	-8379.048	258.6439	0.7819514	1.569533	0.7927654	7.241555
1536	-8116.482	-8374.791	258.3091	0.8244007	1.550489	0.7341655	7.444134
1542	-8119.898	-8378.344	258.446	0.8389961	1.412003	0.7229172	7.425599
1548	-8130.639	-8389.08	258.4411	0.7900949	1.512181	0.7063559	7.425599
1554	-8140.254	-8397.727	257.4732	0.757281	1.512181	0.7063559	7.960758
1560	-8138.422	-8396.006	257.5843	0.780561	1.55944	0.79271	7.81372
1566	-8134.761	-8393.933	259.1715	0.7869173	1.55944	0.6894602	7.028479
1572	-8140.016	-8399.654	259.6387	0.8624437	1.546449	0.6509157	6.76882
1578	-8124.131	-8384.49	260.3594	0.9469954	1.748515	0.7556172	6.184011
1584	-8138.892	-8398.119	259.2266	0.9277668	1.748163	0.6595017	6.875233
1590	-8136.106	-8394.36	258.2543	0.8167506	1.748163	0.6595017	7.457523
1596	-8136.607	-8395.05	258.4425	0.8167506	1.568944	0.6595017	7.421939
1602	-8183.689	-8442.353	258.6646	0.7857873	1.511286	0.5941703	7.391051
1608	-8182.649	-8440.469	257.82	0.8415861	1.482097	0.7393567	7.71988
1614	-8136.97	-8396.895	259.925	0.8830424	1.401532	0.8080431	6.55373
1620	-8143.68	-8402.548	258.868	0.9377667	1.376357	0.6559222	7.20828
1626	-8142.253	-8402.397	260.1434	0.9823583	1.376357	0.6773768	6.480644
1632	-8119.769	-8377.211	257.442	0.8102385	1.391203	0.6612673	8.02958
1638	-8118.411	-8377.151	258.7401	0.7990446	1.385641	0.6612673	7.343635
1644	-8128.501	-8387.241	258.7403	0.7863668	1.385641	0.6705335	7.343635
1650	-8122.655	-8381.507	258.8525	0.7872303	1.353575	0.6769173	7.291915
1656	-8119.756	-8377.645	257.8891	0.7872303	1.31791	0.6769173	7.823075
1662	-8128.579	-8385.297	256.7185	0.7340002	1.514664	0.6769173	8.394699
1668	-8131.534	-8388.378	256.8446	0.8239927	1.344443	0.6256515	8.386154
1674	-8134.66	-8392.292	257.6318	0.7518048	1.519574	0.7176007	7.868398
1680	-8146.851	-8406.361	259.5101	0.9230461	1.565735	0.6447291	6.802697
1686	-8125.456	-8384.424	258.9674	0.8074462	1.279055	0.6701523	7.256705
1692	-8138.557	-8395.829	257.2726	0.7770508	1.359616	0.6760934	8.140102
1698	-8143.392	-8401.874	258.4822	0.7629662	1.359616	0.6760934	7.501521
1704	-8158.032	-8415.609	257.5771	0.7703637	1.244786	0.7289294	7.994936
1710	-8131.656	-8389.865	258.2089	0.8096498	1.443888	0.6898707	7.57819
1716	-8132.408	-8390.628	258.2205	0.8160885	1.420182	0.6898707	7.57819
1722	-8126.001	-8383.242	257.241	0.8362114	1.420182	0.6898707	8.090567
1728	-8137.057	-8394.975	257.9181	0.8389973	1.540706	0.5731666	7.767471
1734	-8136.759	-8397.047	260.2872	0.9430826	1.528992	0.607167	6.414404
1740	-8134.358	-8393.401	259.0438	0.8587999	1.313117	0.6833283	7.163589
1746	-8144.031	-8403.95	259.9191	0.871789	1.582397	0.6833283	6.574795
1752	-8123.69	-8383.194	259.5041	0.8171254	1.582397	0.6258294	6.870926
1758	-8114.086	-8372.694	258.608	0.7785902	1.582397	0.6058092	7.388889
1764	-8118.306	-8377.776	259.4707	0.771311	1.317099	0.6270731	7.020616
1770	-8124.229	-8382.802	258.5727	0.7649019	1.317099	0.6961682	7.456048
1776	-8114.408	-8373.281	258.8727	0.8198419	1.393409	0.6200585	7.288734
1782	-8127.984	-8386.684	258.6998	0.8103925	1.596541	0.6200585	7.306282
1788	-8137.571	-8395.73	258.1587	0.8208017	1.640206	0.8157712	7.440086
1794	-8135.295	-8393.376	258.0815	0.8979998	1.640206	0.8157712	7.440086
1800	-8137.774	-8396.296	258.5228	0.7771778	1.496414	0.6433276	7.440086
1806	-8122.142	-8381.304	259.1618	0.884179	1.615874	0.6433276	6.993475
1812	-8140.923	-8400.376	259.4527	0.7798604	1.615874	0.6433276	6.892924
1818	-8132.63	-8391.551	258.9205	0.7750461	1.38593	0.6433276	7.272737
1824	-8120.452	-8380.297	259.8457	0.8963872	1.609972	0.6433276	6.620044
1830	-8114.839	-8374.28	259.4411	0.8828984	1.609972	0.6433276	6.845864
1836	-8132.53	-8393.271	260.7407	0.861257	1.632176	0.6433276	6.145184
1842	-8134.826	-8391.791	256.9655	0.8041567	1.632176	0.6449281	8.204779
1848	-8125.068	-8383.77	258.7014	0.7747072	1.354661	0.6449281	7.402529
1854	-8122.988	-8381.657	258.6691	0.8377332	1.516863	0.6957277	7.283307
1860	-8139.315	-8399.089	259.7735	0.8872709	1.448859	0.6135995	6.749562
1866	-8135.251	-8394.38	259.1289	0.8546952	1.621576	0.6135995	7.047445
1872	-8138.106	-8397.986	259.8791	0.8922371	1.416213	0.6614384	6.667294
1878	-8141.625	-8400.132	258.5065	0.8603318	1.58096	0.6781152	7.34627
1884	-8148.036	-8407.075	259.0385	0.7844432	1.431336	0.6781152	7.160155
1890	-8154.717	-8412.916	258.1993	0.9251268	1.768898	0.7156244	7.381997
1896	-8130.214	-8388.907	258.6926	0.8394165	1.388152	0.6228521	7.374942
1902	-8147.66	-8406.503	258.8434	0.802304	1.266047	0.7894777	7.250921
1908	-8138.194	-8396.469	258.2755	0.8656815	1.502638	0.7492946	7.448479
1914	-8141.384	-8397.991	256.6073	0.7019324	1.405147	0.7296241	8.478136
1920	-8130.714	-8388.031	257.317	0.7829731	1.41797	0.7362321	8.047599
1926	-8148.405	-8405.421	257.0163	0.7430033	1.599697	0.6144864	8.245048
1932	-8140.578	-8397.796	257.2181	0.7811998	1.361641	0.6205605	8.206793
1938	-8142.821	-8401.229	258.4087	0.8389153	1.682366	0.6205605	7.415192
1944	-8114.284	-8372.998	258.7137	0.8613882	1.644809	0.6778147	7.210876
1950	-8126.226	-8384.652	258.4261	0.8442975	1.515624	0.8018333	7.340022
1956	-8135.134	-8395.854	260.72	1.033399	1.515624	0.8018333	5.997545
1962	-8175.193	-8435.774	260.5817	1.037655	1.451086	0.9366645	6.015008
1968	-8147.979	-8408.692	260.7132	1.03455	1.547964	0.7604746	6.015008
1974	-8114.504	-8372.541	258.0375	0.8745006	1.402033	0.7719155	7.596915
1980	-8133.404	-8391.66	258.2557	0.7586735	1.402033	0.568099	7.689306
1986	-8139.16	-8395.705	256.5454	0.8366565	1.402033	0.568099	8.559017
1992	-8128.195	-8387.177	258.9815	0.8333707	1.556781	0.568099	7.198619
1998	-8130.668	-8387.998	257.3295	0.8709721	1.459389	0.6133569	8.064965
2004	-8120.214	-8378.968	258.7532	0.829469	1.453212	0.7758657	7.21384
2010	-8128.714	-8389.011	260.2971	0.8268236	1.453212	0.7264954	6.415049
2016	-8129.633	-8388.376	258.7427	0.8271727	1.456753	0.7264954	7.252029
2022	-8139.057	-8396.468	257.4115	0.9000081	1.57948	0.7073206	7.891071
2028	-8124.031	-8381.221	257.1905	0.8003857	1.431571	0.7434341	8.095457
2034	-8118.145	-8377.477	259.3325	0.897907	1.478274	0.660519	6.93458
2040	-8129.316	-8389.883	260.5671	0.9756063	1.721752	0.660519	6.131807
2046	-8138.207	-8395.632	257.4244	0.7834659	1.34988	0.660519	8.071104
2052	-8141.756	-8399.729	257.9735	0.8361305	1.311254	0.6676508	7.761401
2058	-8134.486	-8392.583	258.0969	0.8394211	1.573216	0.6547873	7.596755
2064	-8129.527	-8388.422	258.8955	0.8425841	1.386305	0.69486	7.21255
2070	-8125.663	-8384.04	258.3768	0.9195312	1.386305	0.5974106	7.521626
2076	-8136.376	-8394.164	257.7882	0.8935965	1.386305	0.5161274	7.916886
2082	-8134.99	-8393.004	258.0138	0.8011057	1.285163	0.6711776	7.767459
2088	-8135.536	-8393.339	257.8037	0.7922727	1.637877	0.591097	7.802884
2094	-8129.279	-8387.668	258.3882	0.8799428	1.559332	0.7902468	7.331721
2100	-8125.41	-8384.701	259.2912	0.8353017	1.507024	0.6176846	7.011192
2106	-8130.155	-8388.429	258.2738	0.8579054	1.507024	0.6505761	7.520726
2112	-8130.078	-8388.803	258.7253	0.8090844	1.507024	0.6786659	7.28441
2118	-8127.424	-8386.677	259.253	0.846625	1.507024	0.7650356	6.921267
2124	-8142.818	-8402.416	259.5986	0.9196599	1.87035	0.627395	6.660866
2130	-8136.658	-8397.514	260.8556	0.9003257	1.63728	0.6755199	6.035606
2136	-8136.216	-8394.9	258.6839	0.7761694	1.611665	0.742895	7.239891
2142	-8125.136	-8386.192	261.0561	0.9270966	1.601914	0.6916383	5.913277
2148	-8138.288	-8398.206	259.9172	0.9099022	1.601914	0.6576246	6.56648
2154	-8145.862	-8404.935	259.0731	0.8251266	1.601914	0.6964849	7.039801
2160	-8128.481	-8387.655	259.1744	0.8857833	1.436073	0.723371	6.998936
2166	-8136.299	-8394.871	258.5713	0.8272568	1.520817	0.6692959	7.358646
2172	-8137.931	-8395.976	258.0449	0.9193909	1.520817	0.8090725	7.497564
2178	-8153.095	-8411.529	258.4336	0.8668306	1.513154	0.7444665	7.362176
2184	-8135.067	-8394.797	259.7307	0.9156949	1.65562	0.6280019	6.666377
2190	-8141.635	-8400.092	258.4571	0.7885932	1.65562	0.6280019	7.420265
2196	-8147.156	-8406.857	259.7015	0.9238648	1.65562	0.7415138	6.59644
2202	-8129.564	-8389.287	259.7229	1.051736	1.65562	0.5950709	6.622584
2208	-8131.624	-8391.874	260.2492	0.8262845	1.440818	0.5468987	6.582398
2214	-8135.936	-8395.321	259.3848	0.822348	1.442222	0.5982769	7.008819
2220	-8129.24	-8389.586	260.3459	0.9009283	1.490639	0.6041099	6.422985
2226	-8141.643	-8399.647	258.0045	0.8362124	1.666245	0.7014959	7.580178
2232	-8137.816	-8395.055	257.2389	0.8170971	1.699642	0.7014959	7.987448
2238	-8138.61	-8396.043	257.4329	0.7642199	1.397092	0.761896	7.987448
2244	-8121.877	-8379.219	257.3412	0.8570524	1.57763	0.7573825	7.918539
2250	-8130.309	-8388.928	258.6191	0.8216151	1.57763	0.7573825	7.253462
2256	-8145.695	-8405.898	260.2033	0.8725049	1.57763	0.7573825	6.371054
2262	-8148.398	-8406.831	258.4324	0.7738668	1.57763	0.6862921	7.427787
2268	-8135.952	-8394.963	259.0102	0.8317827	1.474711	0.7986763	7.051105
2274	-8131.134	-8391.548	260.4139	0.9527949	1.474711	0.7986763	6.226582
2280	-8133.272	-8393.145	259.8729	0.9442517	1.575902	0.6891596	6.558858
2286	-8130.806	-8388.161	257.3546	0.8637216	1.258419	0.6927643	8.082495
2292	-8122.656	-8382.149	259.493	0.8750656	1.592284	0.6927643	6.792796
2298	-8118.487	-8376.181	257.6945	0.8910382	1.592284	0.6927643	7.749997
2304	-8119.545	-8378.088	258.5432	0.8411763	1.486114	0.6224521	7.414561
2310	-8123.338	-8381.837	258.4994	0.8411763	1.56063	0.6151859	7.414561
2316	-8118.214	-8376.551	258.3366	0.8790788	1.56063	0.7946083	7.35659
2322	-8129.426	-8388.686	259.2608	0.8106863	1.577112	0.6497629	6.989565
2328	-8122.224	-8379.852	257.6272	0.8003989	1.550638	0.6497629	7.880945
2334	-8134.498	-8393.65	259.1524	0.9231577	1.631903	0.6709137	6.951333
2340	-8127.023	-8387.284	260.2607	0.919612	1.430074	0.6279949	6.465194
2346	-8124.454	-8382.602	258.1482	0.8304835	1.391808	0.7462476	7.582365
2352	-8136.376	-8395.883	259.5069	0.8750788	1.431029	0.7462476	6.81206
2358	-8120.215	-8379.995	259.7801	0.9418817	1.418298	0.7853131	6.607886
2364	-8123.546	-8382.085	258.5389	0.7710463	1.418298	0.6412141	7.46773
2370	-8120.676	-8380.766	260.0899	0.8037799	1.547143	0.6424669	6.562638
2376	-8122.759	-8382.805	260.0464	0.8473365	1.547143	0.6424669	6.562638
2382	-8115.376	-8373.394	258.018	0.8473365	1.547143	0.5370497	7.736827
2388	-8113.451	-8370.89	257.4386	0.7383313	1.514469	0.6356554	8.039005
2394	-8141.132	-8399.361	258.2287	0.8397343	1.626306	0.6189821	7.532868
2400	-8122.488	-8380.334	257.8462	0.7764088	1.367605	0.6294878	7.865202
2406	-8138.239	-8395.535	257.2958	0.779191	1.279327	0.6294878	8.195292
2412	-8147.999	-8406.853	258.8537	0.7858648	1.208336	0.8086771	7.26842
2418	-8150.316	-8410.21	259.894	0.8732798	1.277788	0.8848774	6.582351
2424	-8141.232	-8399.142	257.91	0.8638797	1.339469	0.7789347	7.692625
2430	-8137.502	-8396.156	258.6548	0.8493176	1.575438	0.671077	7.279719
2436	-8137.077	-8396.211	259.135	0.8552361	1.699079	0.6659242	6.97643
2442	-8135.918	-8392.646	256.7281	0.8267357	1.699079	0.6851887	8.266089
2448	-8133.727	-8391.527	257.7999	0.7777939	1.403604	0.6851887	7.83366
2454	-8138.289	-8398.018	259.7288	0.9280456	1.502905	0.6851887	6.67683
2460	-8131.684	-8390.174	258.4895	0.9024659	1.449698	0.7458502	7.337344
2466	-8133.995	-8392.366	258.3705	0.8660487	1.449698	0.7458502	7.420717
2472	-8154.603	-8413.636	259.0333	0.8377013	1.51927	0.6693257	7.105486
2478	-8146.76	-8405.102	258.3428	0.7599061	1.51927	0.6693257	7.517835
2484	-8148.431	-8404.371	255.94	0.7662396	1.51927	0.6177096	8.832331
2490	-8152.509	-8411.041	258.5319	0.7744808	1.449698	0.6610492	7.442296
2496	-8147.317	-8406.68	259.3621	0.7979764	1.365752	0.557022	7.099104
2502	-8136.913	-8396.002	259.0892	0.7745186	1.36227	0.7707128	7.10382
2508	-8142.682	-8401.537	258.8553	0.8654678	1.385413	0.7707128	7.170881
2514	-8137.228	-8395.432	258.2036	0.8192563	1.288435	0.5977108	7.709774
2520	-8124.859	-8383.026	258.1665	0.7431616	1.294886	0.5899634	7.773485
2526	-8129.963	-8390.636	260.6724	0.824098	1.426126	0.5899634	6.324989
2532	-8129.369	-8389.962	260.593	0.9244587	1.555409	0.6639687	6.205078
2538	-8135.489	-8395.316	259.8267	0.88519	1.555409	0.570618	6.713854
2544	-8124.196	-8381.754	257.5575	0.8339917	1.64065	0.5842628	7.916432
2550	-8117.971	-8377.437	259.4657	0.8666461	1.64065	0.7259976	6.770862
2556	-8129.427	-8389.926	260.4996	0.9739198	1.257225	0.6257236	6.382949
2562	-8117.575	-8376.375	258.8005	0.9616915	1.566287	0.8696262	7.014474
2568	-8135.012	-8395.82	260.8085	0.932125	1.362691	0.7656983	6.091374
2574	-8137.275	-8397.191	259.9156	0.9738994	1.694014	0.7656983	6.423256
2580	-8137.548	-8395.642	258.0942	0.7753247	1.680232	0.5177206	7.701618
2586	-8127.173	-8385.316	258.1434	0.8128086	1.416174	0.7021487	7.614273
2592	-8121.982	-8380.903	258.9215	0.9390257	1.416174	0.7021487	7.129182
2598	-8119.474	-8378.136	258.6615	0.8348534	1.498456	0.734155	7.269683
2604	-8124.433	-8383.038	258.6051	0.9011413	1.485131	0.734155	7.269683
2610	-8135.901	-8394.315	258.4148	0.7910896	1.737114	0.5603983	7.465545
2616	-8134.079	-8391.195	257.1158	0.7910896	1.710095	0.6729079	8.083378
2622	-8134.178	-8394.113	259.935	0.9078027	1.342181	0.5834652	6.719701
2628	-8123.554	-8382.698	259.1439	0.906627	1.342181	0.7099155	7.052751
2634	-8130.393	-8389.644	259.2508	0.9232931	1.599385	0.5788801	6.9805
2640	-8132.379	-8391.279	258.8996	0.8601328	1.39707	0.5952778	7.270304
2646	-8130.658	-8388.958	258.2999	0.7901586	1.511803	0.5952778	7.583058
2652	-8124.267	-8382.679	258.4117	0.8068953	1.304414	0.6171615	7.583058
2658	-8124.972	-8383.513	258.541	0.8318415	1.577103	0.5664473	7.429439
2664	-8121.213	-8380.817	259.6042	0.8790508	1.78497	0.5664473	6.756885
2670	-8124.195	-8382.572	258.3775	0.7384936	1.38064	0.687788	7.553512
2676	-8133.25	-8391.691	258.4408	0.7658915	1.46295	0.687788	7.471216
2682	-8135.248	-8394.548	259.3003	0.9053315	1.46295	0.6886702	6.933858
2688	-8137.507	-8396.857	259.3502	0.8430536	1.573269	0.6886702	6.897247
2694	-8124.855	-8384.2	259.3449	0.8733453	1.576593	0.6886702	6.882508
2700	-8125.097	-8382.953	257.8568	0.759339	1.416526	0.702315	7.795842
2706	-8121.857	-8379.229	257.3728	0.7323888	1.68557	0.702315	7.965676
2712	-8129.011	-8387.627	258.6158	0.7532108	1.49964	0.6631282	7.387245
2718	-8129.44	-8388.91	259.4694	0.8354177	1.667416	0.5667409	6.89466
2724	-8125.11	-8383.294	258.1836	0.8390997	1.667416	0.5730105	7.578288
2730	-8116.751	-8375.137	258.3853	0.8636784	1.528307	0.5296885	7.545038
2736	-8110.121	-8369.303	259.1822	0.811789	1.528307	0.6061267	7.083144
2742	-8121.797	-8380.416	258.6189	0.8658954	1.582388	0.6391975	7.310803
2748	-8130.444	-8389.471	259.0274	0.8445808	1.437515	0.6391975	7.159739
2754	-8114.351	-8374.396	260.0456	0.8582209	1.398531	0.6387139	6.619873
2760	-8118.092	-8376.8	258.7073	0.8582209	1.778007	0.5964235	7.229518
2766	-8125.904	-8384.625	258.7213	0.8650842	1.522286	0.7928489	7.173467
2772	-8129.576	-8387.716	258.14	0.9050114	1.41444	0.6190684	7.62781
2778	-8120.388	-8378.463	258.0748	0.840168	1.496485	0.6190684	7.664422
2784	-8129.591	-8388.39	258.7992	0.8306983	1.496485	0.577275	7.313967
2790	-8135.368	-8394.004	258.6357	0.8435224	1.593607	0.6333171	7.313967
2796	-8132.858	-8391.286	258.4286	0.7854356	1.530375	0.6086864	7.499033
2802	-8121.094	-8380.42	259.3259	0.8660738	1.451061	0.6748553	6.955853
2808	-8140.19	-8399.442	259.2526	0.9291083	1.584038	0.6986816	6.892319
2814	-8124.622	-8383.791	259.1685	0.917603	1.599308	0.6986816	6.938035
2820	-8126.193	-8384.991	258.798	0.8576535	1.391325	0.7000265	7.251113
2826	-8124.59	-8383.616	259.0263	0.8576535	1.478038	0.6505722	7.128497
2832	-8132.237	-8390.351	258.1145	0.8184332	1.478038	0.6505722	7.638563
2838	-8135.487	-8394.227	258.7396	0.8748064	1.391498	0.5473091	7.389399
2844	-8118.803	-8376.965	258.1622	0.8141033	1.371224	0.6927634	7.628771
2850	-8121.451	-8379.697	258.2464	0.7800192	1.568741	0.5534576	7.628771
2856	-8128.516	-8385.945	257.4289	0.8376273	1.568741	0.5657242	8.024628
2862	-8122.514	-8378.911	256.3973	0.7530704	1.568741	0.6434928	8.558643
2868	-8131.528	-8390.162	258.6337	0.7695767	1.716976	0.7402658	7.23381
2874	-8142.05	-8400.917	258.867	0.9301709	1.611985	0.6381659	7.132665
2880	-8131.981	-8390.413	258.4324	0.7872029	1.344802	0.6195123	7.563232
2886	-8142.015	-8399.412	257.3969	0.7894534	1.344802	0.6195123	8.11505
2892	-8134.14	-8392.871	258.7312	0.7887347	1.566113	0.6381659	7.298904
2898	-8132.223	-8390.675	258.4513	0.8988101	1.490727	0.7554427	7.337026
2904	-8129.133	-8386.32	257.1872	0.7507046	1.714176	0.661862	8.073331
2910	-8124.702	-8382.751	258.0482	0.8238953	1.334431	0.7311531	7.673777
2916	-8131.635	-8389.925	258.29	0.8328623	1.463594	0.6900672	7.514233
2922	-8138.719	-8396.252	257.5331	0.7529913	1.7552	0.5899099	7.92746
2928	-8141.49	-8398.995	257.5057	0.7470813	1.724456	0.585481	7.95945
2934	-8135.722	-8391.66	255.9385	0.7024403	1.432287	0.7774245	8.790508
2940	-8132.978	-8390.88	257.9022	0.8628081	1.35507	0.7684495	7.697517
2946	-8128.43	-8386.812	258.3819	0.8915311	1.511553	0.8181395	7.329794
2952	-8127.381	-8386.346	258.965	0.8731293	1.559854	0.6483977	7.122761
2958	-8122.156	-8381.622	259.4651	0.8674612	1.626887	0.6483977	6.831141
2964	-8124.073	-8384.357	260.2837	0.9484534	1.545389	0.6483977	6.375482
2970	-8132.618	-8390.773	258.1554	0.855971	1.554024	0.6483977	7.568568
2976	-8132.408	-8391.49	259.0826	0.858442	1.34002	0.7040208	7.116674
2982	-8122.619	-8380.707	258.0881	0.7884096	1.414546	0.6958679	7.661945
2988	-8126.382	-8384.434	258.0524	0.7581128	1.414546	0.5750562	7.787516
2994	-8127.634	-8385.919	258.2846	0.7897764	1.498768	0.6319358	7.5685
3000	-8124.732	-8383.622	258.8904	0.8010695	1.498768	0.7143555	7.17828
3006	-8121.635	-8379.407	257.772	0.8172609	1.498768	0.7994522	7.71298
3012	-8136.342	-8395.736	259.3941	0.8709997	1.461444	0.5444868	7.013399
3018	-8117.034	-8375.962	258.9279	0.7447446	1.409457	0.5507693	7.347823
3024	-8117.277	-8375.494	258.2168	0.8206987	1.507636	0.5507693	7.648622
3030	-8131.354	-8390.864	259.5094	0.8206987	1.240715	0.7003755	6.953901
3036	-8131.916	-8388.922	257.0062	0.8324223	1.455803	0.7336518	8.173304
3042	-8150.738	-8408.41	257.672	0.7267442	1.455803	0.6024028	7.969076
3048	-8136.836	-8394.884	258.0481	0.7645423	1.321089	0.7618246	7.690931
3054	-8131.157	-8390.278	259.121	0.8091124	1.334196	0.7219395	7.112692
3060	-8141.632	-8401.33	259.6975	0.8640089	1.549682	0.7370869	6.673929
3066	-8130.979	-8390.533	259.5534	0.8923572	1.424922	0.7370869	6.786284
3072	-8131.428	-8391.58	260.1515	0.8079544	1.461919	0.6091954	6.58624
3078	-8139.474	-8397.057	257.5827	0.7793801	1.386836	0.6649899	7.970138
3084	-8133.019	-8390.552	257.5329	0.7793801	1.451756	0.6649899	7.970138
3090	-8125.277	-8381.937	256.6599	0.7559124	1.434457	0.6649899	8.454401
3096	-8133.155	-8389.674	256.519	0.7630452	1.434457	0.6277038	8.552774
3102	-8136.48	-8393.78	257.301	0.7578249	1.434457	0.6737508	8.105997
3108	-8123.077	-8380.38	257.3028	0.8054427	1.37055	0.6737508	8.105997
3114	-8130.254	-8386.932	256.6787	0.7874758	1.37055	0.8515214	8.331806
3120	-8127.372	-8385.134	257.7621	0.7796535	1.408706	0.6478079	7.877664
3126	-8140.284	-8398.268	257.9841	0.8055673	1.481807	0.6192323	7.737062
3132	-8137.209	-8394.875	257.6652	0.7522053	1.408175	0.6192323	7.965587
3138	-8139.684	-8396.229	256.5448	0.8936526	1.408175	0.7099946	8.421506
3144	-8130.414	-8389.733	259.3192	0.9071883	1.408175	0.7099946	6.930127
3150	-8133.73	-8392.978	259.248	0.9071883	1.457224	0.7099946	6.948388
3156	-8134.258	-8391.818	257.5604	0.8329649	1.575407	0.6132268	7.917165
3162	-8131.152	-8389.33	258.178	0.9111218	1.427816	0.7868158	7.481908
3168	-8130.063	-8390.899	260.8363	0.9369788	1.200567	0.9053249	6.059761
3174	-8126.961	-8385.844	258.883	0.8356642	1.171863	0.9053249	7.184833
3180	-8123.283	-8382.981	259.6983	0.8617192	1.589732	0.8056758	6.614428
3186	-8125.579	-8383.967	258.3878	0.8770212	1.521581	0.7069369	7.403468
3192	-8124.865	-8383.626	258.7613	0.8077485	1.550607	0.7564997	7.195398
3198	-8135.832	-8392.521	256.6885	0.8453512	1.550607	0.7254392	8.304066
3204	-8141.503	-8397.447	255.9446	0.7197477	1.382902	0.7114777	8.841763
3210	-8142.054	-8401.109	259.0554	0.806905	1.424944	0.6334796	7.174329
3216	-8136.595	-8394.601	258.0055	0.8435515	1.450616	0.7744172	7.609149
3222	-8136.97	-8395.613	258.6435	0.8830863	1.448666	0.7744172	7.246749
3228	-8123.478	-8381.506	258.0288	0.8015638	1.546659	0.6995229	7.631625
3234	-8133.358	-8390.079	256.721	0.7389504	1.618928	0.6201501	8.392886
3240	-8135.732	-8393.072	257.3392	0.8231824	1.486098	0.6460919	8.050158
3246	-8135.438	-8394.441	259.0027	0.8117099	1.640773	0.7093806	7.061449
3252	-8118.63	-8377.413	258.783	0.8351117	1.523639	0.6869292	7.227092
3258	-8131.629	-8390.067	258.438	0.761121	1.523639	0.706631	7.43809
3264	-8155.054	-8411.969	256.9148	0.7710409	1.422927	0.7049498	8.2874
3270	-8132.339	-8390.068	257.7289	0.7710412	1.593133	0.632647	7.838909
3276	-8142.268	-8400.681	258.4122	0.8926505	1.412065	0.6786976	7.445727
3282	-8134.514	-8393.786	259.2719	0.8960618	1.484918	0.6004349	7.010988
3288	-8130.686	-8388.833	258.1468	0.8703491	1.484918	0.6602112	7.583703
3294	-8141.317	-8397.665	256.3472	0.7553786	1.51771	0.6500829	8.598683
3300	-8120.792	-8378.192	257.3998	0.8164797	1.545884	0.6675273	7.982626
3306	-8127.384	-8386.355	258.971	0.8107272	1.482404	0.6601675	7.174663
3312	-8136.021	-8393.251	257.2299	0.826024	1.390543	0.6601675	8.135286
3318	-8136.673	-8393.401	256.7274	0.742379	1.390543	0.6601675	8.44713
3324	-8123.738	-8381.893	258.1557	0.8022112	1.575571	0.6007327	7.624997
3330	-8126.587	-8384.642	258.0545	0.7755501	1.575571	0.7026345	7.618659
3336	-8132.295	-8389.709	257.4134	0.629094	1.575571	0.6028477	8.112157
3342	-8122.239	-8381.114	258.8755	0.8174679	1.462831	0.6074856	7.269746
3348	-8127.623	-8387.46	259.8367	0.8210087	1.484819	0.6074856	6.741495
3360	-8134.372	-8393.191	258.8184	0.8605659	1.472459	0.6472019	7.243352
3510	-8146.491	-8404.737	258.2461	0.7660283	1.39296	0.7077987	7.59
3516	-8146.608	-8404.455	257.8467	0.8608867	1.582502	0.7077987	7.677981
3624	-8138.234	-8397.284	259.0503	0.8546425	1.379134	0.5848533	7.208093
3630	-8142.448	-8401.061	258.6131	0.8726782	1.379134	0.6369359	7.392927
3636	-8131.229	-8390.727	259.4986	0.8471347	1.589429	0.7353443	6.77647
3642	-8122.349	-8380.988	258.6391	0.8667286	1.27884	0.599241	7.454314
3648	-8142.83	-8402.444	259.6139	0.8896227	1.476958	0.6643298	6.78506
3672	-8157.342	-8415.856	258.5146	0.8676804	1.376383	0.6867358	7.413404
3678	-8154.93	-8414.595	259.6642	0.8821741	1.560768	0.6716744	6.723672
3684	-8142.211	-8400.406	258.1945	0.8648777	1.497409	0.6716744	7.547873
3690	-8153.218	-8412.213	258.9947	0.8540789	1.237046	0.785737	7.15734
3696	-8148.267	-8406.38	258.113	0.7645496	1.243179	0.8293029	7.647965
3702	-8145.613	-8403.599	257.9857	0.7649689	1.39984	0.8293029	7.647965
3708	-8155.022	-8413.073	258.0507	0.7598294	1.590027	0.8293029	7.540878
3714	-8153.977	-8415.582	261.6051	0.911785	1.327427	0.6849103	5.738724
3720	-8139.347	-8399.729	260.382	0.8735026	1.491223	0.6849103	6.357485
3726	-8120.929	-8379.026	258.0972	0.8735026	1.631736	0.6849103	7.534804
3732	-8132.719	-8391.385	258.6669	0.915378	1.472697	0.7846487	7.200549
3738	-8123.072	-8381.774	258.7021	0.8975905	1.472697	0.7846487	7.191179
3750	-8136.648	-8394.844	258.1963	0.8151698	1.405965	0.8231786	7.509557
3756	-8147.006	-8404.289	257.2838	0.7383521	1.200593	0.6105079	8.273375
3774	-8121.569	-8381.419	259.8504	0.8909437	1.39855	0.7951455	6.599316
3780	-8128.992	-8387.885	258.8929	0.8453643	1.39855	0.6023395	7.275708
3786	-8116.018	-8373.957	257.9385	0.8648712	1.39855	0.78505	7.648043
3792	-8115.192	-8374.35	259.1581	0.8431679	1.39855	0.5292148	7.194038
3798	-8116.456	-8375.413	258.9571	0.8371276	1.412691	0.5246752	7.303239
3804	-8116.782	-8376.07	259.2879	0.9032811	1.412691	0.5943185	7.032659
3810	-8114.568	-8373.89	259.3221	0.8415638	1.391664	0.7331089	6.954919
3816	-8116.002	-8374.674	258.6721	0.861335	1.300558	0.6097908	7.421708
3822	-8111.845	-8369.575	257.7299	0.748235	1.304285	0.7693488	7.872081
3828	-8118.229	-8377.471	259.2422	0.829735	1.301487	0.7693488	7.018973
3834	-8125.954	-8385.267	259.3136	0.8603174	1.391226	0.6143113	7.035323
3840	-8132.513	-8392.124	259.6101	0.893174	1.391226	0.7613687	6.753027
3846	-8127.129	-8385.366	258.2376	0.893174	1.391226	0.6286597	7.584274
3852	-8130.085	-8389.979	259.8937	0.9346386	1.533447	0.7447372	6.530762
3858	-8127.924	-8387.786	259.8619	0.966428	1.533447	0.7447372	6.530762
3864	-8128.9	-8387.524	258.6248	0.8043862	1.533447	0.7404129	7.287891
3870	-8142.617	-8400.692	258.0746	0.744073	1.572272	0.6547021	7.660101
3876	-8139.698	-8397.664	257.9656	0.7646134	1.701182	0.6547021	7.660101
3882	-8141.402	-8398.16	256.7581	0.716478	1.494465	0.6700574	8.395701
3888	-8126.548	-8384.861	258.3127	0.8109392	1.338473	0.736942	7.533512
3894	-8134.913	-8392.991	258.0787	0.8431645	1.640755	0.7060262	7.542837
3900	-8124.995	-8382.882	257.8872	0.8068063	1.549387	0.6302927	7.753548
3906	-8135.298	-8393.765	258.4669	0.7659329	1.414906	0.6302927	7.51862
3912	-8130.769	-8389.54	258.7711	0.8390468	1.414906	0.6032866	7.336984
3918	-8153.01	-8411.89	258.8792	0.7620437	1.650558	0.6352114	7.204431
3924	-8137.796	-8396.138	258.3424	0.8668186	1.767645	0.7541698	7.310977
3930	-8142.781	-8401.897	259.1156	0.8982925	1.421832	0.6076464	7.113863
3954	-8144.322	-8404.665	260.3437	0.9129777	1.438236	0.7284248	6.347842
3960	-8142.094	-8401.731	259.637	0.8821333	1.394425	0.7583791	6.745123
3966	-8155.688	-8415.724	260.0354	0.8313714	1.291489	0.5635783	6.745123
3990	-8130.785	-8388.947	258.1625	0.7778735	1.424496	0.6588308	7.650096
3996	-8124.358	-8382.828	258.4703	0.8375542	1.405257	0.6588308	7.461252
4062	-8138.082	-8394.819	256.7367	0.7783479	1.386328	0.6348457	8.443355
4068	-8152.183	-8411.287	259.1039	0.9296343	1.386328	0.8325657	6.962957
4074	-8130.59	-8388.384	257.7949	0.8255582	1.629797	0.7426515	7.683322
4080	-8130.969	-8390.797	259.828	0.826193	1.629797	0.6976347	6.620698
4086	-8134.002	-8393.197	259.1941	0.8155193	1.592089	0.6976347	6.982724
4092	-8125.419	-8384.598	259.1789	0.8365464	1.599292	0.6892798	6.982724
4098	-8124.747	-8384.337	259.5904	0.8103904	1.442836	0.6892798	6.836327
4104	-8130.722	-8390.188	259.4667	0.870785	1.464945	0.7254438	6.836327
4110	-8128.757	-8388.207	259.4503	0.857738	1.44918	0.7254438	6.858605
4116	-8124.025	-8383.911	259.8859	0.8394319	1.4434	0.7264495	6.634888
4122	-8122.425	-8381.684	259.259	0.8020757	1.368216	0.7755978	6.991857
4128	-8120.277	-8377.292	257.0149	0.671051	1.355881	0.6869474	8.327639
4134	-8123.679	-8379.994	256.315	0.7639435	1.355881	0.6869474	8.650144
4140	-8132.054	-8391.221	259.1673	0.9399066	1.355881	0.5138333	7.168333
4146	-8137.348	-8396.385	259.0362	0.8535042	1.659103	0.6972096	7.022696
4152	-8131.174	-8389.221	258.0475	0.8204832	1.458552	0.6972096	7.647691
4158	-8136.57	-8394.648	258.0783	0.7957655	1.458552	0.6566864	7.673353
4164	-8125.38	-8384.942	259.5614	0.8468571	1.625249	0.6967281	6.755931
4200	-8134.702	-8393.326	258.6242	0.8697751	1.471298	0.6618959	7.332352
4206	-8133.258	-8392.116	258.8583	0.9609768	1.58347	0.6618959	7.113975
4212	-8140.562	-8399.815	259.2523	0.7641133	1.736543	0.6618959	6.951887
4218	-8117.116	-8375.338	258.2216	0.7430165	1.701857	0.6618959	7.529135
4242	-8139.778	-8399.274	259.4964	0.8952081	1.481296	0.6966397	6.820548
4248	-8124.282	-8382.167	257.8851	0.8543071	1.429287	0.6231483	7.782042
4254	-8122.599	-8382.812	260.2132	0.9053173	1.434594	0.7755361	6.392691
4320	-8150.898	-8408.704	257.8067	0.8037827	1.461029	0.6766697	7.79887
4326	-8151.343	-8408.832	257.4888	0.8037827	1.532227	0.6705914	7.94499
4332	-8158.177	-8414.354	256.1772	0.7297808	1.532227	0.7682385	8.61598
4338	-8146.484	-8404.775	258.2912	0.7773342	1.286937	0.7682385	7.564753
4362	-8140.294	-8397.265	256.9711	0.8552066	1.767729	0.7060659	8.082944
4368	-8125.869	-8385.926	260.0566	0.8960575	1.767729	0.6585793	6.437447
4374	-8130.655	-8389.027	258.3711	0.8782677	1.675592	0.6151289	7.42084
4392	-8130.556	-8390.271	259.7153	0.9259857	1.894532	0.5945108	6.611802
4398	-8133.462	-8393.852	260.3892	0.9247625	1.51028	0.6969559	6.309556
4404	-8126.509	-8385.187	258.6773	0.8806338	1.698003	0.6324619	7.234042
4410	-8132.023	-8391.459	259.4365	0.8253693	1.764733	0.6164961	6.843704
4416	-8136.41	-8395.825	259.4145	0.8253693	1.503865	0.6164961	6.952312
4422	-8132.215	-8391.625	259.4103	0.9068241	1.666547	0.6483564	6.824876
4428	-8136.405	-8395.954	259.5494	0.9417956	1.55563	0.6483564	6.772538
4434	-8123.661	-8382.003	258.3415	0.8501404	1.55563	0.7466102	7.402639
4440	-8126.347	-8385.443	259.096	0.8787792	1.55563	0.7313181	6.992106
4446	-8137.046	-8396.372	259.326	0.9458135	1.423628	0.7313181	6.884591
4452	-8125.025	-8383.325	258.2999	0.8197145	1.423628	0.5698006	7.622737
4458	-8124.329	-8384.401	260.0719	0.8854117	1.536197	0.6271372	6.544068
4464	-8122.679	-8380.484	257.8051	0.8058612	1.829873	0.6271372	7.699789
4470	-8131.993	-8389.609	257.6153	0.8236195	1.829873	0.6271372	7.791741
4476	-8137.631	-8396.378	258.7463	0.8526638	1.604945	0.6271372	7.250103
4482	-8155.183	-8410.579	255.3965	0.7697412	1.604945	0.7160546	9.015795
4488	-8135.915	-8392.809	256.8943	0.7492197	1.456056	0.7081817	8.294328
4494	-8142.44	-8400.267	257.8272	0.8753796	1.521272	0.6401267	7.752473
4620	-8145.675	-8402.718	257.0433	0.8128878	1.512972	0.5992026	8.238148
4626	-8131.178	-8390.069	258.8916	0.8617873	1.512972	0.6641449	7.174931
4632	-8135.777	-8395.151	259.3744	0.8428105	1.59602	0.6678056	6.890653
4638	-8144.856	-8403.79	258.9344	0.8720063	1.529943	0.7349828	7.090173
4644	-8119.286	-8378.183	258.8971	0.8272781	1.547175	0.7232183	7.135627
4650	-8115.828	-8374.598	258.7697	0.8299326	1.647763	0.7490847	7.147383
4656	-8138.97	-8397.564	258.5941	0.839092	1.319725	0.816902	7.32391
4662	-8131.91	-8390.209	258.2986	0.8730383	1.546841	0.7408038	7.420621
4668	-8118.57	-8378.656	260.086	0.8892449	1.546841	0.6217718	6.534303
4752	-8151.419	-8410.271	258.8521	0.9210691	1.711626	0.7206169	7.050189
4758	-8150.48	-8408.887	258.4077	0.8262099	1.711626	0.7206169	7.339977
4782	-8150.231	-8406.754	256.5233	0.7933922	1.40624	0.706698	8.489298
4788	-8150.16	-8408.65	258.4899	0.8522299	1.542547	0.706698	7.354042
4794	-8155.933	-8413.301	257.3685	0.697668	1.542547	0.706698	8.03638
4854	-8147.495	-8406.969	259.4748	0.8868199	1.388095	0.6709567	6.893272
4860	-8137.967	-8396.504	258.537	0.8650834	1.491936	0.6078555	7.413955
4866	-8127.023	-8386.864	259.8408	0.8617936	1.488377	0.6078555	6.715513
4890	-8134.305	-8393.024	258.7186	0.8564153	1.497197	0.7444447	7.221056
4896	-8136.931	-8396.283	259.352	1.006984	1.326169	0.5624574	7.004612
4932	-8133.433	-8391.614	258.1809	0.8460999	1.626548	0.7839783	7.439821
4938	-8147.74	-8405.575	257.8351	0.8327117	1.626548	0.5636859	7.790514
4944	-8132.531	-8391.215	258.6839	0.8345671	1.806154	0.7271766	7.149704
4950	-8136.729	-8395.502	258.7737	0.8682018	1.598506	0.5989704	7.25113
4956	-8133.339	-8392.287	258.9477	0.7822366	1.673892	0.6650067	7.126275
4962	-8128.588	-8387.159	258.5708	0.8466666	1.542538	0.7093266	7.311796
4968	-8141.509	-8400.977	259.4682	0.878787	1.542538	0.6670324	6.841693
4974	-8133.903	-8394.414	260.5109	0.9427077	1.424291	0.6670324	6.290184
4980	-8138.964	-8397.892	258.9276	0.8639981	1.479203	0.6670324	7.165622
4986	-8137.838	-8396.668	258.8301	0.8503917	1.482185	0.6670324	7.224169
4992	-8127.448	-8385.276	257.828	0.8397871	1.540866	0.8537013	7.621136
4998	-8130.139	-8388.69	258.5513	0.8225137	1.540866	0.8537013	7.242673
5004	-8131.614	-8390.099	258.4849	0.7598226	1.41465	0.6829094	7.473896
5010	-8124.823	-8383.953	259.1297	0.7879931	1.417349	0.6829094	7.111554
5016	-8124.761	-8381.419	256.6579	0.8303145	1.44625	0.7757478	8.336022
5022	-8119.593	-8377.319	257.7253	0.8511614	1.44625	0.5508291	7.919257
5028	-8132.414	-8391.99	259.5758	0.8779606	1.648344	0.5738493	6.815543
5034	-8136.849	-8396.885	260.036	0.8736811	1.522915	0.714665	6.511397
5040	-8123.661	-8382.119	258.4578	0.808611	1.522915	0.714665	7.396785
5046	-8129.789	-8387.636	257.8466	0.8241267	1.448238	0.7214273	7.740648
5052	-8138.833	-8398.037	259.2043	0.8614512	1.599077	0.7214273	6.933311
5058	-8132.617	-8390.463	257.8468	0.8422626	1.599077	0.7214273	7.672308
5064	-8135.987	-8393.783	257.7961	0.8477992	1.704607	0.534477	7.799216
5070	-8139.947	-8398.271	258.3237	0.7920787	1.733205	0.6515996	7.444546
5076	-8132.201	-8392.151	259.9501	0.844302	1.531198	0.6785341	6.596074
5082	-8125.99	-8385.529	259.5389	0.8778026	1.531198	0.5633225	6.888487
5088	-8136.346	-8395.505	259.1594	0.8752747	1.531198	0.5633225	7.094197
5094	-8135.706	-8394.842	259.1361	0.8109163	1.574778	0.6612436	7.049005
5100	-8134.853	-8393.318	258.4646	0.837237	1.980742	0.6932739	7.232097
5106	-8121.874	-8379.249	257.3746	0.7572133	1.980742	0.7407307	7.826236
5112	-8135.858	-8394.374	258.5159	0.8040237	1.580621	0.5831704	7.443034
5118	-8141.615	-8401.087	259.4717	0.7929449	1.580621	0.5685908	6.947123
5124	-8126.586	-8384.61	258.0235	0.785772	1.481706	0.5685908	7.766275
5130	-8134.465	-8392.507	258.0422	0.7943795	1.344581	0.6220325	7.766275
5136	-8125.352	-8383.259	257.9076	0.8812726	1.344581	0.7032017	7.732997
5142	-8129.241	-8388.899	259.6586	0.8471795	1.345938	0.8306214	6.726634
5148	-8126.027	-8383.564	257.5376	0.7567875	1.345938	0.6676862	8.021466
5154	-8126.093	-8383.517	257.4244	0.7567875	1.345938	0.6676862	8.081845
5160	-8124.239	-8382.172	257.9329	0.7743081	1.283066	0.6676862	7.828478
5166	-8132.607	-8392.81	260.203	0.8742084	1.283066	0.6676862	6.55464
5172	-8150.002	-8408.476	258.4736	0.8742084	1.354364	0.6676862	7.454781
5178	-8142.045	-8401.056	259.0117	0.8100621	1.575566	0.6742154	7.106722
5184	-8140.532	-8400.651	260.1194	0.8584959	1.385735	0.6899989	6.547701
5190	-8126.785	-8385.816	259.0315	0.8427373	1.244609	0.6556004	7.229445
5196	-8122.898	-8382.338	259.4398	0.8162317	1.497956	0.6556004	6.91655
5202	-8124.812	-8383.272	258.4597	0.8056583	1.755628	0.6556004	7.353555
5208	-8131.507	-8390.011	258.5034	0.761956	1.755628	0.6556004	7.353555
5214	-8141.321	-8400.43	259.1088	0.82011	1.802182	0.7452953	6.917934
5220	-8122.489	-8381.84	259.3505	0.9558764	1.426913	0.647861	6.923835
5226	-8134.618	-8393.029	258.4113	0.8873287	1.68164	0.6717126	7.350272
5232	-8131.137	-8389.285	258.1485	0.7726404	1.6276	0.7522456	7.516826
5238	-8117.157	-8375.261	258.1046	0.777204	1.562803	0.6451183	7.636982
5244	-8133.376	-8392.192	258.8156	0.7297429	1.48617	0.6451183	7.311174
5250	-8122.09	-8381.306	259.2156	0.7926872	1.350915	0.6451183	7.118214
5256	-8118.61	-8376.2	257.5895	0.7394339	1.662827	0.6432948	7.896661
5262	-8142.5	-8401.527	259.0265	0.9404385	1.454478	0.6432948	7.098704
5268	-8143.905	-8402.735	258.8301	0.993762	1.440959	0.6024595	7.21218
5274	-8126.506	-8385.726	259.2198	0.917885	1.618845	0.6496903	6.938235
5280	-8142.174	-8401.022	258.8479	0.8266306	1.447244	0.5913931	7.298516
5286	-8144.087	-8402.492	258.4046	0.822203	1.647099	0.561273	7.485858
5292	-8148.243	-8406.133	257.89	0.7802943	1.647099	0.6314491	7.728813
5298	-8139.625	-8398.485	258.8596	0.7910781	1.571718	0.6314491	7.231588
5340	-8135.69	-8394.204	258.5147	0.8361353	1.650026	0.7550531	7.276268
5346	-8126.36	-8385.641	259.2814	0.8482089	1.650026	0.6081776	6.96251
5352	-8135.972	-8395.434	259.4624	0.9228788	1.650026	0.6081776	6.824642
5358	-8131.965	-8389.957	257.992	0.7531088	1.650026	0.6243378	7.693091
5364	-8136.578	-8394.112	257.5337	0.8124428	1.598892	0.7738746	7.82091
5370	-8123.208	-8382.262	259.0544	0.8189549	1.601661	0.7684322	7.004479
5376	-8135.732	-8394.908	259.1759	0.8548471	1.403079	0.6955844	7.047626
5382	-8134.333	-8393.851	259.5184	0.8922864	1.471864	0.6119748	6.876462
5388	-8122.29	-8380.835	258.545	0.7937329	1.425385	0.6344716	7.454418
5394	-8111.297	-8369.157	257.8603	0.798716	1.349641	0.6259293	7.856043
5400	-8129.844	-8386.246	256.4024	0.8374899	1.184372	0.7639019	8.588921
5406	-8129.355	-8387.318	257.9635	0.7399786	1.447136	0.7639019	7.69525
5412	-8134.478	-8393.479	259.0017	0.8758466	1.302655	0.7551344	7.132405
5418	-8131.409	-8390.251	258.842	0.8933416	1.372907	0.6003335	7.289594
5424	-8132.459	-8389.844	257.3848	0.7520955	1.481253	0.6741523	8.045327
5430	-8127.67	-8387.338	259.6677	0.9376542	1.481253	0.6741523	6.721204
5436	-8120.243	-8379.245	259.0022	0.8656937	1.529737	0.575534	7.174567
5442	-8128.537	-8387.264	258.7271	0.876676	1.496506	0.7763378	7.184862
5448	-8123.108	-8381.351	258.2436	0.844814	1.287082	0.6927325	7.605061
5454	-8128.495	-8386.532	258.037	0.7432617	1.451242	0.6540787	7.728375
5460	-8132.147	-8390.79	258.6432	0.7935351	1.51155	0.610307	7.38574
5466	-8126.559	-8384.512	257.953	0.8676811	1.51155	0.7584701	7.610565
5472	-8139.434	-8399.845	260.4115	0.9393862	1.51155	0.7584701	6.246729
5478	-8140.818	-8401.049	260.2303	1.072694	1.323567	0.7584701	6.351119
5484	-8137.916	-8397.745	259.8292	0.8902985	1.521261	0.5639586	6.728467
5490	-8129.783	-8387.534	257.7511	0.8021802	1.443717	0.580777	7.908413
5496	-8132.726	-8390.556	257.8295	0.8998356	1.807272	0.7395138	7.564356
5502	-8137.388	-8396.716	259.3272	0.909294	1.589387	0.6001664	6.933769
5508	-8135.429	-8393.467	258.0375	0.8170717	1.3967	0.7411769	7.650129
5514	-8147.418	-8405.43	258.0119	0.8530624	1.3967	0.7328546	7.650129
5520	-8140.97	-8400.324	259.3538	0.8822414	1.635482	0.6621571	6.869875
5526	-8130.247	-8389.084	258.837	0.8442997	1.422631	0.6981398	7.225666
5532	-8129.66	-8388.458	258.7982	0.9090665	1.744116	0.7031466	7.086235
5538	-8119.224	-8378.721	259.4974	0.8515824	1.566229	0.7031466	6.805716
5544	-8120.542	-8379.673	259.131	0.8515824	1.566229	0.796278	6.941122
5550	-8124.236	-8383.833	259.597	0.9708136	1.676055	0.796278	6.584125
5556	-8139.774	-8400.034	260.2605	0.9708136	1.676055	0.7257072	6.271234
5562	-8132.311	-8392.061	259.7505	0.85982	1.538098	0.6493582	6.714244
5568	-8132.382	-8390.755	258.3732	0.7537886	1.665001	0.548144	7.543608
5574	-8137.587	-8396	258.4123	0.8945165	1.631865	0.580452	7.433125
5580	-8124.601	-8380.657	256.0562	0.6844575	1.444957	0.6260149	8.83705
5586	-8130.513	-8388.601	258.0873	0.7579473	1.558201	0.7144949	7.608935
5592	-8129.908	-8387.898	257.99	0.8141251	1.459788	0.7117257	7.671324
5598	-8129.642	-8387.605	257.9635	0.8394703	1.459788	0.7117257	7.671927
5604	-8121.118	-8380.354	259.2355	0.8357889	1.457594	0.6010477	7.073501
5610	-8117.627	-8377.047	259.4194	0.9619994	1.526167	0.6010477	6.879235
5616	-8122.228	-8381.914	259.6868	0.9491096	1.539666	0.6351625	6.710415
5622	-8140.434	-8397.565	257.1308	0.9071328	1.495777	0.6532449	8.107452
5628	-8133.221	-8392.004	258.7831	0.9044484	1.449276	0.7014712	7.209114
5634	-8136.285	-8394.378	258.0928	0.8340692	1.449276	0.7014712	7.616942
5640	-8132.345	-8391.879	259.5336	0.8666335	1.365728	0.5479804	6.97736
5646	-8137.765	-8396.127	258.3619	0.776499	1.365728	0.6077335	7.606806
5652	-8126.912	-8385.573	258.6605	0.8128117	1.365728	0.7383722	7.333469
5658	-8134.668	-8393.272	258.6042	0.8345487	1.365728	0.7663535	7.333469
5664	-8137.249	-8395.664	258.4153	0.82966	1.595312	0.6433129	7.431533
5670	-8122.63	-8382.807	260.1771	0.8740899	1.372978	0.8020015	6.437908
5676	-8126.622	-8386.836	260.2137	0.8755392	1.488954	0.6999076	6.437908
5682	-8122.051	-8380.922	258.8711	0.8873215	1.529516	0.622943	7.196389
5688	-8131.855	-8390.831	258.976	0.8639607	1.448357	0.7780302	7.076084
5694	-8133.825	-8393.027	259.2024	0.8630819	1.71298	0.7780302	6.853938
5700	-8139.46	-8399.55	260.0894	0.8217893	1.900354	0.5890331	6.468107
5706	-8143	-8402.925	259.9244	0.9906168	1.910189	0.5823571	6.468107
5712	-8125.481	-8383.864	258.3828	0.8279003	1.668762	0.6781171	7.397491
5718	-8137.343	-8396.201	258.8587	0.7540813	1.608263	0.6781171	7.203957
5724	-8131.545	-8391.585	260.0404	0.8799835	1.405794	0.6458202	6.602585
5730	-8124.779	-8384.503	259.7234	0.8726828	1.318499	0.6593224	6.805094
5736	-8138.253	-8398.341	260.0883	0.8534547	1.378949	0.6531891	6.596822
5742	-8122.633	-8381.473	258.8404	0.8114116	1.572408	0.6531891	7.214577
5748	-8138.268	-8397.347	259.0793	0.8656147	1.572408	0.6347254	7.07068
5754	-8145.698	-8403.254	257.5569	0.8799855	1.388086	0.627811	7.95703
5760	-8141.543	-8400.537	258.9933	0.8830131	1.454857	0.6347254	7.153681
5766	-8137.125	-8395.387	258.2614	0.8299493	1.454857	0.6503729	7.563199
5772	-8122.422	-8381.245	258.823	0.9042765	1.539882	0.6503729	7.188557
5778	-8128.452	-8386.684	258.2319	0.8143175	1.539882	0.6169894	7.578839
5784	-8130.63	-8389.53	258.8991	0.7706084	1.401901	0.690862	7.245562
5790	-8118.701	-8377.905	259.2044	0.8550669	1.647795	0.5658627	7.034731
5796	-8122.606	-8381.012	258.4068	0.9105232	1.647795	0.5658627	7.433353
5802	-8126.572	-8385.132	258.5604	0.8060152	1.355669	0.5049563	7.573591
5808	-8123.762	-8382.386	258.6241	0.8141957	1.473253	0.5226854	7.471258
5814	-8119.401	-8377.311	257.9095	0.8270629	1.45516	0.5427546	7.8369
5820	-8149.226	-8406.955	257.7293	0.7764893	1.486345	0.6980208	7.829665
5826	-8140.239	-8400.632	260.3937	0.8617848	1.486345	0.7569051	6.309647
5832	-8124.845	-8385.292	260.4468	0.8675907	1.436216	0.5655264	6.43944
5838	-8122.891	-8382.174	259.2835	0.8440778	1.319295	0.6099405	7.094353
5844	-8127.544	-8386.768	259.2246	0.9113062	1.546448	0.6099405	6.996737
5850	-8132.826	-8391.236	258.4105	0.8489592	1.376118	0.6838898	7.48133
5856	-8137.657	-8396.916	259.2592	0.8206665	1.444237	0.7490667	6.967626
5862	-8141.488	-8401.978	260.4894	0.8676096	1.729245	0.6265105	6.255694
5868	-8125.93	-8385.586	259.6555	0.8132364	1.744632	0.6265105	6.731441
5874	-8143.547	-8401.441	257.8935	0.8284017	1.621746	0.6265105	7.714279
5880	-8132.394	-8391.697	259.3021	0.7807438	1.34174	0.7449006	7.01175
5886	-8131.216	-8388.095	256.8792	0.7173385	1.237373	0.7272421	8.399309
5892	-8143.76	-8402.403	258.6424	0.9013141	1.341055	0.6891039	7.340132
5898	-8135.911	-8394.443	258.5327	0.7967631	1.610774	0.686991	7.34878
5904	-8147.247	-8405.052	257.8048	0.7745998	1.480681	0.686991	7.800345
5910	-8130.4	-8388.447	258.0472	0.8589791	1.640723	0.7622732	7.51339
5916	-8124.059	-8382.804	258.7453	0.8583147	1.592674	0.6835502	7.210826
5922	-8129.807	-8390.34	260.533	1.046885	1.524876	0.6835502	6.168807
5928	-8127.278	-8385.644	258.3667	0.7865696	1.532268	0.6071011	7.532056
5934	-8121.567	-8379.8	258.2327	0.7325037	1.532268	0.5603298	7.669826
5940	-8129.399	-8388.96	259.5607	0.8736762	1.532268	0.6606413	6.803211
5946	-8129.449	-8388.743	259.2934	0.8985608	1.288996	0.7151009	6.996323
5952	-8137.202	-8395.225	258.0233	0.8282054	1.598067	0.7376918	7.574771
5958	-8135.722	-8392.675	256.953	0.7432122	1.598067	0.7363065	8.192475
5964	-8135.906	-8394.301	258.3955	0.837183	1.510875	0.5419379	7.550202
5970	-8123.303	-8383.143	259.8399	0.8680094	1.450449	0.5419379	6.781317
5976	-8129.541	-8388.155	258.6137	0.8711723	1.638611	0.5748945	7.339588
5982	-8130.855	-8391.057	260.2021	0.9163778	1.621035	0.5418758	6.492797
5988	-8127.404	-8386.951	259.547	0.9164213	1.535023	0.5418758	6.879621
5994	-8127.461	-8387.016	259.5542	0.9164213	1.535023	0.7415738	6.725729
6000	-8127.873	-8387.634	259.7608	0.9172527	1.413146	0.627382	6.744365
6006	-8114.304	-8373.308	259.0035	0.8807736	1.393885	0.6629077	7.153652
6012	-8121.882	-8379.325	257.4435	0.8420631	1.639358	0.7152247	7.877278
6018	-8116.672	-8375.964	259.292	0.8725069	1.555395	0.7152247	6.901001
6024	-8129.015	-8388.155	259.1398	0.9175346	1.566896	0.6757181	6.98217
6030	-8120.514	-8380.417	259.9033	0.8659369	1.618369	0.6507828	6.596657
6036	-8132.185	-8392.283	260.0989	0.883377	1.303913	0.6553748	6.605799
6042	-8120.122	-8379.376	259.2538	0.8051051	1.335323	0.7298718	7.037509
6048	-8123.07	-8382.389	259.3186	0.8648156	1.335323	0.7426213	6.961852
6054	-8122.958	-8382.149	259.1915	0.833875	1.218984	0.7387295	7.101592
6060	-8114.184	-8373.178	258.9939	0.860294	1.430585	0.7387295	7.101592
6066	-8133.116	-8391.587	258.4711	0.8780579	1.425169	0.8059042	7.331399
6072	-8145.903	-8404.358	258.4551	0.8476009	1.522315	0.612944	7.451395
6078	-8141.496	-8400.575	259.0786	0.9301987	1.576399	0.6216796	7.044691
6084	-8157.249	-8416.991	259.7426	0.869902	1.735097	0.7481492	6.570229
6090	-8142.294	-8402.824	260.5304	0.9679336	1.735097	0.6212819	6.180773
6096	-8132.343	-8391.817	259.4733	0.956805	1.483412	0.7129094	6.787538
6102	-8131.701	-8390.034	258.333	0.8866977	1.414703	0.6176549	7.535299
6108	-8125.856	-8386.077	260.2202	0.8697396	1.568404	0.6322364	6.455871
6114	-8131.75	-8391.777	260.0272	0.934687	1.728253	0.6458498	6.455871
6120	-8129.794	-8388.102	258.3086	0.8575983	1.468773	0.6458498	7.520853
6126	-8127.667	-8387.04	259.3731	0.8474747	1.49057	0.6458498	6.945812
6132	-8135.66	-8395.423	259.7621	0.8474747	1.409799	0.6331074	6.778412
6138	-8127.232	-8386.775	259.5426	0.8847447	1.682386	0.6331074	6.771059
6144	-8141.492	-8401.008	259.5159	0.9255445	1.355217	0.6775056	6.859441
6150	-8135.911	-8395.995	260.0843	0.922051	1.50485	0.5935759	6.55594
6156	-8147.886	-8407.927	260.0414	0.9727435	1.494276	0.5935759	6.55594
6162	-8143.886	-8403.53	259.6443	0.9093841	1.494276	0.6010146	6.798928
6168	-8140.002	-8399.616	259.614	0.82998	1.64913	0.6010146	6.798928
6174	-8129.106	-8387.837	258.7307	0.9396516	1.485918	0.6100886	7.270663
6180	-8129.796	-8388.292	258.496	0.8381565	1.485918	0.6679783	7.40787
6186	-8131.403	-8389.769	258.3657	0.8275249	1.384071	0.6679783	7.52486
6192	-8142.811	-8399.993	257.182	0.8678302	1.406256	0.6796043	8.118131
6198	-8133.149	-8390.806	257.6573	0.7812708	1.472607	0.6955948	7.872693
6204	-8142.902	-8399.374	256.4718	0.721889	1.501786	0.6825273	8.533271
6210	-8142.455	-8400.91	258.4553	0.7604067	1.453278	0.6271251	7.514554
6216	-8120.495	-8377.542	257.0472	0.7910459	1.356812	0.6507846	8.27208
6222	-8125.406	-8384.557	259.1509	0.835413	1.387543	0.6507846	7.110295
6228	-8130.514	-8387.117	256.6028	0.7353651	1.397676	0.7431093	8.456829
6234	-8140.079	-8397.316	257.2379	0.7274528	1.50896	0.6291347	8.158798
6240	-8125.207	-8382.997	257.79	0.7615389	1.36443	0.6613617	7.881028
6246	-8129.561	-8388.462	258.901	0.7615389	1.36443	0.6402481	7.301816
6252	-8135.197	-8394.347	259.1496	0.902069	1.376884	0.6943397	7.048244
6258	-8128.993	-8387.881	258.8884	0.942015	1.483556	0.7783493	7.066827
6264	-8138.215	-8399.207	260.992	0.9490086	1.483556	0.7897744	5.915797
6270	-8130.015	-8390.52	260.5049	0.970068	1.490767	0.7897744	6.166954
6276	-8133.361	-8393.748	260.3868	0.9425312	1.505517	0.6000736	6.375516
6294	-8140.623	-8400.337	259.7142	0.9263019	1.643733	0.7054208	6.617489
6300	-8141.883	-8402.532	260.6493	0.9725796	1.400188	0.7054208	6.181238
6306	-8125.096	-8384.411	259.3152	0.8629235	1.400188	0.7109838	6.958759
6330	-8129.688	-8388.81	259.122	0.8870518	1.477039	0.6707754	7.046839
6336	-8130.839	-8390.1	259.2608	0.869477	1.58081	0.6185337	6.980013
6342	-8126.006	-8386.05	260.0439	0.8256628	1.58081	0.6185337	6.580902
6348	-8135.649	-8393.79	258.1412	0.8468125	1.561095	0.7197019	7.527823
6384	-8138.603	-8396.143	257.5394	0.7975963	1.614237	0.7578618	7.830466
6390	-8146.806	-8405.594	258.7877	0.8268871	1.454934	0.5966908	7.323387
6396	-8148.265	-8407.029	258.7638	0.8458613	1.631423	0.5966908	7.257955
6402	-8129.586	-8388.361	258.7744	0.8412509	1.622718	0.5966908	7.257955
6408	-8142.591	-8400.311	257.7198	0.8351714	1.622718	0.7514343	7.715088
6414	-8132.007	-8389.342	257.335	0.7226906	1.318518	0.703541	8.134135
6420	-8135.119	-8394.746	259.6272	0.7689386	1.505604	0.6432512	6.847165
6426	-8141.54	-8399.893	258.3533	0.7791007	1.359596	0.7026865	7.543184
6432	-8146.143	-8405.351	259.2086	0.8158322	1.472932	0.6417079	7.061531
6438	-8157.232	-8414.98	257.748	0.8924478	1.472932	0.6417079	7.803459
6444	-8139.768	-8397.855	258.0865	0.809988	1.374455	0.6383138	7.709395
6450	-8146.25	-8406.228	259.9777	0.8771478	1.24467	0.7072062	6.664143
6456	-8125.793	-8385.736	259.943	0.8404657	1.305317	0.7235771	6.664143
6462	-8151.48	-8410.205	258.725	0.8908733	1.301688	0.7557991	7.272989
6468	-8148.979	-8407.187	258.2083	0.8614697	1.535291	0.8025782	7.439513
6474	-8144.902	-8402.7	257.7983	0.7797067	1.546496	0.8025782	7.698483
6480	-8131.975	-8389.672	257.6967	0.8536334	1.546496	0.8025782	7.713256
6486	-8149.054	-8408.023	258.9691	0.7871457	1.90301	0.6607741	7.036165
6492	-8135.57	-8394.482	258.9121	0.8739201	1.514075	0.8459337	7.036165
6498	-8145.715	-8405.027	259.3124	0.8914392	1.398021	0.8166945	6.876146
6504	-8146.288	-8405.427	259.1387	0.8301941	1.439639	0.6318096	7.112291
6510	-8150.09	-8408.109	258.0198	0.7651614	1.305795	0.6407488	7.796599
6516	-8133.704	-8392.08	258.3759	0.8221132	1.707467	0.787647	7.316347
6522	-8123.731	-8381.538	257.8079	0.8647032	1.510321	0.787647	7.67138
6528	-8123.298	-8381.736	258.4379	0.7742277	1.414148	0.627538	7.532051
6534	-8133.485	-8391.953	258.468	0.8334599	1.359098	0.627538	7.507216
6540	-8124.385	-8383.588	259.2022	0.8433218	1.359098	0.724982	7.037875
6546	-8123.747	-8382.829	259.0816	0.9016086	1.502804	0.724982	7.012434
6552	-8122.888	-8381.752	258.8643	0.8519044	1.449578	0.724982	7.177368
6558	-8128.313	-8387.672	259.3592	0.8401023	1.290006	0.724982	6.98514
6564	-8137.814	-8397.137	259.3231	0.8376457	1.488347	0.613375	7.003476
6570	-8142.927	-8400.681	257.7536	0.8561849	1.380192	0.7322524	7.793852
6576	-8143.412	-8400.08	256.6681	0.822702	1.380192	0.6342345	8.459272
6582	-8132.483	-8390.924	258.4413	0.8483159	1.379803	0.6395124	7.495876
6588	-8128.067	-8386.701	258.6338	0.8423123	1.513826	0.6395124	7.341582
6594	-8139.179	-8397.605	258.4254	0.7719366	1.600631	0.6455688	7.453368
6600	-8142.528	-8401.29	258.7621	0.887704	1.482902	0.7659477	7.172295
6606	-8133.462	-8392.724	259.2616	0.8178822	1.482902	0.6886557	6.993813
6612	-8111.707	-8371.956	260.2482	0.9444368	1.506548	0.7224406	6.359074
6618	-8130.137	-8389.127	258.9908	0.8516142	1.506548	0.7158311	7.093021
6624	-8143.528	-8403.508	259.9801	0.8464606	1.453825	0.7399989	6.566657
6630	-8125.644	-8385.011	259.3663	0.8698021	1.475757	0.6949287	6.907843
6636	-8118.582	-8376.854	258.2718	0.8606855	1.681527	0.7220474	7.404189
6642	-8131.123	-8388.551	257.4275	0.7742727	1.339921	0.6553958	8.082304
6648	-8125.96	-8383.626	257.6659	0.8437666	1.536221	0.6431078	7.847539
6654	-8141.799	-8399.78	257.981	0.8387462	1.238411	0.7396715	7.738451
6660	-8145.743	-8403.438	257.6949	0.8671944	1.238411	0.7396715	7.876117
6666	-8138.741	-8397.293	258.5514	0.8577667	1.244443	0.7981746	7.382072
6672	-8128.192	-8387.693	259.5014	0.8201332	1.491593	0.6599891	6.880542
6678	-8123.123	-8380.308	257.1844	0.8375055	1.491593	0.5698227	8.181408
6684	-8148.33	-8405.902	257.5722	0.8525745	1.602035	0.7726773	7.778495
6690	-8138.149	-8394.876	256.7268	0.7572975	1.377161	0.6863673	8.426448
6696	-8138.584	-8396.266	257.6814	0.7806997	1.377161	0.6863673	7.905526
6702	-8136.61	-8395.82	259.2103	0.8781723	1.483243	0.690388	6.987595
6708	-8126.84	-8385.058	258.2176	0.7538031	1.483243	0.690388	7.587301
6714	-8121.994	-8381.535	259.5411	0.8850951	1.483243	0.6963392	6.801322
6720	-8137.167	-8395.82	258.6534	0.9047244	1.399302	0.7545528	7.263091
6726	-8140.852	-8399.585	258.7337	0.8288334	1.515283	0.6519487	7.285467
6732	-8147.464	-8405.884	258.4191	0.9319613	1.606665	0.6519487	7.363988
6738	-8141.504	-8401.156	259.652	0.9193161	1.508886	0.6614739	6.737819
6744	-8144.843	-8402.579	257.7351	0.8295351	1.351664	0.6638055	7.877677
6750	-8126.793	-8383.979	257.1857	0.7290292	1.558488	0.7408181	8.087954
6756	-8127.944	-8386.909	258.9647	0.8244203	1.349317	0.6349228	7.244257
6762	-8124.362	-8383.457	259.0949	0.9013547	1.597366	0.7309436	6.964902
6768	-8125.848	-8385.22	259.3717	0.9405898	1.527502	0.5928464	6.922462
6774	-8121.752	-8380.522	258.7698	0.7986783	1.527502	0.7171303	7.231193
6780	-8121.142	-8379.767	258.6245	0.8949401	1.572322	0.7171303	7.240292
6786	-8126.157	-8386.141	259.9838	0.9058646	1.572322	0.7164356	6.501838
6792	-8128.762	-8387.231	258.4693	0.8030323	1.343024	0.6971342	7.47915
6798	-8139.869	-8397.492	257.6237	0.8254192	1.407444	0.681939	7.903028
6804	-8136.817	-8395.145	258.3279	0.7463598	1.502814	0.6075577	7.585486
6810	-8130.736	-8389.224	258.4882	0.7853023	1.502814	0.637792	7.455849
6816	-8139.345	-8397.76	258.4142	0.7979445	1.46937	0.7889945	7.397741
6822	-8120.312	-8379.801	259.4889	0.8194808	1.46937	0.7344254	6.84413
6828	-8119.582	-8376.979	257.3975	0.7425365	1.46937	0.7479299	7.997771
6834	-8138.993	-8398.073	259.0796	0.8699396	1.471899	0.5983313	7.135381
6840	-8130.509	-8389.511	259.0011	0.8214454	1.745289	0.69201	7.031601
6846	-8141.501	-8400.774	259.2736	0.7859254	1.607934	0.6829937	6.96024
6852	-8125.168	-8382.954	257.7855	0.8075429	1.384695	0.6798382	7.837133
6858	-8139.227	-8398.668	259.4413	0.9182192	1.374385	0.6798382	6.89377
6864	-8114.63	-8372.833	258.2032	0.7686737	1.526169	0.6731277	7.582453
6870	-8122.658	-8381.817	259.1595	0.8739765	1.273934	0.6700177	7.120117
6876	-8111.179	-8370.901	259.7213	0.8839447	1.476937	0.6700177	6.726009
6882	-8127.497	-8384.965	257.468	0.8017748	1.514932	0.608683	8.009686
6888	-8136.256	-8394.97	258.7148	0.9009964	1.530874	0.6518794	7.250849
6894	-8110.489	-8369.541	259.0519	0.8047978	1.314883	0.6771318	7.191934
6900	-8111.415	-8368.973	257.5587	0.7347648	1.639034	0.6771318	7.8997
6906	-8132.121	-8391.585	259.4641	0.8327518	1.351381	0.6726508	6.942529
6912	-8130.51	-8388.869	258.3586	0.8099881	1.215965	0.6637097	7.61495
6918	-8128.959	-8387.753	258.7936	0.8627311	1.225021	0.6404043	7.366602
6924	-8123.261	-8381.555	258.294	0.8432583	1.294621	0.7028783	7.568533
6930	-8133.3	-8391.308	258.0079	0.9034881	1.592526	0.7028783	7.568533
6936	-8129.439	-8386.2	256.7604	0.776293	1.639752	0.7351536	8.262824
6942	-8123.323	-8381.128	257.8053	0.8509284	1.41911	0.7189048	7.761959
6948	-8125.502	-8384.653	259.151	0.8881066	1.41911	0.7189048	7.020293
6954	-8137.806	-8396.656	258.8504	0.847208	1.41911	0.7472626	7.184776
6960	-8143.197	-8402.551	259.3542	0.8274256	1.279163	0.7072968	7.011678
6966	-8151.888	-8410.867	258.9786	0.814209	1.415298	0.6539316	7.200448
6972	-8127.814	-8385.228	257.4142	0.7854021	1.41222	0.7934872	7.959594
6978	-8138.38	-8398.309	259.9294	0.8687754	1.41222	0.5831377	6.714422
6984	-8140.811	-8401.993	261.1817	0.8993304	1.415298	0.6509454	5.964223
6990	-8141.19	-8401.874	260.6839	0.96306	1.41222	0.7269897	6.147483
6996	-8131.859	-8392.886	261.0274	0.8939585	1.489725	0.7279457	5.965468
7002	-8119.315	-8378.063	258.7484	0.8551629	1.489725	0.7687115	7.192636
7008	-8136.468	-8395.434	258.9655	0.864782	1.501576	0.657141	7.143155
7014	-8133.907	-8391.913	258.0059	0.7360148	1.501576	0.661015	7.723789
7020	-8137.171	-8395.909	258.7378	0.8896662	1.456453	0.6574041	7.269955
7026	-8134.521	-8392.373	257.8511	0.764784	1.461841	0.6574041	7.809505
7032	-8131.447	-8389.11	257.6634	0.8596685	1.789517	0.6324668	7.756461
7038	-8140.798	-8399.647	258.8494	0.8439209	1.847431	0.6258195	7.114517
7044	-8145.287	-8403.555	258.2674	0.8045145	1.340338	0.752893	7.54975
7050	-8135.68	-8393.547	257.8668	0.8098897	1.365086	0.7481487	7.753838
7056	-8127.118	-8385.114	257.9956	0.8066361	1.366277	0.648684	7.755557
7062	-8116.039	-8374.861	258.8217	0.8066361	1.42031	0.7873283	7.195323
7068	-8128.249	-8387.099	258.85	0.8523947	1.42031	0.7270596	7.195323
7074	-8136.235	-8395.004	258.769	0.7773046	1.528168	0.6786134	7.269811
7080	-8137.097	-8396.212	259.1151	0.9281611	1.528168	0.6786134	7.002595
7086	-8132.355	-8391.931	259.5756	0.8777833	1.225106	0.6786134	6.910056
7092	-8135.46	-8394.204	258.7434	0.922013	1.329319	0.7216276	7.257268
7098	-8137.606	-8397.133	259.5263	0.8211601	1.443447	0.7216276	6.842269
7104	-8145.986	-8404.912	258.9262	0.8845985	1.443447	0.6641405	7.1718
7110	-8136.326	-8394.793	258.4667	0.8895417	1.400676	0.6918093	7.413606
7116	-8129.779	-8389.336	259.5569	0.8804248	1.396213	0.6918093	6.834092
7122	-8131.487	-8391.038	259.551	0.8975966	1.564242	0.7046436	6.751671
7128	-8132.191	-8391.016	258.8257	0.9637098	1.389227	0.8390555	7.089198
7134	-8125.273	-8385.011	259.7382	0.8758278	1.328016	0.7488531	6.728609
7140	-8127.389	-8386.232	258.843	0.8668083	1.3786	0.6892359	7.234898
7146	-8131.683	-8388.645	256.9618	0.7534733	1.3786	0.7060743	8.289221
7152	-8134.714	-8392.429	257.715	0.6883936	1.511671	0.5805306	7.961678
7158	-8119.432	-8376.82	257.3881	0.7270168	1.461518	0.6451791	8.085767
7164	-8125.445	-8383.858	258.4127	0.7688867	1.514253	0.6451791	7.49513
7170	-8143.286	-8400.1	256.8134	0.7249175	1.643035	0.5969535	8.36013
7176	-8133.566	-8390.294	256.7273	0.7905843	1.667471	0.5995516	8.36013
7182	-8116.426	-8375.673	259.2467	0.8546105	1.596674	0.7347369	6.905963
7188	-8133.248	-8391.322	258.074	0.7652472	1.413696	0.7756942	7.62862
7194	-8130.944	-8389.078	258.1336	0.833607	1.499422	0.7377343	7.55063
7200	-8119.844	-8377.503	257.6591	0.7320856	1.505734	0.6850878	7.892307
7206	-8120.991	-8378.552	257.5612	0.7675359	1.505734	0.7335426	7.892307
7212	-8128.67	-8387.286	258.6155	0.8422606	1.292446	0.6549527	7.431926
7218	-8126.517	-8385.892	259.3758	0.8405912	1.292446	0.6549527	7.02446
7224	-8127.285	-8386.868	259.5832	0.8422467	1.292446	0.6549527	6.911818
7230	-8127.467	-8384.946	257.4786	0.7889753	1.292446	0.570932	8.132294
7236	-8127.552	-8385.761	258.2097	0.7754259	1.280836	0.6496794	7.694013
7242	-8123.815	-8381.316	257.501	0.8014397	1.336769	0.6939764	8.002496
7248	-8128.707	-8386.132	257.4247	0.7372916	1.531854	0.7372777	7.968673
7254	-8126.282	-8383.792	257.5101	0.7807664	1.377177	0.752353	7.951974
7260	-8120.031	-8376.89	256.8587	0.8400396	1.371993	0.6860672	8.314701
7266	-8122.863	-8380.127	257.264	0.7524274	1.371993	0.6860672	8.145547
7272	-8124.195	-8382.269	258.0737	0.8015704	1.38755	0.6860672	7.680663
7278	-8134.276	-8392.738	258.4615	0.8371015	1.38755	0.6860672	7.454012
7284	-8126.589	-8384.506	257.9177	0.8072342	1.469891	0.7074936	7.712525
7290	-8137.224	-8396.454	259.2303	0.7903066	1.339708	0.7074936	7.071637
7296	-8128.916	-8387.378	258.4614	0.7903066	1.324625	0.5939183	7.574491
7302	-8129.863	-8388.15	258.2877	0.7876611	1.385567	0.6956651	7.567663
7308	-8124.85	-8381.855	257.0048	0.7977933	1.345539	0.7069832	8.25607
7314	-8141.884	-8399.811	257.9268	0.7375583	1.25611	0.736923	7.815335
7320	-8136.211	-8394.199	257.9885	0.8641575	1.644896	0.6961605	7.585279
7326	-8127.063	-8383.887	256.8242	0.7837231	1.644896	0.6613032	8.274309
7332	-8120.744	-8377.328	256.5838	0.7541853	1.484452	0.6613032	8.478497
7338	-8114.281	-8373.358	259.0765	0.8265094	1.581895	0.6614368	7.069874
7344	-8139.618	-8398.774	259.1564	0.7822388	1.581895	0.6149217	7.085538
7350	-8134.99	-8392.278	257.288	0.7191077	1.665414	0.6149217	8.088636
7356	-8131.681	-8389.432	257.7515	0.7765688	1.697816	0.7344898	7.713525
7362	-8127.447	-8385.479	258.032	0.7411914	1.374412	0.7254598	7.713525
7368	-8139.091	-8397.233	258.1428	0.7283943	1.374412	0.6510716	7.713525
7374	-8127.952	-8386.236	258.2841	0.7683922	1.374412	0.614744	7.643747
7380	-8130.548	-8388.298	257.7503	0.7288212	1.374412	0.7219198	7.87305
7386	-8129.911	-8387.822	257.911	0.7946738	1.374412	0.7219198	7.751998
7392	-8145.677	-8403.711	258.0343	0.7531049	1.314558	0.7265743	7.730707
7398	-8127.581	-8386.119	258.538	0.7618778	1.306583	0.6972876	7.480061
7404	-8131.599	-8390.731	259.1325	0.8615176	1.600256	0.6972876	6.988267
7410	-8130.824	-8389.231	258.4064	0.8120031	1.414633	0.6972876	7.477892
7416	-8145.224	-8404.184	258.9603	0.7783196	1.414633	0.7390318	7.17008
7422	-8143.467	-8402.865	259.398	0.7823002	1.44648	0.7390318	6.919321
7428	-8143.458	-8403.19	259.7327	0.8869787	1.508598	0.7848629	6.626952
7434	-8140.895	-8401.1	260.205	0.9102937	1.504027	0.8852672	6.297895
7440	-8120.065	-8379.077	259.0122	0.7757051	1.801786	0.6183631	7.0848
7446	-8122.8	-8381.067	258.2666	0.8376191	1.812874	0.6205489	7.446424
7452	-8129.047	-8387.116	258.0694	0.7793054	1.57315	0.7138696	7.601823
7458	-8129.762	-8387.702	257.9399	0.8644077	1.436815	0.5450705	7.806183
7464	-8119.617	-8379.258	259.6412	0.8316837	1.493172	0.6118382	6.834507
7470	-8111.912	-8370.387	258.4748	0.7505339	1.331306	0.5877719	7.590535
7476	-8126.248	-8384.907	258.6595	0.8012423	1.521227	0.5877719	7.386663
7482	-8136.514	-8395.199	258.6846	0.8066288	1.559769	0.5837056	7.358667
7488	-8118.774	-8377.347	258.5727	0.8412156	1.559769	0.6375543	7.358667
7494	-8122.134	-8380.657	258.5227	0.8127858	1.672962	0.6375543	7.358667
7500	-8117.732	-8377.708	259.9764	0.8326556	1.672962	0.6375543	6.564797
7506	-8121.441	-8380.746	259.3046	0.8483938	1.562133	0.6375543	6.960478
7512	-8127.58	-8387.027	259.447	0.907528	1.562133	0.6375543	6.851848
7518	-8122.742	-8382.124	259.3829	0.9033391	1.533316	0.5838035	6.941393
7524	-8133.019	-8391.625	258.6061	0.919026	1.533316	0.5465746	7.380915
7530	-8133.156	-8392.859	259.703	0.8731811	1.687154	0.6674157	6.663483
7536	-8133.33	-8393.024	259.6941	0.8647392	1.747283	0.7365139	6.602833
7542	-8140.158	-8400.176	260.0188	0.9492665	1.578868	0.7365139	6.443053
7548	-8141.139	-8399.4	258.2615	0.8099394	1.578868	0.7140393	7.480235
7554	-8133.514	-8391.74	258.2259	0.8147505	1.395123	0.7396821	7.55216
7560	-8140.66	-8399.999	259.3396	0.8625877	1.395123	0.7396821	6.928293
7566	-8133.068	-8390.12	257.0524	0.7204882	1.56515	0.706231	8.184383
7572	-8120.889	-8379.555	258.6658	0.876984	1.501099	0.4828522	7.439426
7578	-8132.546	-8392.632	260.0865	0.846115	1.881873	0.4828522	6.553369
7680	-8126.908	-8384.277	257.3685	0.8030102	1.388767	0.5949819	8.123366
7686	-8125.353	-8381.979	256.6258	0.8083749	1.761848	0.600582	8.37062
7692	-8117.574	-8376.699	259.1249	0.8510163	1.75151	0.600582	7.014769
7698	-8127.583	-8385.669	258.0855	0.8748964	1.337646	0.7946399	7.583592
7704	-8128.873	-8386.834	257.9607	0.8018079	1.602575	0.7946399	7.583592
7710	-8132.867	-8389.394	256.5264	0.8018079	1.602575	0.7977575	8.34682
7716	-8125.717	-8383.338	257.6203	0.7871187	1.602575	0.7977575	7.771511
7722	-8131.329	-8391.006	259.6767	0.8603291	1.337918	0.6117784	6.864332
7728	-8129.264	-8388.178	258.9138	0.8548786	1.337918	0.7122697	7.204534
7734	-8123.563	-8382.256	258.6931	0.7708594	1.335444	0.7122697	7.369204
7740	-8127.191	-8384.607	257.4161	0.7747066	1.364476	0.6938084	8.050393
7746	-8143.763	-8401.613	257.8497	0.7315592	1.251284	0.6938084	7.891394
7752	-8126.518	-8383.966	257.4474	0.7519451	1.251284	0.6516983	8.12515
7758	-8130.816	-8388.889	258.0732	0.7971198	1.663975	0.651071	7.601154
7764	-8125.1	-8384.582	259.4816	0.8009614	1.663975	0.6005937	6.880866
7782	-8149.345	-8407.079	257.7344	0.8614359	1.505096	0.6198096	7.831062
7788	-8146.19	-8403.024	256.8343	0.7518353	1.463589	0.6198096	8.385465
7854	-8128.671	-8387.061	258.3897	0.8164595	1.359067	0.7948279	7.442692
7860	-8147.952	-8405.565	257.6131	0.8309754	1.366411	0.7081019	7.904548
7866	-8147.537	-8405.357	257.8209	0.7142574	1.366411	0.639993	7.904548
7872	-8152.311	-8411.435	259.1236	0.8191617	1.603527	0.5767319	7.105172
7878	-8136.614	-8394.618	258.0039	0.8022561	1.603527	0.6504153	7.658202
7890	-8137.419	-8396.377	258.958	0.7915104	1.321809	0.7604449	7.189328
7896	-8132.087	-8390.477	258.3897	0.7701006	1.256074	0.6830264	7.587564
7902	-8132.88	-8390.147	257.2677	0.7774274	1.636181	0.6830264	8.029069
7908	-8141.978	-8399.49	257.5127	0.7588884	1.619407	0.6739258	7.920925
7914	-8138.736	-8396.326	257.5904	0.7340205	1.493472	0.7019934	7.920925
7992	-8133.845	-8392.164	258.3199	0.8379994	1.65624	0.6617092	7.442154
7998	-8146.448	-8405.098	258.6495	0.8915422	1.280293	0.6617092	7.387747
8190	-8146.723	-8405.84	259.117	0.8228019	1.617245	0.5946246	7.087365
8196	-8137.979	-8396.44	258.4615	0.7725166	1.375762	0.6968204	7.486034
8202	-8136.496	-8394.853	258.3566	0.8094558	1.375762	0.7424698	7.491224
8208	-8138.238	-8397.613	259.3746	0.846409	1.375762	0.6861186	6.963336
8214	-8134.122	-8391.297	257.1746	0.7330572	1.453572	0.6915928	8.166225
8220	-8138.75	-8397.739	258.9892	0.7706386	1.453572	0.6915928	7.175425
8226	-8132.893	-8392.566	259.6729	0.8569394	1.453572	0.6915928	6.760703
8232	-8131.248	-8391.207	259.9585	0.8933615	1.423571	0.7148097	6.582669
8238	-8136.44	-8395.801	259.3608	0.8460793	1.577468	0.6757062	6.897565
8244	-8131.423	-8389.695	258.2718	0.8073356	1.577468	0.6644771	7.511586
8250	-8135.395	-8394.94	259.5449	0.8947235	1.49312	0.6127732	6.851763
8256	-8136.633	-8395.206	258.5733	0.8758927	1.572585	0.5684052	7.388608
8274	-8135.353	-8393.56	258.2067	0.7950414	1.443733	0.6167965	7.640758
8280	-8142.277	-8401.755	259.478	0.8313629	1.427176	0.6286644	6.936508
8286	-8124.47	-8383.239	258.7691	0.8903875	1.427176	0.6286644	7.286001
8310	-8137.066	-8395.236	258.1693	0.8913786	1.42268	0.6495193	7.593315
8316	-8143.268	-8402.514	259.2463	0.932268	1.42268	0.7653541	6.912511
8322	-8140.486	-8399.824	259.3374	0.9570719	1.449413	0.6594523	6.912511
8328	-8126.087	-8385.476	259.3895	0.9226592	1.449413	0.6464778	6.912511
8334	-8119.006	-8379.086	260.0799	0.8899138	1.449413	0.6879857	6.527072
8340	-8120.765	-8379.408	258.6428	0.8257152	1.489959	0.7097832	7.304627
8346	-8128.933	-8387.071	258.138	0.8318556	1.533687	0.7097832	7.554884
8352	-8138.431	-8397.186	258.7553	0.8014066	1.533687	0.7097832	7.240153
8358	-8139.796	-8398.594	258.7971	0.8122196	1.462167	0.7097832	7.240153
8364	-8126.075	-8383.883	257.8082	0.7625199	1.462167	0.7422298	7.774488
8370	-8126.104	-8384.084	257.9804	0.7655292	1.461509	0.6114001	7.774488
8376	-8135.07	-8392.677	257.6066	0.7402549	1.267542	0.7000708	8.004801
8382	-8120.642	-8378.215	257.5732	0.8183701	1.267542	0.6662895	8.004801
8388	-8121.721	-8380.127	258.406	0.8076169	1.805319	0.6964616	7.334929
8394	-8140.863	-8398.451	257.5884	0.8099798	1.652477	0.7330756	7.80012
8400	-8148.634	-8406.479	257.8444	0.8407606	1.556493	0.5728487	7.80012
8406	-8129.136	-8387.01	257.8745	0.7873003	1.443611	0.6467188	7.80012
8412	-8133.937	-8392.592	258.6549	0.8167257	1.700084	0.6357282	7.277223
8418	-8139.643	-8398.039	258.3961	0.7579256	1.700084	0.7478612	7.368563
8424	-8130.425	-8388.811	258.3857	0.7469352	1.733337	0.6445008	7.440715
8430	-8123.962	-8381.825	257.8631	0.7845156	1.733337	0.6445008	7.700381
8436	-8117.728	-8376.284	258.5553	0.8540268	1.431577	0.6445008	7.406588
8442	-8138.846	-8397.594	258.7483	0.8779083	1.467859	0.7289355	7.215663
8448	-8147.722	-8405.055	257.3329	0.7914339	1.467859	0.6468988	8.077099
8454	-8151.372	-8409.243	257.8713	0.7903055	1.469773	0.6941543	7.755711
8460	-8145.702	-8405.596	259.8939	0.8113504	1.592463	0.6811609	6.618832
8466	-8133.52	-8391.711	258.1906	0.7677385	1.604516	0.6787032	7.555945
8472	-8126.057	-8386.138	260.081	0.8968548	1.362044	0.6787032	6.565842
8478	-8130.108	-8389.053	258.9455	0.8580825	1.460725	0.7297934	7.122627
8484	-8127.27	-8385.819	258.5496	0.9035276	1.434529	0.7297934	7.321482
8490	-8130.862	-8390.507	259.6444	0.8650952	1.614543	0.6450115	6.742735
8496	-8123.425	-8382.587	259.1618	0.8864929	1.601872	0.6450115	6.996221
8502	-8137.842	-8396	258.1581	0.7788485	1.765545	0.5945697	7.572348
8508	-8132.47	-8390.905	258.4351	0.7684653	1.398184	0.6459461	7.529528
8514	-8124.654	-8383.006	258.3515	0.7670903	1.398184	0.709735	7.529528
8520	-8132.102	-8391.014	258.9117	0.7969933	1.645201	0.5689728	7.221781
8526	-8122.742	-8381.739	258.997	0.8048604	1.499388	0.5689728	7.22721
8532	-8127.147	-8384.352	257.2055	0.7939496	1.626309	0.5689728	8.142894
8538	-8122.756	-8380.681	257.9259	0.7450565	1.450649	0.6556858	7.78586
8544	-8121.76	-8379.795	258.0343	0.8424581	1.419754	0.6556858	7.688369
8580	-8133.809	-8392.636	258.8271	0.8032478	1.588076	0.5234945	7.323063
8586	-8132.605	-8391.328	258.7224	0.8624612	1.653805	0.5234945	7.323063
8592	-8126.044	-8383.667	257.6231	0.8000552	1.597635	0.6183634	7.888994
8598	-8126.703	-8386.471	259.7684	0.8864831	1.636548	0.7298805	6.595431
8604	-8125.851	-8384.885	259.0342	0.8652022	1.429626	0.6533733	7.137676
8610	-8120.788	-8378.558	257.7695	0.8679578	1.657434	0.6533733	7.726372
8616	-8125.443	-8383.375	257.9323	0.7862728	1.379158	0.7468662	7.726372
8622	-8141.845	-8399.735	257.8906	0.8170874	1.543993	0.5609683	7.802488
8628	-8129.854	-8389.9	260.0466	0.9443397	1.543993	0.6258437	6.523816
8634	-8113.391	-8372.591	259.1992	0.8867131	1.367277	0.7825974	6.974361
8640	-8137.751	-8397.191	259.4403	0.8534297	1.367277	0.6228596	6.974361
8646	-8143.749	-8401.432	257.6828	0.8204417	1.367277	0.6228596	7.934075
8652	-8132.704	-8391.896	259.192	0.8837521	1.367277	0.6978594	7.036891
8658	-8114.972	-8374.622	259.6499	0.8335597	1.411919	0.667454	6.820129
8664	-8117.301	-8376.534	259.2334	0.8390136	1.545985	0.6185707	7.02444
8670	-8120.301	-8379.191	258.8899	0.8480464	1.563519	0.6954858	7.141273
8676	-8121.286	-8380.415	259.1287	0.8300227	1.563519	0.6820449	7.032001
8682	-8128.339	-8386.608	258.2693	0.776153	1.453002	0.7023777	7.551324
8688	-8138.262	-8395.849	257.5867	0.8086194	1.47853	0.6318493	7.939452
8724	-8136.506	-8395.234	258.7275	0.8249327	1.452555	0.6884464	7.289463
8730	-8135.965	-8395.856	259.8904	0.8197238	1.452555	0.6884464	6.665938
8736	-8129.774	-8389.067	259.2933	0.8539081	1.700122	0.6884464	6.875258
8742	-8131.591	-8390.675	259.0838	0.7958686	1.629696	0.5968381	7.113388
8748	-8124.712	-8382.198	257.4863	0.7704158	1.502666	0.668731	7.976935
8754	-8112.292	-8369.576	257.2844	0.8227843	1.502666	0.7867632	7.976935
8760	-8132.925	-8390.945	258.0198	0.8161875	1.573836	0.6845123	7.628817
8766	-8115.857	-8373.837	257.9796	0.857869	1.573836	0.6845123	7.628006
8772	-8120.95	-8379.005	258.0548	0.7405944	1.429517	0.6845123	7.707178
8778	-8123.391	-8381.029	257.6384	0.8125591	1.390105	0.5800335	7.985572
8784	-8118.66	-8376.898	258.2381	0.7902629	1.434044	0.5800335	7.659115
8790	-8131.406	-8389.021	257.6143	0.7921124	1.580811	0.5800335	7.934027
8796	-8122.553	-8381.888	259.3349	0.8666801	1.420308	0.6348471	6.992718
8802	-8128.978	-8388.593	259.6156	0.8875181	1.373089	0.7073996	6.797413
8808	-8128.511	-8386.311	257.7999	0.8573593	1.373089	0.7549834	7.756308
8814	-8125.62	-8384.443	258.8226	0.8045507	1.373089	0.635197	7.320909
8820	-8138.634	-8396.618	257.9844	0.8401001	1.366937	0.6231651	7.762406
8826	-8128.291	-8387.957	259.6663	0.8317448	1.462402	0.6025904	6.84048
8832	-8136.219	-8395.623	259.404	0.9179507	1.436201	0.6025904	6.946051
8838	-8117.312	-8375.716	258.4033	0.7933289	1.529142	0.6596577	7.470669
8844	-8118.969	-8377.662	258.6934	0.835331	1.529142	0.6612142	7.291426
8850	-8124.128	-8381.642	257.5139	0.7568589	1.588216	0.6890573	7.922259
8856	-8110.108	-8368.666	258.5579	0.7872591	1.509044	0.6658555	7.394351
8862	-8123.574	-8381.267	257.6933	0.7654455	1.651486	0.5897585	7.872214
8868	-8124.308	-8381.451	257.1429	0.8434371	1.637986	0.5391736	8.170065
8874	-8135.753	-8392.89	257.1368	0.8382316	1.525852	0.6269246	8.148746
8880	-8116.552	-8375.33	258.7779	0.9075281	1.688709	0.6269246	7.173073
8886	-8115.098	-8374.263	259.1646	0.7672097	1.290979	0.6845712	7.156767
8892	-8122.177	-8381.802	259.6245	0.9433407	1.290979	0.6845712	6.814235
8898	-8132.404	-8391.988	259.5836	0.9400887	1.290979	0.5986563	6.902327
8934	-8143.206	-8402.275	259.0688	0.9089716	1.410674	0.7531108	7.03369
8940	-8146.531	-8404.473	257.9417	0.7927194	1.410674	0.7531108	7.700657
8946	-8139.684	-8397.872	258.1881	0.7591337	1.266779	0.6771213	7.700657
8952	-8138.192	-8395.639	257.4472	0.8164609	1.266779	0.6771213	8.06561
8958	-8143.732	-8401.836	258.104	0.8634416	1.50667	0.6771213	7.589604
9234	-8139.654	-8398.206	258.5523	0.9608074	1.304006	0.641514	7.407123
9240	-8141.117	-8398.88	257.7623	0.8391447	1.470294	0.641514	7.82552
9246	-8122.25	-8381.773	259.5236	0.8524323	1.403154	0.641514	6.900855
9252	-8117.194	-8375.267	258.073	0.8203833	1.350045	0.6758422	7.694065
9258	-8113.675	-8372.507	258.8325	0.8306217	1.398651	0.6758422	7.261153
9264	-8126.732	-8385.573	258.8413	0.836212	1.665579	0.5644579	7.23473
9270	-8136.078	-8394.953	258.8755	0.8503599	1.595429	0.5644579	7.23473
9276	-8149.86	-8409.684	259.8242	0.8527109	1.394742	0.5644579	6.802309
9282	-8133.286	-8392.64	259.354	0.9311103	1.394742	0.710508	6.903704
9288	-8127.475	-8387.335	259.8597	0.8604358	1.473927	0.7325167	6.621207
9294	-8127.365	-8386.714	259.3499	0.8093919	1.624988	0.7325167	6.865654
9300	-8139.114	-8397.73	258.6156	0.7875376	1.52445	0.774643	7.28275
9306	-8128.325	-8386.183	257.8579	0.7689382	1.52445	0.640575	7.79139
9312	-8125.758	-8383.616	257.8579	0.7689382	1.52445	0.640575	7.79139
9318	-8119.103	-8378.731	259.6279	0.8465197	1.693315	0.6872828	6.70195
9330	-8148.191	-8405.599	257.4073	0.7234281	1.408789	0.7292897	8.039628
9336	-8152.434	-8410.72	258.2865	0.7943481	1.306363	0.6011173	7.66824
9342	-8134.249	-8392.811	258.5619	0.8066734	1.65815	0.6011173	7.374047
9348	-8113.601	-8372.302	258.7011	0.8259961	1.437262	0.6011173	7.374047
9354	-8117.632	-8376.265	258.6321	0.8726212	1.437262	0.5824029	7.400761
9360	-8117.349	-8376.389	259.0401	0.8981212	1.577279	0.5824029	7.112982
9366	-8123.083	-8382.103	259.0208	0.8199992	1.577279	0.6506844	7.112982
9372	-8138.266	-8396.524	258.2583	0.797477	1.285451	0.7679472	7.57245
9378	-8128.029	-8386.518	258.489	0.7856607	1.390127	0.7679472	7.410202
9402	-8140.481	-8399.982	259.5012	0.8915052	1.595944	0.533422	6.901563
9408	-8109.219	-8368.669	259.4496	0.8755618	1.303765	0.6136326	6.99198
9414	-8111.825	-8371.183	259.3586	0.7328268	1.557127	0.6423193	6.99198
9420	-8139.614	-8397.037	257.4227	0.739175	1.482523	0.573616	8.107414
9426	-8138.692	-8395.986	257.2941	0.7831126	1.482523	0.6831364	8.070277
9432	-8131.414	-8391.371	259.9573	0.9330199	1.368192	0.7078152	6.589949
9438	-8132.551	-8391.053	258.5026	0.7906109	1.368192	0.639397	7.498887
9444	-8119.444	-8378.754	259.3106	0.8415184	1.291216	0.6830658	7.039235
9642	-8150.493	-8409.555	259.0623	0.8202039	1.509355	0.6025465	7.153286
9648	-8155.048	-8412.906	257.8581	0.784454	1.581383	0.7638331	7.675551
9672	-8138.319	-8396.31	257.9909	0.7565953	1.472409	0.7490412	7.671383
9678	-8131.147	-8388.817	257.6696	0.7561088	1.399048	0.5886899	7.988503
9684	-8141.055	-8398.637	257.5814	0.7126912	1.502861	0.6257452	7.988503
9690	-8122.042	-8379.492	257.4498	0.7309101	1.502861	0.6257452	8.048936
9696	-8129.665	-8388.893	259.2285	0.9202172	1.29249	0.7199086	7.014723
9702	-8128.453	-8388.056	259.6026	0.9260988	1.303752	0.8562006	6.716977
9708	-8112.793	-8370.517	257.7241	0.7644966	1.391309	0.6682211	7.8984
9714	-8109.635	-8368.647	259.0124	0.8060007	1.391309	0.7225014	7.148102
9720	-8121.467	-8380.25	258.7831	0.8178326	1.384601	0.7856575	7.225948
9726	-8124.708	-8384.146	259.438	0.8501446	1.530121	0.6455185	6.894049
9732	-8111.537	-8369.417	257.8801	0.7601746	1.357771	0.6455185	7.848041
9738	-8116.14	-8374.203	258.0625	0.9120459	1.566426	0.6226612	7.602763
9744	-8119.415	-8379.747	260.3317	0.8789062	1.477882	0.6270756	6.430004
9762	-8132.515	-8392.559	260.0443	0.8309462	1.276322	0.6846761	6.654656
9768	-8135.882	-8396.32	260.4379	0.8931577	1.431938	0.5621304	6.434956
9774	-8132.876	-8392.959	260.0824	0.8958439	1.431938	0.6826935	6.533422
10074	-8133.155	-8391.522	258.3667	0.8535573	1.60898	0.7579642	7.359626
10080	-8145.563	-8404.114	258.5512	0.84019	1.60898	0.5842216	7.393249
10086	-8140.147	-8399.07	258.9231	0.8465171	1.60898	0.7689836	7.057217
10104	-8134.574	-8394.687	260.1125	0.957248	1.702491	0.7166427	6.355602
10134	-8138.447	-8397.54	259.0931	0.9044894	1.613781	0.6180387	7.039383
10140	-8138.347	-8397.73	259.3828	0.8486605	1.378648	0.6846491	6.957559
10146	-8130.359	-8390.232	259.8723	0.8580397	1.53596	0.6166201	6.674975
10164	-8131.955	-8390.218	258.2631	0.7461107	1.419968	0.6773847	7.601786
10170	-8120.114	-8379.491	259.3771	0.8684498	1.344679	0.6182647	7.01348
10176	-8107.223	-8366.998	259.7755	0.8684498	1.5186	0.5905346	6.74884
10182	-8125.015	-8383.91	258.895	0.8981577	1.156604	0.6485519	7.319298
10188	-8140.207	-8399.428	259.2217	0.8158107	1.156604	0.6485519	7.188117
10200	-8142.728	-8400.351	257.6227	0.8347034	1.624657	0.7984654	7.736145
10206	-8137.929	-8397.326	259.3971	0.9132761	1.689936	0.5827175	6.870599
10224	-8136.909	-8394.834	257.9243	0.8947812	1.667564	0.6450825	7.631674
10242	-8141.665	-8399.495	257.8303	0.9429069	1.38752	0.7651675	7.681588
10248	-8123.332	-8381.978	258.646	0.8041296	1.568899	0.6357692	7.33709
10254	-8116.403	-8376.044	259.6408	0.8624415	1.568899	0.6842586	6.734806
10260	-8124.8	-8384.998	260.1976	0.9280422	1.568899	0.6640766	6.412586
10266	-8132.516	-8390.779	258.2635	0.8564428	1.3952	0.7692792	7.490136
10290	-8129.622	-8389.062	259.4396	0.8233784	1.453391	0.6648173	6.923956
10296	-8130.007	-8388.794	258.7867	0.8503546	1.453391	0.6744025	7.253727
10314	-8134.459	-8393.345	258.8857	0.7942415	1.294844	0.6135106	7.342801
10332	-8124.054	-8383.957	259.9022	1.021785	1.370752	0.6850582	6.586742
10338	-8135.008	-8394.213	259.2046	0.8648786	1.370752	0.7016439	7.036122
10362	-8138.564	-8396.583	258.0192	0.8457036	1.564298	0.6140178	7.668816
10368	-8133.498	-8391.561	258.063	0.8667326	1.493997	0.6106324	7.66394
10392	-8120.822	-8379.319	258.4965	0.8417231	1.342234	0.6406533	7.48493
10398	-8116.485	-8375.867	259.3819	0.850743	1.342234	0.6559709	6.993198
10410	-8129.974	-8387.738	257.7638	0.8689874	1.438345	0.5629369	7.882508
10416	-8129.946	-8387.306	257.3606	0.8117803	1.438345	0.6495599	8.061372
10422	-8128.923	-8387.205	258.2814	0.787958	1.619727	0.6495599	7.511893
10428	-8121.1	-8378.439	257.3386	0.8557306	1.619727	0.6495599	7.979629
10452	-8138.035	-8396.913	258.8776	0.8538941	1.499026	0.5820726	7.254617
10458	-8138.754	-8397.512	258.7585	0.8541988	1.509686	0.5820726	7.314198
10464	-8128.483	-8386.991	258.5084	0.8541988	1.509686	0.6125253	7.424493
10470	-8138.908	-8397.21	258.3025	0.8734883	1.383403	0.7052873	7.508025
10476	-8142.568	-8400.911	258.3428	0.8331453	1.383403	0.7052873	7.508025
10482	-8145.907	-8404.913	259.0063	0.8481926	1.583443	0.6725482	7.087312
10488	-8147.751	-8404.695	256.9445	0.8910825	1.583443	0.543921	8.266514
10494	-8137.229	-8395.916	258.6877	0.8835118	1.583443	0.7571102	7.181312
10500	-8115.868	-8372.882	257.0131	0.8793387	1.583443	0.7066587	8.113542
10506	-8137.789	-8396.764	258.9754	0.8759944	1.583443	0.833805	6.981693
10512	-8133.126	-8392.134	259.0072	0.7974492	1.623978	0.6182434	7.139241
10518	-8136.377	-8394.723	258.3459	0.8270488	1.392244	0.6779599	7.525159
10524	-8129.717	-8387.821	258.1036	0.8570573	1.567728	0.6208171	7.611081
10530	-8129.182	-8387.264	258.0815	0.8791849	1.567728	0.6208171	7.611081
10536	-8129.804	-8388.235	258.4316	0.8589065	1.578995	0.6208171	7.430152
10542	-8123.454	-8382.737	259.2825	0.8853645	1.671339	0.8252784	6.783636
10548	-8123.892	-8382.193	258.3012	0.8541006	1.708201	0.6265158	7.450946
10554	-8129.907	-8387.287	257.3796	0.7870652	1.553476	0.6938714	7.98753
10572	-8136.131	-8394.576	258.4446	0.8207996	1.294821	0.6749395	7.519495
10578	-8131.074	-8391.739	260.6649	0.9700452	1.627679	0.6735656	6.106561
10584	-8134.639	-8394.709	260.0701	0.9079906	1.460516	0.7094902	6.502844
10782	-8142.056	-8400.812	258.7558	0.7925085	1.636692	0.7104145	7.205321
10788	-8155.895	-8413.438	257.5435	0.8352553	1.365429	0.759776	7.905157
10842	-8162.96	-8421.579	258.6191	0.9066982	1.546684	0.6705086	7.279468
10848	-8142.244	-8400.896	258.6522	0.8046456	1.546684	0.6705086	7.316489
10860	-8143.177	-8400.174	256.9966	0.7936334	1.546684	0.6813595	8.199506
10866	-8137.962	-8395.513	257.5511	0.7743959	1.481411	0.6813595	7.939601
10914	-8143.186	-8401.656	258.4708	0.8095164	1.316031	0.7501547	7.450418
10950	-8144.859	-8405.034	260.175	0.8597335	1.785129	0.5879177	6.441132
10956	-8140.74	-8398.881	258.1418	0.8695286	1.521739	0.6625472	7.5707
11124	-8128.817	-8385.13	256.3137	0.7925779	1.295397	0.7029769	8.650446
11130	-8132.838	-8390.228	257.39	0.7839644	1.544342	0.6016865	8.054861
11136	-8132.58	-8390.616	258.0365	0.8438389	1.766502	0.6016865	7.596742
11142	-8137.225	-8395.293	258.0677	0.8282228	1.74251	0.6016865	7.596742
11148	-8149.678	-8407.796	258.1175	0.8710501	1.702986	0.6016865	7.561094
11160	-8133.786	-8392.27	258.4839	0.8398715	1.532203	0.7140347	7.362852
11166	-8141.431	-8400.161	258.7303	0.7779152	1.450436	0.7140347	7.296232
11172	-8140.591	-8400.658	260.0675	0.9174951	1.346214	0.7948587	6.489862
11178	-8142.286	-8402.073	259.7871	0.8346018	1.330934	0.7214897	6.741746
11184	-8125.447	-8384.317	258.8706	0.7731445	1.529357	0.5528844	7.313569
11190	-8131.894	-8389.517	257.6235	0.7978031	1.587817	0.7133832	7.82514
11196	-8143.731	-8401.489	257.7577	0.7431753	1.587817	0.7209683	7.777454
11232	-8133.107	-8392.078	258.9709	0.8046441	1.419616	0.6601938	7.203385
11238	-8139.287	-8397.543	258.2558	0.8452644	1.285977	0.6601938	7.622007
11244	-8127.887	-8386.831	258.9443	0.8048737	1.285977	0.6601938	7.274635
11250	-8122.666	-8381.681	259.0152	0.7985852	1.34353	0.581735	7.274635
11256	-8134.997	-8393.006	258.0088	0.7985852	1.479825	0.8301037	7.58468
11262	-8120.834	-8379.898	259.0635	0.9153277	1.485393	0.5494166	7.15374
11268	-8123.343	-8381.515	258.1721	0.8092865	1.395854	0.5653837	7.711711
11274	-8129.053	-8388.007	258.9544	0.8398531	1.315426	0.8290499	7.124327
11280	-8128.596	-8386.88	258.2835	0.8441538	1.540859	0.8249837	7.39233
11286	-8151.256	-8408.899	257.6429	0.8497052	1.526208	0.7028088	7.817835
11292	-8137.215	-8394.805	257.5901	0.8497052	1.526208	0.7028088	7.846013
11298	-8138.59	-8398.225	259.6349	0.8497052	1.723622	0.7064381	6.672024
11304	-8128.395	-8386.652	258.2566	0.7676436	1.723622	0.7064381	7.457914
11310	-8134.149	-8392.666	258.5164	0.8970381	1.723622	0.773084	7.204353
11316	-8134.747	-8391.985	257.238	0.8407142	1.651856	0.6693136	8.015191
11400	-8145.182	-8403.112	257.9305	0.7843683	1.51938	0.7825996	7.648479
11406	-8135.708	-8394.717	259.0085	0.8099929	1.431809	0.6778206	7.162578
11454	-8142.378	-8401.605	259.2277	0.838737	1.618225	0.7773107	6.888445
11460	-8142.969	-8402.105	259.1361	0.8471028	1.578993	0.6931122	7.005078
11466	-8147.369	-8406.668	259.2995	0.8345755	1.4353	0.6931122	6.980491
11520	-8134.162	-8391.785	257.6231	0.7654861	1.446306	0.5849941	7.991931
11526	-8135.194	-8394.139	258.9443	0.7810184	1.641865	0.5849941	7.201193
11532	-8136.997	-8394.136	257.1393	0.7902418	1.6263	0.5505172	8.195184
11538	-8134.392	-8392.048	257.6559	0.7936593	1.6263	0.5612543	7.909154
11544	-8131.845	-8390.853	259.0084	0.7936593	1.6263	0.5612543	7.184888
11550	-8137.955	-8397.37	259.4145	0.9507508	1.504983	0.5581492	6.930751
11556	-8122.974	-8382.797	259.8231	0.8503031	1.504983	0.6011676	6.729914
11592	-8138.706	-8397.768	259.062	0.9000498	1.501556	0.7718767	6.993064
11598	-8126.483	-8384.331	257.8486	0.9000498	1.501556	0.7718767	7.64428
11604	-8131.684	-8390.216	258.5319	0.8445189	1.482258	0.6800462	7.377971
11610	-8119.736	-8379.773	260.0369	0.8257792	1.35124	0.6800153	6.631877
11616	-8132.374	-8390.47	258.0959	0.7629954	1.306119	0.6899854	7.721391
11622	-8112.065	-8369.408	257.3428	0.8204296	1.673982	0.639199	7.984095
11628	-8114.66	-8373.06	258.3996	0.8418024	1.880556	0.6229861	7.348372
11634	-8115.02	-8373.293	258.2727	0.8382847	1.880556	0.6526586	7.396172
11640	-8117.975	-8377.233	259.259	0.8368065	1.662603	0.6526586	6.942477
11646	-8121.771	-8381.034	259.2629	0.8101243	1.762677	0.6213911	6.942477
11730	-8134.388	-8394.128	259.74	0.9060287	1.654014	0.5042641	6.768643
11736	-8137.816	-8397.541	259.725	0.926457	1.654014	0.5373657	6.736986
11742	-8135.962	-8393.746	257.7839	0.8398176	1.654014	0.7349376	7.677867
11748	-8124.433	-8382.21	257.7768	0.7618782	1.450518	0.7349376	7.801159
11754	-8111.517	-8368.519	257.0016	0.7307786	1.755131	0.6056387	8.210411
11760	-8126.511	-8384.099	257.5881	0.835816	1.755131	0.813045	7.698232
11766	-8126.88	-8384.587	257.7069	0.8040003	1.611876	0.7228346	7.76182
11772	-8136.252	-8394.965	258.7131	0.7529143	1.680849	0.6200438	7.298977
11778	-8129.984	-8389.357	259.3735	0.8987623	1.680849	0.624136	6.862074
11784	-8128.681	-8386.998	258.317	0.9207831	1.680849	0.629764	7.414069
11802	-8130.373	-8389.893	259.5201	0.8595717	1.620311	0.755538	6.732977
11808	-8132.635	-8392.763	260.1282	0.8858334	1.410552	0.6180781	6.570917
11814	-8146.853	-8404.938	258.0849	0.8683758	1.410552	0.6421607	7.661187
11820	-8136.243	-8394.96	258.7166	0.8544121	1.410552	0.7759516	7.237484
11826	-8121.568	-8380.165	258.5969	0.8544121	1.511486	0.8130383	7.237484
11832	-8113.813	-8371.619	257.8062	0.7967612	1.421572	0.8130383	7.72807
11838	-8125.208	-8383.048	257.8399	0.8320512	1.571191	0.8130383	7.632261
11850	-8149.583	-8405.789	256.2062	0.8141539	1.455772	0.5433105	8.749427
11856	-8153.121	-8409.339	256.2173	0.6751274	1.728505	0.5035774	8.749427
11862	-8129.227	-8386.988	257.7608	0.7494668	1.481556	0.5987347	7.902147
11868	-8130.238	-8386.628	256.3906	0.7574415	1.481556	0.584487	8.638268
11874	-8127.81	-8385.289	257.4787	0.7735934	1.391624	0.7053146	7.998257
11892	-8123.12	-8382.637	259.5171	0.8776319	1.361451	0.7845517	6.809111
11898	-8142.561	-8402.226	259.6652	0.8954935	1.479068	0.6161025	6.789505
11904	-8126.626	-8385.26	258.6343	0.8809672	1.429858	0.6527669	7.34438
11910	-8130.17	-8389.006	258.8364	0.7854662	1.531364	0.7025685	7.211099
11916	-8122.231	-8381.124	258.8929	0.8214352	1.39501	0.6135688	7.281359
11922	-8122.887	-8380.972	258.0848	0.7497352	1.553749	0.6553904	7.658139
11928	-8131.355	-8389.383	258.0275	0.8753746	1.460444	0.6553904	7.658139
11982	-8145.353	-8405.198	259.8441	0.8862877	1.619072	0.6671154	6.605352
11988	-8149.17	-8408.128	258.958	0.8208491	1.495174	0.6363633	7.188744
12024	-8140.852	-8400.081	259.2293	0.9104189	1.351269	0.6389913	7.051911
12120	-8118.785	-8377.146	258.3616	0.8695395	1.378137	0.6786075	7.49942
12126	-8134.358	-8393.175	258.8169	0.8598952	1.664879	0.5009126	7.289383
12204	-8135.946	-8394.614	258.6675	0.7696833	1.65514	0.7648285	7.221605
12210	-8120.621	-8378.676	258.0554	0.8587346	1.65514	0.7648285	7.50219
12216	-8116.573	-8375.048	258.4751	0.8521524	1.557987	0.818245	7.282829
12294	-8131.226	-8390.138	258.9114	0.8781288	1.568216	0.7070155	7.103654
12924	-8133.615	-8393.628	260.0131	0.8799112	1.477677	0.6400159	6.592277
12930	-8127.748	-8387.102	259.3541	0.8530122	1.477677	0.6713404	6.939527
12936	-8128.248	-8387.62	259.372	0.8080593	1.514468	0.6713404	6.939527
12972	-8155.272	-8413.097	257.8251	0.7687165	1.383218	0.6897457	7.8303
12978	-8140.505	-8398.88	258.3749	0.8617674	1.704864	0.6897457	7.362322
12990	-8131.86	-8390.723	258.8634	0.8830258	1.628589	0.6184707	7.168637
12996	-8135.135	-8395.526	260.3912	0.9162277	1.546666	0.6184707	6.356871
13002	-8147.711	-8408.129	260.4182	0.9162277	1.364198	0.5782351	6.448465
13008	-8135.769	-8393.821	258.0517	0.8710788	1.49004	0.6515738	7.638474
13014	-8137.944	-8396.041	258.0963	0.8379817	1.474622	0.6515738	7.638474
13020	-8129.447	-8387.666	258.219	0.75981	1.474622	0.6196528	7.638474
13026	-8129.744	-8389.109	259.3657	0.7682187	1.466622	0.7780894	6.910324
13032	-8149.825	-8406.473	256.6478	0.7410935	1.399637	0.6632562	8.484165
13038	-8128.846	-8386.081	257.2349	0.7405543	1.399637	0.6348293	8.192959
13050	-8118.062	-8375.613	257.5515	0.7557668	1.402102	0.685138	7.978671
13056	-8123.846	-8383.267	259.4214	0.9323804	1.399246	0.628201	6.92447
13062	-8135.971	-8395.058	259.087	0.8335907	1.399246	0.7788277	7.052332
13068	-8136.075	-8395.725	259.6498	0.8133219	1.498644	0.578069	6.864239
13074	-8127.755	-8387.43	259.6751	0.9223609	1.481097	0.6430472	6.748394
13080	-8142.461	-8400.635	258.1733	0.9223609	1.667381	0.6430472	7.485171
13086	-8133.29	-8390.966	257.6755	0.7832603	1.667381	0.602305	7.856688
13092	-8136.42	-8394.194	257.774	0.831933	1.667381	0.5067128	7.856688
13098	-8136.339	-8395.266	258.9276	0.9383681	1.667381	0.7138576	7.020867
13110	-8137.03	-8396.664	259.6341	0.9622667	1.340188	0.6632894	6.792612
13116	-8133.222	-8391.631	258.4094	0.7337828	1.292222	0.7230875	7.552519
13152	-8144.275	-8402.666	258.3906	0.7574455	1.361922	0.6123105	7.599733
13158	-8137.377	-8396.341	258.9634	0.8565411	1.361922	0.7811011	7.120726
13200	-8133.594	-8392.416	258.8226	0.8698674	1.330444	0.7251019	7.239899
13206	-8139.121	-8398.787	259.6654	0.8639524	1.57371	0.7251019	6.690265
13212	-8139.681	-8397.888	258.2071	0.8482218	1.531313	0.8057796	7.446772
13218	-8134.418	-8393.906	259.4881	0.865288	1.531313	0.6369554	6.86485
13224	-8136.511	-8395.228	258.7171	0.8861982	1.531313	0.7403662	7.195204
13230	-8143.995	-8402.12	258.1255	0.9726937	1.512991	0.742427	7.472013
13236	-8143.286	-8400.741	257.4541	0.7606982	1.512991	0.6599154	8.001589
13242	-8136.345	-8393.579	257.2333	0.7018416	1.225548	0.7285337	8.223678
13248	-8135.015	-8391.517	256.5024	0.746947	1.578787	0.7285337	8.442595
13254	-8141.333	-8399.454	258.121	0.774753	1.558563	0.7988021	7.52623
13260	-8129.988	-8388.634	258.6467	0.8273508	1.436877	0.7988021	7.264059
13266	-8122.916	-8381.159	258.2432	0.8269286	1.409136	0.7228282	7.54194
13272	-8137.518	-8394.273	256.7551	0.7833061	1.462523	0.7098614	8.346501
13278	-8143.385	-8401.429	258.045	0.8058622	1.560992	0.7741853	7.565087
13284	-8134.878	-8393.93	259.0523	0.8411799	1.512357	0.7741853	7.02422
13392	-8121.748	-8381.37	259.6213	0.8766487	1.446729	0.5499699	6.889353
13398	-8119.928	-8377.662	257.734	0.7544464	1.536904	0.6188254	7.876806
13404	-8111.04	-8370.587	259.5469	0.8390346	1.411325	0.6320846	6.8992
13494	-8145.761	-8403.264	257.503	0.7695099	1.414102	0.6911156	7.988101
13500	-8148.873	-8408.691	259.8186	0.9292728	1.414102	0.6911156	6.659424
13506	-8140.805	-8400.08	259.2751	0.8210137	1.591406	0.7688851	6.88804
13584	-8136.79	-8393.553	256.7627	0.8594614	1.52931	0.6789151	8.297381
13944	-8135.888	-8394.036	258.1484	0.8309924	1.355716	0.6300549	7.679133
13950	-8129.852	-8388.375	258.5228	0.8677182	1.355716	0.5658452	7.509204
13956	-8141.674	-8400.145	258.4714	0.8282037	1.423206	0.7114395	7.421019
13974	-8139.404	-8398.805	259.4012	0.8368555	1.421771	0.5991178	6.999892
13980	-8135.292	-8392.798	257.5054	0.8298808	1.421771	0.6268966	7.998015
13986	-8132.938	-8392.171	259.2335	0.8328956	1.382271	0.7460888	7.002556
13992	-8132.129	-8389.664	257.5346	0.7766767	1.298623	0.7460888	7.97884
13998	-8133.866	-8391.085	257.2188	0.7326572	1.344581	0.7236522	8.165814
14004	-8141.674	-8399.976	258.3022	0.8425087	1.344581	0.8525661	7.446041
14010	-8120.18	-8378.901	258.7207	0.8399425	1.41794	0.8525661	7.192
14016	-8118.372	-8377.594	259.2217	0.8120953	1.449125	0.8525661	6.924649
14022	-8124.969	-8384.036	259.0668	0.8702943	1.587698	0.6122825	7.086185
14028	-8128.394	-8387.099	258.705	0.8404887	1.396592	0.6122825	7.372278
14034	-8128.463	-8387.802	259.3384	0.838366	1.407588	0.7891562	6.904235
14040	-8123.431	-8382.968	259.5371	0.8455144	1.34804	0.6650965	6.903229
14046	-8121.732	-8380.863	259.131	0.8719234	1.631422	0.5402304	7.092465
14052	-8128.359	-8387.912	259.5536	0.8604019	1.587384	0.623239	6.820976
14058	-8141.257	-8398.554	257.2973	0.834704	1.587384	0.7267497	7.970635
14064	-8133.796	-8391.604	257.8075	0.7942185	1.402502	0.850727	7.713481
14070	-8126.409	-8385.575	259.1659	0.8875423	1.252281	0.6643858	7.123235
14076	-8132.63	-8389.931	257.3013	0.8255451	1.363814	0.6684559	8.102663
14082	-8129.35	-8388.056	258.7054	0.7486443	1.455157	0.6684559	7.355536
14088	-8125.113	-8383.521	258.4083	0.7985985	1.609987	0.6643327	7.431066
14094	-8128.501	-8387.966	259.4646	0.8497111	1.609987	0.6373348	6.855571
14100	-8125.475	-8383.848	258.3732	0.867273	1.335414	0.5723398	7.59299
14106	-8118.855	-8377.653	258.7973	0.8066823	1.604318	0.603762	7.265579
14112	-8130.287	-8389.251	258.9637	0.8308309	1.320937	0.6030726	7.277951
14118	-8132.287	-8390.306	258.0189	0.8121043	1.33947	0.6030726	7.785989
14124	-8130.708	-8389.521	258.813	0.7925485	1.384963	0.6462366	7.319321
14130	-8132.119	-8390.487	258.368	0.793324	1.405714	0.6462366	7.548806
14136	-8133.869	-8391.845	257.9757	0.8398151	1.630051	0.6462366	7.646436
14142	-8127.768	-8386.271	258.5032	0.8770617	1.642193	0.6462366	7.339381
14148	-8126.285	-8385.365	259.0802	0.8878476	1.501495	0.7648635	6.994443
14154	-8143.705	-8400.581	256.8753	0.7888503	1.733172	0.6591334	8.214482
14160	-8129.791	-8388.43	258.6394	0.7899186	1.815399	0.5239754	7.349237
14166	-8132.992	-8392.674	259.6819	0.880707	1.520184	0.5239754	6.847197
14172	-8130.148	-8389.588	259.4394	0.805523	1.305858	0.6816174	6.983813
14178	-8120.464	-8380.334	259.8696	0.891454	1.350165	0.6154212	6.735293
14184	-8117.854	-8375.369	257.5144	0.8070276	1.350165	0.6932672	7.987139
14190	-8119.781	-8377.692	257.911	0.8706435	1.524396	0.6115516	7.730542
14196	-8128.786	-8386.787	258.0008	0.7207	1.524396	0.6115516	7.76268
14202	-8130.327	-8389.042	258.7147	0.7391305	1.398104	0.7548138	7.319358
14208	-8131.393	-8389.376	257.9838	0.7225468	1.398104	0.7282897	7.73744
14214	-8141.667	-8399.583	257.9159	0.8244851	1.398104	0.7017282	7.73744
14220	-8132.108	-8390.44	258.3316	0.7888248	1.508797	0.7345527	7.467025
14226	-8127.702	-8386.701	258.9986	0.8384364	1.563681	0.7872146	7.026248
14232	-8125.445	-8383.583	258.1386	0.8046532	1.396661	0.6721312	7.650438
14238	-8137.789	-8395.89	258.1017	0.795561	1.396661	0.6440189	7.695478
14244	-8132.681	-8391.255	258.5736	0.7843387	1.715166	0.6440189	7.326671
14250	-8138.539	-8397.835	259.2963	0.8952575	1.857382	0.6934589	6.793219
14256	-8134.68	-8394.103	259.4232	0.9007635	1.782078	0.6934589	6.747404
14262	-8140.417	-8399.654	259.2378	0.8957448	1.662165	0.7359418	6.86347
14268	-8132.526	-8391.381	258.8546	0.8961004	1.752248	0.7946478	6.998981
14274	-8133.575	-8393.188	259.6126	0.8137097	1.454317	0.7698112	6.762958
14280	-8132.102	-8391.869	259.7677	0.9629666	1.565873	0.7698112	6.554366
14286	-8126.026	-8385.921	259.8943	0.87321	1.565873	0.7430809	6.552215
14292	-8123.55	-8380.855	257.3055	0.7911127	1.567516	0.640774	8.057715
14298	-8121.519	-8379.457	257.9375	0.7735946	1.37551	0.7014782	7.762713
14304	-8125.371	-8383.388	258.0171	0.7703623	1.37551	0.6865565	7.73234
14310	-8135.605	-8394.029	258.4235	0.7626131	1.58002	0.6865565	7.437537
14316	-8133.764	-8392.53	258.7662	0.7367853	1.565675	0.6865565	7.273002
14424	-8117.679	-8376.347	258.6673	0.8457555	1.432782	0.6506172	7.345938
14430	-8133.279	-8392.21	258.9314	0.8173782	1.387236	0.6030953	7.2742
14436	-8131.696	-8390.36	258.6641	0.874938	1.577111	0.7219845	7.224595
14442	-8120.76	-8378.321	257.561	0.8364762	1.641858	0.695985	7.829872
14448	-8126.72	-8385.947	259.2269	0.8847689	1.641858	0.695985	6.910319
14454	-8148.843	-8408.116	259.2736	0.8847689	1.641858	0.7657269	6.837681
14490	-8152.616	-8411.191	258.5743	0.8537615	1.557139	0.8696392	7.197687
14496	-8139.002	-8396.651	257.6489	0.8203787	1.557139	0.8696392	7.711552
14640	-8125.14	-8383.011	257.8711	0.8182207	1.359367	0.7486003	7.749156
14646	-8130.155	-8388.783	258.6279	0.9074274	1.56105	0.7486003	7.214778
14682	-8134.151	-8392.648	258.4968	0.9782868	1.472514	0.5998053	7.388759
14688	-8128.84	-8388.357	259.5167	0.8451569	1.472514	0.6219202	6.894906
14694	-8130.961	-8390.155	259.1939	0.9134925	1.646002	0.5547062	7.018791
14700	-8135.206	-8394.105	258.8988	0.9985035	1.566633	0.8397896	6.959657
14706	-8124.693	-8384.797	260.1048	0.9960985	1.469298	0.612626	6.504034
14712	-8124.204	-8384.314	260.1107	0.8641895	1.552114	0.6245335	6.530346
14718	-8135.864	-8395.855	259.991	0.8441559	1.450361	0.6245335	6.646345
14724	-8131.611	-8390.975	259.3644	0.8928863	1.838263	0.736203	6.73457
14730	-8130.537	-8389.856	259.3194	0.876769	1.549774	0.736203	6.871748
14736	-8138.159	-8398.778	260.619	0.9143943	1.676858	0.6694705	6.146551
14742	-8142.992	-8400.682	257.6902	0.7898643	1.358926	0.7432737	7.864668
14748	-8125.742	-8385.214	259.4716	0.8521561	1.358926	0.6619845	6.932565
14754	-8134.518	-8393.011	258.4927	0.8302877	1.358926	0.7766766	7.391752
14760	-8116.058	-8374.94	258.8812	0.9103718	1.379315	0.730617	7.162032
14766	-8119.092	-8376.464	257.3721	0.8798644	1.52094	0.7985221	7.885082
14772	-8110.066	-8368.144	258.0781	0.7863743	1.52094	0.5897786	7.704499
14778	-8120.231	-8378.322	258.0914	0.8459611	1.401935	0.6009213	7.704499
14784	-8117.291	-8376.532	259.2403	0.8925144	1.443127	0.7402481	6.945453
14790	-8117.555	-8375.709	258.1532	0.8297271	1.589047	0.6338732	7.581297
14796	-8124.647	-8385.017	260.3696	0.8659756	1.41037	0.6338732	6.438964
14802	-8124.199	-8382.224	258.0251	0.8657248	1.485278	0.5732112	7.717554
14808	-8122.447	-8380.969	258.5211	0.8129808	1.506623	0.7014283	7.375998
14814	-8123.703	-8383.659	259.9552	0.9022982	1.718985	0.6956554	6.479516
14820	-8134.994	-8394.79	259.7952	0.9022982	1.788993	0.7049205	6.534986
14826	-8130.277	-8390.281	260.0036	0.8723448	1.526647	0.7049205	6.534986
14832	-8124.208	-8383.713	259.5058	0.9503473	1.36639	0.6224481	6.887507
14838	-8117.402	-8376.304	258.9022	0.846807	1.36639	0.6224481	7.267955
14844	-8133.413	-8390.23	256.8169	0.760639	1.3709	0.8503658	8.27312
14862	-8131.731	-8392.061	260.3301	0.8375682	1.429368	0.7040054	6.41675
14868	-8116.652	-8376.411	259.7592	0.9225437	1.566995	0.7525412	6.591858
14874	-8106.564	-8365.39	258.8261	0.8279926	1.415222	0.6624751	7.268769
14880	-8126.846	-8385.658	258.8121	0.9163602	1.359583	0.6398589	7.268769
14886	-8130.484	-8388.284	257.8	0.8798279	1.40077	0.6834884	7.781486
14892	-8132.171	-8391.456	259.2848	0.8753442	1.335566	0.6301903	7.054301
14898	-8131.321	-8389.065	257.7434	0.7914352	1.38485	0.5938265	7.932132
14904	-8134.392	-8392.827	258.4355	0.8477269	1.38485	0.6714954	7.473813
14910	-8130.058	-8388.436	258.3786	0.8110604	1.363962	0.6865947	7.521954
14916	-8115.811	-8373.986	258.1753	0.8657209	1.397386	0.7691281	7.531596
14922	-8125.943	-8385.034	259.0919	0.8540418	1.458776	0.6262535	7.121077
14928	-8131.058	-8390.153	259.0947	0.8525467	1.438087	0.5924186	7.154933
14934	-8143.616	-8400.792	257.1755	0.8092625	1.483686	0.5924186	8.186421
14940	-8137.147	-8395.914	258.7673	0.7773609	1.483686	0.5924186	7.352792
14946	-8125.724	-8384.015	258.2907	0.7953467	1.645932	0.5924186	7.53675
14952	-8126.865	-8387.02	260.1557	0.9590731	1.653027	0.7832766	6.304465
14958	-8144.145	-8404.474	260.3287	1.041317	1.385128	0.7137789	6.318605
14964	-8134.425	-8392.245	257.8205	0.8543479	1.629082	0.6615257	7.710849
14970	-8125.006	-8383.556	258.55	0.9590986	1.645954	0.727447	7.211267
14976	-8140.54	-8400.302	259.7614	0.8521467	1.819856	0.6748873	6.591157
14982	-8126.09	-8385.53	259.4395	0.8322675	1.915534	0.6642364	6.751639
14988	-8136.034	-8395.103	259.0695	0.7923402	1.644763	0.7515017	7.005853
14994	-8129.758	-8388.835	259.0769	0.9405948	1.58356	0.707856	6.974536
15000	-8133.133	-8391.536	258.4025	0.8340847	1.359586	0.7192167	7.475999
15006	-8132.51	-8391.275	258.7657	0.8513248	1.359586	0.7133731	7.275952
15012	-8134.593	-8393.217	258.6247	0.8269757	1.359586	0.6667277	7.397565
15018	-8140.16	-8397.052	256.8925	0.816735	1.377774	0.6844799	8.307819
15024	-8135.159	-8393.365	258.2066	0.8078328	1.377774	0.6844799	7.611416
15030	-8149.859	-8407.904	258.0453	0.8793439	1.377774	0.7548956	7.611416
15036	-8149.685	-8408.317	258.6317	0.8423246	1.54612	0.6032505	7.35776
15054	-8145.993	-8403.04	257.0469	0.8045703	1.700001	0.5964043	8.173441
15060	-8136.21	-8397.069	260.8586	1.010093	1.700001	0.6072343	6.002639
15066	-8142.642	-8400.14	257.4976	0.8485625	1.700001	0.6072343	7.901307
15072	-8133.184	-8390.633	257.4488	0.8211123	1.700001	0.7032784	7.871953
15078	-8137.394	-8394.953	257.5585	0.8273525	1.589694	0.6725579	7.871953
15084	-8140.973	-8399.188	258.2157	0.8098649	1.561442	0.5719393	7.616954
15090	-8131.407	-8389.503	258.0956	0.7860298	1.486086	0.7708817	7.579835
15096	-8135.129	-8392.306	257.1774	0.7851034	1.543155	0.7058399	8.092012
15102	-8128.359	-8386.825	258.4661	0.7980018	1.543155	0.7058399	7.396291
15108	-8133.223	-8391.658	258.4343	0.890546	1.467762	0.7015539	7.396291
15114	-8130.375	-8388.502	258.1269	0.9000135	1.467762	0.5644142	7.65885
15120	-8134.324	-8392.451	258.1269	0.9000135	1.467762	0.5644142	7.65885
15126	-8131.51	-8391.465	259.9545	0.9000167	1.435903	0.6784091	6.601852
15132	-8127.86	-8386.748	258.8882	0.7942285	1.435903	0.6784091	7.233599
15138	-8127.02	-8385.236	258.2161	0.8299328	1.651691	0.6612187	7.50414
15144	-8123.036	-8380.7	257.6634	0.7622556	1.424672	0.6919752	7.901422
15150	-8125.368	-8385.934	260.5653	0.9261116	1.322269	0.6850497	6.300121
15156	-8137.646	-8396.974	259.3279	0.844839	1.571513	0.6850497	6.911532
15162	-8138.817	-8396.595	257.7783	0.8204273	1.593429	0.7232209	7.721522
15168	-8135.778	-8393.965	258.1867	0.8085884	1.331081	0.7622275	7.58862
15174	-8148.16	-8405.996	257.8359	0.8300276	1.36517	0.7947004	7.72938
15180	-8142.367	-8402.034	259.6671	0.8566003	1.546028	0.6443645	6.761666
15186	-8134.445	-8393.135	258.6897	0.8647838	1.546028	0.6443645	7.283456
15192	-8145.387	-8404.551	259.1643	0.8801495	1.567083	0.6800365	6.985926
15198	-8149.004	-8405.813	256.8091	0.8011653	1.544143	0.6800365	8.297235
15204	-8145.11	-8403.702	258.5914	0.8048315	1.415858	0.6885768	7.388182
15210	-8128.381	-8386.831	258.4503	0.8790798	1.44786	0.7597236	7.362484
15216	-8130.482	-8389.116	258.6337	0.8389506	1.311447	0.7597236	7.342966
15222	-8134.153	-8391.888	257.7354	0.8001311	1.311447	0.6870394	7.893932
15228	-8126.058	-8383.795	257.7368	0.7973939	1.312976	0.6870394	7.893932
15252	-8140.887	-8399.667	258.7807	0.8676391	1.581976	0.8170305	7.101929
15258	-8132.383	-8390.134	257.7511	0.8655295	1.466074	0.6381318	7.821608
15264	-8124.695	-8381.799	257.104	0.7501522	1.544005	0.5884175	8.235656
15270	-8121.626	-8378.655	257.0291	0.7889055	1.409904	0.6858584	8.235656
15276	-8133.855	-8392.827	258.9718	0.7787502	1.345407	0.7418165	7.190975
15282	-8138.33	-8397.184	258.8542	0.8288529	1.366303	0.7834574	7.190975
15288	-8148.674	-8407.072	258.3978	0.8119118	1.366303	0.7684943	7.454684
15294	-8140.299	-8398.741	258.4425	0.8512926	1.366303	0.6422458	7.497265
15312	-8136.018	-8393.11	257.0917	0.7666594	1.366686	0.7724719	8.1738
15318	-8128.569	-8385.769	257.1994	0.7275192	1.403852	0.6949526	8.1738
15324	-8130.346	-8388.732	258.3858	0.8416384	1.328603	0.6949526	7.510956
15330	-8114.906	-8373.335	258.4293	0.84362	1.516214	0.7307983	7.384923
15336	-8131.096	-8390.189	259.0924	0.8347506	1.516214	0.6506321	7.090136
15342	-8135.52	-8394.166	258.6461	0.8430411	1.487381	0.663289	7.327559
15348	-8123.414	-8382.141	258.7273	0.7888126	1.487381	0.6435698	7.327559
15354	-8121.448	-8379.172	257.7248	0.7848413	1.300124	0.642473	7.9448
15360	-8123.973	-8382.14	258.167	0.8690317	1.433759	0.7740858	7.51608
15366	-8129.273	-8386.715	257.4425	0.8138381	1.446177	0.6403244	8.020235
15372	-8135.504	-8392.591	257.0873	0.7875111	1.294683	0.6403244	8.286998
15378	-8133.203	-8393.142	259.939	0.840562	1.294683	0.758859	6.647114
15384	-8115.016	-8373.309	258.2936	0.8123617	1.294683	0.6375701	7.632178
15390	-8123.687	-8381.81	258.1238	0.7276666	1.294683	0.6375701	7.768282
15396	-8119.263	-8380.048	260.7859	0.9453021	1.432062	0.7543274	6.074768
15402	-8124.482	-8383.26	258.7781	0.8313336	1.686798	0.5844898	7.247486
15408	-8115.168	-8373.536	258.3687	0.8464595	1.392499	0.7175239	7.474789
15414	-8119.574	-8379.188	259.6142	0.7681503	1.392499	0.7175239	6.847376
15420	-8119.706	-8380.578	260.8711	0.8994828	1.473723	0.7175239	6.061373
15426	-8125.649	-8385.748	260.099	0.9390573	1.473723	0.863847	6.364844
15432	-8119.128	-8379.337	260.2086	0.8799039	1.513785	0.6213879	6.486204
15438	-8124.824	-8384.059	259.2342	0.7681535	1.513785	0.6400131	7.058489
15444	-8156.139	-8416.306	260.1672	0.8208461	1.493604	0.6400131	6.534444
15450	-8122.041	-8380.156	258.1155	0.7730583	1.493604	0.6400131	7.663913
15456	-8119.901	-8378.135	258.2338	0.7894809	1.528903	0.6743434	7.552988
15462	-8126.637	-8384.516	257.8797	0.7835243	1.401203	0.6285112	7.830249
15468	-8122.682	-8380.472	257.7896	0.8376018	1.505282	0.6285112	7.807649
15474	-8127.528	-8384.654	257.1262	0.8695682	1.459336	0.6243431	8.165741
15480	-8130.203	-8387.034	256.8307	0.7178135	1.304386	0.6243431	8.468191
15486	-8125.346	-8383.858	258.512	0.7619035	1.304386	0.6243431	7.548007
15492	-8128.027	-8386.462	258.4342	0.733999	1.450934	0.6177989	7.548007
15498	-8126.102	-8385.213	259.1103	0.8750383	1.263019	0.6876794	7.13825
15504	-8133.616	-8393.523	259.907	0.9236984	1.532658	0.6485118	6.597832
15510	-8118.09	-8376.581	258.4916	0.8241224	1.532658	0.5949841	7.454288
15516	-8135.333	-8394.667	259.334	0.8786299	1.532658	0.6190784	6.953734
15522	-8130.025	-8389.1	259.0754	0.9115444	1.308612	0.7220267	7.093245
15528	-8147.498	-8405.392	257.8939	0.7649071	1.529384	0.7220267	7.714548
15534	-8126.994	-8384.706	257.7113	0.7639357	1.362342	0.6203543	7.952973
15540	-8127.705	-8387.151	259.4457	0.8388736	1.551492	0.7064612	6.843849
15546	-8135.615	-8396.138	260.5235	0.8778207	1.433261	0.673431	6.310168
15552	-8145.951	-8404.094	258.1434	0.8527215	1.4515	0.7433256	7.550489
15558	-8129.62	-8388.05	258.4301	0.8569806	1.399784	0.7608647	7.404168
15564	-8156.646	-8414.005	257.3596	0.8760717	1.592736	0.619622	7.989881
15600	-8149.597	-8408.717	259.1202	0.7755502	1.449467	0.6383887	7.142669
15606	-8142.705	-8400.249	257.5431	0.8061889	1.60218	0.6383887	7.911659
15762	-8136.16	-8393.131	256.9709	0.7823303	1.731991	0.7006057	8.138083
15768	-8126.164	-8384.29	258.1262	0.7856762	1.467615	0.7032127	7.616385
15774	-8140.804	-8399.06	258.2559	0.8252805	1.393564	0.6076367	7.625863
15780	-8144.06	-8402.167	258.1073	0.8935401	1.704196	0.6076367	7.549495
15786	-8148.839	-8407.326	258.4874	0.7942109	1.34697	0.6549689	7.502643
15840	-8139.912	-8397.17	257.2581	0.8489446	1.539706	0.7647245	7.976837
15846	-8133.629	-8391.057	257.4274	0.7626741	1.559915	0.687853	7.976837
15852	-8153.613	-8409.658	256.0457	0.7884685	1.559915	0.588479	8.771463
15858	-8147.886	-8406.574	258.6873	0.8760289	1.559915	0.5771288	7.325202
15960	-8124.864	-8384.439	259.5756	0.8187622	1.472098	0.7215022	6.805463
15966	-8128.841	-8387.513	258.6718	0.8379308	1.542418	0.5975496	7.344507
15972	-8129.963	-8387.568	257.6051	0.8117936	1.542418	0.8355656	7.765715
15978	-8129.178	-8386.45	257.2711	0.7605565	1.542418	0.8355656	7.971415
15984	-8149.826	-8407.356	257.5303	0.7266438	1.384963	0.628403	8.053857
16002	-8145.843	-8404.106	258.2633	0.8289569	1.613306	0.6468905	7.504013
16008	-8150.362	-8409.782	259.4199	0.8582036	1.613306	0.6888019	6.836267
16050	-8133.99	-8391.127	257.137	0.7600155	1.455905	0.6400796	8.207988
16056	-8126.975	-8386.074	259.0989	0.8356341	1.367973	0.6195708	7.169835
16062	-8140.785	-8399.735	258.9496	0.8356341	1.367973	0.7312465	7.169835
16068	-8128.642	-8388.17	259.528	0.8361695	1.414749	0.7097726	6.853272
16074	-8121.872	-8381.038	259.1665	0.9111016	1.78984	0.728601	6.853272
16080	-8131.764	-8390.532	258.7677	0.8041855	1.772527	0.728601	7.131606
16086	-8121.176	-8380.101	258.9252	0.8159083	1.657132	0.6578139	7.131606
16122	-8136.676	-8396.773	260.0972	0.8712358	1.504689	0.687002	6.506238
16128	-8123.077	-8380.878	257.8016	0.8837131	1.472861	0.7276181	7.718781
16134	-8130.326	-8389.407	259.0812	0.8507635	1.569033	0.5299279	7.16276
16140	-8134.462	-8394.35	259.8874	0.8521497	1.2911	0.5810494	6.79981
16146	-8133.519	-8391.842	258.323	0.9068097	1.2911	0.6154796	7.584193
16152	-8137.167	-8396.572	259.4046	0.8739879	1.2911	0.6616842	6.986613
16158	-8143.349	-8400.315	256.9663	0.756357	1.371675	0.6034074	8.362848
16164	-8135.793	-8394.437	258.6438	0.821731	1.479202	0.5890554	7.399631
16194	-8131.031	-8389.755	258.7245	0.8231662	1.550888	0.6771702	7.26132
16200	-8133.373	-8392.817	259.4447	0.9058233	1.515054	0.5862874	6.911921
16206	-8120.918	-8379.927	259.0088	0.9167857	1.259107	0.6191822	7.222542
16212	-8122.242	-8381.035	258.7936	0.8520075	1.670849	0.677322	7.163787
16218	-8125.727	-8384.823	259.0961	0.8010536	1.357765	0.677322	7.151546
16230	-8140.443	-8397.41	256.9678	0.7637433	1.452339	0.5459772	8.370915
16236	-8132.052	-8391.764	259.7122	0.87614	1.53887	0.6006671	6.762981
16242	-8119.39	-8377.701	258.3116	0.8302881	1.53887	0.6006671	7.540609
16248	-8128.11	-8387.634	259.524	0.9025204	1.53887	0.605068	6.846831
16260	-8122.457	-8380.272	257.8142	0.8268904	1.522349	0.6969286	7.744068
16266	-8122.302	-8381.806	259.5033	0.8323686	1.637137	0.6302165	6.839289
16272	-8124.683	-8384.124	259.4406	0.8300865	1.47048	0.7715357	6.839289
16278	-8119.485	-8378.185	258.7006	0.8300865	1.47048	0.7715357	7.237592
16284	-8133.437	-8391.009	257.5717	0.7903191	1.468883	0.5798139	8.001175
16290	-8123.719	-8380.984	257.2648	0.7903191	1.543168	0.6497799	8.082468
16296	-8128.474	-8386.843	258.369	0.7969387	1.385475	0.6497799	7.552133
16302	-8138.348	-8396.839	258.4911	0.786869	1.702312	0.7037329	7.33131
16308	-8146.572	-8404.48	257.9079	0.852781	1.38375	0.6315143	7.783173
16314	-8145.489	-8405.158	259.6693	0.8693186	1.55557	0.6187323	6.769296
16332	-8130.956	-8388.751	257.7951	0.8995296	1.566471	0.8497266	7.599368
16338	-8126.068	-8384.29	258.2222	0.8402838	1.608895	0.7128362	7.474596
16344	-8114.402	-8372.664	258.2615	0.8546169	1.604814	0.7128362	7.447397
16350	-8118.203	-8376.902	258.6992	0.813278	1.604814	0.651937	7.278104
16356	-8124.636	-8384.17	259.534	0.8771584	1.601458	0.651937	6.795629
16362	-8118.016	-8377.772	259.7555	0.8393722	1.658869	0.6493087	6.676997
16368	-8127.501	-8386.625	259.1242	0.8958181	1.552683	0.6440592	7.030876
16374	-8119.873	-8380.047	260.1741	0.9503839	1.591684	0.6440592	6.41932
16380	-8122.842	-8382.309	259.4669	0.877133	1.591684	0.6440592	6.84137
16386	-8128.418	-8387.627	259.2089	0.9300775	1.625984	0.6160407	6.960272
16392	-8121.254	-8380.134	258.88	0.8728927	1.441003	0.6863366	7.188019
16398	-8124.221	-8384.009	259.7878	0.9102012	1.441003	0.7604811	6.627725
16404	-8114.582	-8374.27	259.6887	0.8629608	1.327328	0.7118524	6.787793
16410	-8116.332	-8374.083	257.7506	0.7945714	1.610394	0.7118524	7.751595
16416	-8128.166	-8385.649	257.4829	0.7945714	1.462914	0.6489177	7.995913
16422	-8115.273	-8374.115	258.8421	0.8561786	1.609518	0.6099738	7.208164
16428	-8126.424	-8384.961	258.5361	0.8319273	1.609518	0.5382391	7.443163
16440	-8126.797	-8385.037	258.2402	0.7470949	1.66555	0.5649843	7.604413
16446	-8121.994	-8381.62	259.6263	0.793743	1.30232	0.6163769	6.939371
16482	-8123.896	-8383.176	259.2803	0.865836	1.525283	0.6171216	6.993911
16488	-8128.324	-8387.794	259.4696	0.8120637	1.347021	0.6171216	6.993911
16494	-8118.212	-8376.528	258.3155	0.8349181	1.347021	0.7459198	7.509479
16620	-8125.411	-8382.689	257.2774	0.7278304	1.468147	0.6727791	8.121722
16626	-8132.399	-8391.21	258.8108	0.8094209	1.476859	0.6569887	7.265936
16632	-8134.301	-8393.65	259.3494	0.8844994	1.623191	0.7804747	6.794249
16638	-8121.67	-8381.296	259.6267	0.8305177	1.467252	0.6164116	6.849833
16644	-8127.585	-8386.271	258.6856	0.7952545	1.467252	0.7088199	7.30775
16650	-8129.822	-8388.353	258.5313	0.8557228	1.324416	0.6632647	7.449829
16656	-8132.35	-8390.678	258.3282	0.8132913	1.334829	0.6185303	7.610043
16662	-8141.032	-8398.977	257.945	0.8179696	1.391885	0.6217048	7.785943
16668	-8130.304	-8388.712	258.4085	0.7763285	1.391885	0.6190671	7.562323
16674	-8126.724	-8386.207	259.4835	0.8076448	1.391885	0.6560616	6.940499
16680	-8128.102	-8386.848	258.7464	0.7804339	1.438371	0.6560616	7.332269
16686	-8126.158	-8386.503	260.3452	0.9233664	1.433957	0.6560616	6.394681
16704	-8138.444	-8396.872	258.4278	0.7269362	1.292539	0.6780521	7.577536
16710	-8136.901	-8395.132	258.2311	0.8085506	1.458172	0.6668284	7.577536
16716	-8139.011	-8395.876	256.8651	0.7602303	1.437337	0.6668284	8.340559
16722	-8121.768	-8378.573	256.8051	0.8158258	1.357257	0.6668284	8.375892
16728	-8118.179	-8376.551	258.3725	0.8808493	1.280723	0.699163	7.515103
16734	-8126.102	-8385.218	259.1162	0.8362543	1.280723	0.699163	7.139956
16740	-8124.519	-8383.173	258.6534	0.8328955	1.542583	0.699163	7.281924
16746	-8129.51	-8387.177	257.667	0.8639772	1.529366	0.6509262	7.833049
16794	-8139.389	-8397.471	258.0821	0.7976432	1.380018	0.7299278	7.651139
16800	-8127.488	-8386.345	258.8577	0.7687854	1.449545	0.7299278	7.222224
16806	-8134.093	-8392.133	258.0393	0.807352	1.569614	0.7106069	7.606475
16812	-8122.554	-8381.551	258.9964	0.8949527	1.359835	0.7661528	7.092975
16818	-8130.935	-8390.655	259.7195	0.9471946	1.359835	0.7661528	6.674885
16824	-8122.018	-8381.584	259.5664	0.9471946	1.359835	0.7661528	6.757639
16830	-8114.039	-8373.031	258.9921	0.8957857	1.453586	0.7661528	7.055893
16836	-8125.839	-8384.209	258.3695	0.8527971	1.453586	0.7661528	7.413411
16842	-8137.111	-8395.618	258.5069	0.8717309	1.444706	0.6503214	7.413411
16848	-8125.746	-8384.642	258.8969	0.8563996	1.56264	0.6503214	7.165845
16854	-8129.323	-8388.34	259.0168	0.8400944	1.380315	0.6503214	7.18328
16860	-8136.577	-8395.579	259.002	0.8787864	1.630255	0.6503214	7.07186
16866	-8133.451	-8393.682	260.2306	0.9442663	1.630255	0.7055354	6.332856
16950	-8151.911	-8409.192	257.2805	0.7983024	1.399866	0.7042722	8.088071
16956	-8139.688	-8397.146	257.4578	0.8426274	1.586758	0.6898431	7.906388
17154	-8132.994	-8391.938	258.9448	0.8849016	1.526073	0.5998417	7.177247
17322	-8152.296	-8411.462	259.166	0.8198208	1.652855	0.608158	7.038915
17328	-8139.012	-8397.577	258.565	0.8305801	1.652855	0.608158	7.356073
17340	-8142.811	-8402.465	259.6534	0.9163537	1.897526	0.6533695	6.604465
17346	-8129.614	-8388.387	258.773	0.8723318	1.561668	0.595717	7.265789
17352	-8133.557	-8391.404	257.8473	0.841975	1.511554	0.7030701	7.718248
17358	-8127.948	-8386.906	258.9581	0.7778714	1.609061	0.7144203	7.11193
17370	-8138.454	-8396.306	257.8518	0.7789777	1.609061	0.704848	7.711145
17376	-8147.015	-8406.515	259.5001	0.8614998	1.331882	0.704848	6.893198
17424	-8124.562	-8383.322	258.76	0.8396012	1.477405	0.626746	7.299319
17430	-8131.609	-8389.359	257.7496	0.8743186	1.679253	0.6455628	7.731482
17436	-8136.054	-8394.218	258.164	0.8432118	1.679253	0.6222457	7.543864
17442	-8133.887	-8393.914	260.0268	0.8981319	1.412615	0.7269352	6.539296
17448	-8121.787	-8379.839	258.0521	0.9183489	1.414066	0.6543719	7.641528
17454	-8129.809	-8390.518	260.7091	1.032562	1.414066	0.6543719	6.147162
17460	-8119.395	-8378.035	258.6402	0.9832227	1.546293	0.6256986	7.260291
17466	-8121.793	-8380.081	258.2879	0.7973417	1.421861	0.6542147	7.57704
17472	-8133.577	-8394.062	260.4848	0.9365489	1.603157	0.6542147	6.246225
17478	-8131.959	-8392.062	260.1032	0.997822	1.603157	0.5121576	6.534646
17484	-8143.264	-8401.68	258.4158	0.8749637	1.53024	0.5121576	7.537019
17490	-8135.703	-8393.817	258.1137	0.9619854	1.512355	0.6665069	7.537019
17496	-8141.149	-8399.341	258.1923	0.8335973	1.559781	0.6665069	7.545381
17502	-8140.588	-8400.215	259.6269	0.8738538	1.347643	0.6341669	6.862599
17508	-8135.485	-8395.619	260.1337	0.8884558	1.347643	0.6766384	6.549567
17514	-8147.279	-8407.079	259.7993	0.8524898	1.348288	0.6766384	6.749546
17520	-8132.132	-8389.872	257.7408	0.7636795	1.587653	0.6766384	7.806421
17526	-8130.377	-8389.168	258.7905	0.79081	1.522786	0.6766384	7.2545
17550	-8146.399	-8406.243	259.8442	0.9477776	1.551893	0.7013258	6.573113
17556	-8153.844	-8412.48	258.6365	0.8003016	1.652853	0.8142292	7.191001
17580	-8119.835	-8379.38	259.5451	0.7843904	1.702107	0.6380282	6.813029
17586	-8123.597	-8381.283	257.6862	0.8278692	1.592495	0.6380282	7.827614
17592	-8143.241	-8401.073	257.8328	0.832992	1.332764	0.6666895	7.829626
17598	-8139.913	-8398.2	258.2872	0.8132904	1.332764	0.6666895	7.597215
17802	-8132.372	-8390.122	257.7496	0.9234392	1.560443	0.7160633	7.6991
17808	-8147.7	-8404.565	256.8653	0.7682918	1.573665	0.8310897	8.17446
17904	-8121.013	-8380.102	259.0893	0.9156647	1.499602	0.6012661	7.092277
17910	-8125.595	-8384.472	258.8766	0.8972822	1.342676	0.7185509	7.195385
17916	-8119.516	-8377.92	258.4038	0.8657529	1.3102	0.779895	7.439319
17922	-8129.863	-8387.835	257.9718	0.7965982	1.656321	0.8122426	7.549512
17928	-8125.767	-8385.209	259.4423	0.9628961	1.448866	0.8164422	6.746688
17964	-8135.772	-8394.444	258.6722	0.8712181	1.321219	0.6420306	7.382939
18000	-8125.235	-8383.506	258.2719	0.8281523	1.749389	0.7188931	7.399618
18006	-8136.47	-8394.968	258.498	0.8112723	1.477594	0.7441891	7.371661
18012	-8122.913	-8380.79	257.877	0.7413838	1.477594	0.7441891	7.741583
18018	-8117.336	-8376.614	259.2779	0.7911583	1.477594	0.6145283	7.056237
18054	-8136.118	-8396.014	259.8964	0.8330957	1.611246	0.5903272	6.667232
18060	-8123.406	-8381.987	258.5816	0.7154998	1.5162	0.6157376	7.454594
18066	-8132.052	-8389.357	257.3051	0.7281325	1.473901	0.6028553	8.156343
18072	-8135.638	-8395.098	259.46	0.8046985	1.473901	0.7791669	6.836175
18078	-8124.885	-8383.772	258.8867	0.8094637	1.427181	0.6275642	7.267132
18084	-8114.602	-8373.737	259.1349	0.7770082	1.388494	0.6275642	7.167257
18114	-8123.436	-8380.498	257.0623	0.8001594	1.38603	0.5900218	8.292887
18120	-8149.71	-8407.413	257.7028	0.8220722	1.710446	0.5900218	7.815565
18126	-8143.122	-8400.556	257.4338	0.8673741	1.569465	0.5900218	7.98655
18132	-8147.275	-8406.051	258.7767	0.8443227	1.569465	0.5900218	7.280327
18138	-8146.224	-8406.088	259.8635	0.8541036	1.462316	0.6927784	6.654827
18144	-8138.047	-8398.626	260.5794	0.8978296	1.532136	0.6927784	6.215189
18162	-8140.214	-8398.272	258.0574	0.7902547	1.728364	0.6927784	7.560351
18168	-8136.941	-8394.813	257.8723	0.790762	1.705035	0.5637434	7.764641
18174	-8146.59	-8405.88	259.2901	0.8091132	1.585814	0.6795935	6.949633
18180	-8134.534	-8393.63	259.096	0.8684355	1.376587	0.6408387	7.134077
18186	-8123.242	-8382.419	259.1775	0.7869268	1.376587	0.6408387	7.134077
18192	-8119.054	-8378.028	258.9743	0.8017428	1.558161	0.8121109	7.045384
18198	-8123.632	-8384.788	261.1553	0.9048885	1.623115	0.8121109	5.781693
18204	-8117.4	-8376.82	259.4205	0.9844211	1.594583	0.8081136	6.694876
18210	-8119.881	-8379.482	259.6009	0.8990184	1.594583	0.7197927	6.701895
18216	-8121.984	-8382.145	260.1607	0.8692206	1.44347	0.7197927	6.474591
18222	-8120.298	-8380.266	259.9672	0.9167778	1.403557	0.7197927	6.570158
18228	-8121.366	-8381.366	260.0004	0.92188	1.403557	0.7197927	6.549427
18240	-8134.175	-8393.351	259.1762	0.8504431	1.403557	0.6402101	7.089763
18246	-8136.731	-8396.137	259.4068	0.910969	1.544866	0.6402101	6.876338
18252	-8141.771	-8400.263	258.4919	0.8137226	1.549824	0.5961498	7.452202
18258	-8139.571	-8397.649	258.0786	0.7971079	1.468526	0.5961498	7.714121
18264	-8139.062	-8397.44	258.3774	0.8600328	1.302745	0.5961498	7.589913
18270	-8157.803	-8417.567	259.7633	0.8672915	1.488227	0.5727298	6.782388
18276	-8135.388	-8393.435	258.0474	0.8062529	1.310713	0.5727298	7.810208
18282	-8134.725	-8394.842	260.117	0.8515472	1.310713	0.7415002	6.549436
18288	-8142.931	-8402.353	259.4224	0.8377753	1.449061	0.7119725	6.893726
18294	-8139.115	-8397.371	258.2565	0.8195471	1.308574	0.7532752	7.561058
18300	-8133.552	-8392.018	258.4656	0.8580004	1.544487	0.6690818	7.389835
18306	-8135.336	-8394.307	258.971	0.9404462	1.476604	0.6690818	7.100782
18312	-8125.394	-8384.552	259.1579	0.8783516	1.315777	0.6690818	7.100782
18318	-8120.514	-8379.43	258.9162	0.7895096	1.441086	0.6690818	7.225659
18324	-8123.994	-8383.015	259.0208	0.8378475	1.346881	0.7190338	7.147654
18330	-8127.827	-8386.694	258.8665	0.9064762	1.308518	0.7190338	7.210367
18336	-8133.178	-8392.849	259.6713	0.8730759	1.366115	0.7190338	6.770037
18342	-8130.78	-8390.287	259.5066	0.8760248	1.366115	0.6834028	6.88231
18348	-8123.401	-8382.247	258.8457	0.8249618	1.528589	0.6834028	7.199416
18354	-8141.704	-8399.443	257.7386	0.8038853	1.567497	0.5654967	7.878046
18360	-8129.114	-8387.529	258.4153	0.7841102	1.596127	0.6863284	7.424469
18366	-8129.486	-8387.428	257.9421	0.7316309	1.529568	0.7047288	7.718361
18372	-8130.035	-8389.228	259.193	0.8885311	1.367424	0.7047288	7.028873
18378	-8119.507	-8378.886	259.3791	0.8514001	1.627272	0.6250866	6.903539
18384	-8124.914	-8383.101	258.1868	0.8173702	1.304434	0.6250866	7.691762
18390	-8122.439	-8380.695	258.2557	0.8485129	1.463437	0.640507	7.560149
18396	-8124.239	-8382.217	257.9783	0.7744355	1.493846	0.6860638	7.703145
18402	-8125.611	-8384.467	258.8558	0.8938465	1.510435	0.6860638	7.162172
18408	-8132.364	-8391.227	258.8637	0.856341	1.551408	0.6860638	7.162172
18414	-8145.782	-8403.618	257.8353	0.8232091	1.551408	0.7102755	7.714313
18420	-8138.883	-8398.669	259.786	0.9563906	1.676231	0.7216733	6.539103
18426	-8145.239	-8405.239	260.0002	0.8276699	1.625205	0.6826315	6.539103
18432	-8128.234	-8387.646	259.4124	0.949179	1.592645	0.6820395	6.80383
18438	-8117.015	-8375.236	258.2202	0.8387631	1.591503	0.6820395	7.504543
18444	-8121.763	-8380.29	258.5273	0.8284393	1.368398	0.5882241	7.504543
18450	-8116.987	-8374.764	257.7777	0.7220156	1.467315	0.669513	7.860626
18456	-8124.876	-8383.409	258.5332	0.8287667	1.450851	0.7987833	7.318572
18462	-8136.631	-8395.219	258.5881	0.8874255	1.496978	0.6202562	7.36305
18468	-8143.646	-8400.848	257.2021	0.798434	1.496978	0.70316	8.091491
18474	-8133.23	-8392.502	259.2723	0.8424804	1.365694	0.7616073	6.973192
18480	-8122.266	-8381.585	259.3193	0.8952576	1.399853	0.6632141	6.973192
18486	-8125.822	-8383.501	257.6785	0.7946338	1.398353	0.6757073	7.898421
18492	-8130.652	-8388.236	257.5838	0.7699374	1.558973	0.6757073	7.898421
18498	-8131.354	-8390.163	258.8093	0.8269015	1.558973	0.6137224	7.257733
18504	-8137.176	-8395.199	258.0229	0.7780808	1.558973	0.6137224	7.705245
18510	-8147.996	-8406.359	258.3633	0.9307569	1.667755	0.6188541	7.396854
18516	-8137.189	-8396.751	259.5613	0.8675924	1.374611	0.6188541	6.901473
18522	-8137.933	-8396.947	259.0136	0.9050942	1.262823	0.883742	7.047696
18528	-8130.827	-8390.339	259.5119	0.8599012	1.262823	0.6495077	6.95801
18534	-8129.09	-8388.527	259.4371	0.9381986	1.577079	0.5434075	6.909655
18540	-8138.827	-8399.474	260.6467	0.9718613	1.584614	0.6607422	6.141181
18546	-8132.77	-8391.944	259.1733	0.8677171	1.584614	0.6607422	6.995064
18552	-8125.89	-8384.435	258.5444	0.9052015	1.584614	0.6607422	7.312998
18558	-8127.959	-8385.965	258.006	0.8023922	1.594313	0.6607422	7.652915
18564	-8135.076	-8392.162	257.0859	0.7640006	1.594313	0.6607422	8.164503
18570	-8121.534	-8379.217	257.6833	0.8013129	1.563235	0.6607422	7.837672
18576	-8108.559	-8366.599	258.0404	0.8400149	1.492012	0.6757432	7.642879
18582	-8118.457	-8375.889	257.4319	0.8845892	1.60524	0.6623979	7.910483
18588	-8129.575	-8387.916	258.3419	0.8861752	1.60524	0.5574045	7.503853
18594	-8120.162	-8379.39	259.2282	0.9264288	1.60524	0.6320159	6.947392
18600	-8124.057	-8382.846	258.7886	0.8404344	1.408049	0.619811	7.31694
18606	-8142.909	-8401.658	258.7493	0.824813	1.451664	0.8400406	7.178636
18612	-8133.961	-8392.338	258.377	0.7934948	1.452799	0.6398927	7.529368
18618	-8144.345	-8402.668	258.3231	0.8788314	1.411506	0.6398927	7.529368
18630	-8138.859	-8397.834	258.9745	0.8167784	1.458873	0.7276783	7.131424
18636	-8146.916	-8404.754	257.8382	0.7685647	1.528294	0.5887938	7.840136
18654	-8148.653	-8406.874	258.2205	0.7388043	1.595893	0.5720389	7.63934
18660	-8133.665	-8393.1	259.435	0.8977416	1.384045	0.7625922	6.847271
18666	-8120.147	-8378.615	258.4676	0.794999	1.384045	0.6641114	7.490481
18672	-8135.52	-8393.522	258.0015	0.8325596	1.402277	0.7510491	7.652197
18678	-8132.963	-8389.713	256.7503	0.8117616	1.357779	0.7510491	8.349233
18822	-8136.069	-8395.471	259.4017	0.9740344	1.53492	0.547371	6.922306
18828	-8131.402	-8389.862	258.4602	0.8654575	1.277314	0.547371	7.593218
18834	-8138.491	-8394.906	256.4153	0.7259913	1.562272	0.7677425	8.480431
18840	-8134.037	-8390.539	256.502	0.7894646	1.474648	0.7677425	8.434471
18846	-8132.459	-8389.145	256.6867	0.7828273	1.377028	0.7677425	8.37949
18852	-8127.113	-8385.692	258.579	0.8195854	1.494621	0.6998144	7.347274
18858	-8139.775	-8398.917	259.142	0.8233588	1.494621	0.6862903	7.05226
18864	-8140.574	-8398.855	258.2808	0.805477	1.617287	0.6818462	7.48042
18870	-8122.158	-8381.219	259.0604	0.8390359	1.617287	0.6818462	7.043782
18876	-8120.987	-8379.777	258.7902	0.8390359	1.766881	0.5750996	7.216058
18882	-8132.921	-8392.979	260.0586	0.907512	1.848299	0.5570416	6.481815
18888	-8119.598	-8378.402	258.8043	0.8924857	1.587389	0.7361857	7.126295
18894	-8126.818	-8384.847	258.0294	0.8250403	1.621691	0.7511018	7.555485
18900	-8127.239	-8385.457	258.2178	0.7981168	1.621691	0.6285169	7.555485
18906	-8118	-8377.652	259.6528	0.9253209	1.31033	0.6285169	6.841347
18912	-8131.967	-8392.009	260.0423	0.8553305	1.398867	0.7862618	6.520291
18918	-8124.914	-8383.977	259.0636	0.8365002	1.398867	0.6538514	7.149666
18924	-8128.597	-8387.103	258.5068	0.8335674	1.541945	0.6830528	7.371814
18930	-8135.399	-8393.05	257.6514	0.8598843	1.474242	0.85714	7.728874
18936	-8140.156	-8398.495	258.3387	0.8489941	1.395352	0.5519822	7.612525
18942	-8130.585	-8388.916	258.3317	0.9052985	1.320996	0.7476789	7.473122
18948	-8135.696	-8393.889	258.1931	0.8636147	1.65381	0.6955605	7.473122
18954	-8140.923	-8399.794	258.8714	0.8661188	1.65381	0.6955605	7.107646
18960	-8130.363	-8388.066	257.7038	0.7469956	1.523633	0.6955605	7.846194
18966	-8114.024	-8372.81	258.7861	0.8821082	1.455808	0.7218777	7.202778
18972	-8118.877	-8378.754	259.8765	0.9043386	1.455227	0.7591451	6.578011
18978	-8115.315	-8374.359	259.044	0.8907103	1.63943	0.6479818	7.041154
18984	-8133.514	-8392.494	258.9797	0.8056824	1.441859	0.814692	7.084715
18990	-8132.624	-8391.602	258.9784	0.8695963	1.559204	0.6940828	7.084715
18996	-8129.478	-8387.607	258.1282	0.8519838	1.559204	0.6940828	7.55043
19002	-8130.746	-8390.278	259.5318	0.9444139	1.559204	0.6940828	6.746132
19008	-8140.895	-8400.028	259.1323	0.8771535	1.463096	0.6940828	7.035604
19014	-8130.888	-8390.737	259.8489	0.8221595	1.371792	0.6808819	6.72602
19020	-8126.586	-8386.205	259.6191	0.9578476	1.327354	0.7836637	6.72602
19026	-8130.438	-8388.47	258.0321	0.9004431	1.480483	0.7836637	7.546567
19032	-8135.255	-8394.981	259.7257	0.8049677	1.480483	0.5944491	6.822013
19038	-8127.182	-8384.397	257.2155	0.8002618	1.575795	0.6730168	8.074267
19044	-8127.782	-8386.827	259.0454	0.9267715	1.575795	0.7376933	6.981479
19050	-8144.212	-8404.155	259.9427	0.9239679	1.316615	0.7789161	6.577155
19056	-8144.722	-8405.078	260.3565	0.9535422	1.302399	0.687142	6.405839
19062	-8131.689	-8390.849	259.1607	0.8661127	1.302399	0.687142	7.098817
19068	-8148.422	-8409	260.5781	1.038364	1.302399	0.6112225	6.296188
19074	-8136.836	-8395.902	259.0662	0.9405716	1.409627	0.8510618	6.956337
19080	-8152.399	-8411.368	258.9688	0.9027	1.290281	0.6423466	7.220201
19086	-8131.275	-8390.156	258.8809	0.8443729	1.352626	0.6423466	7.271604
19092	-8131.84	-8389.985	258.1458	0.7963155	1.352626	0.6184923	7.709131
19098	-8124.436	-8382.499	258.0632	0.8734599	1.211533	0.7089897	7.709131
19104	-8130.022	-8389.512	259.4894	0.8445283	1.492003	0.5728865	6.94072
19110	-8125.556	-8384.166	258.6104	0.7962805	1.529827	0.6765823	7.345549
19116	-8139.263	-8397.058	257.7943	0.7899246	1.411797	0.6765823	7.832917
19122	-8128.273	-8385.931	257.6577	0.833031	1.411797	0.6893139	7.873848
19128	-8117.775	-8375.459	257.6839	0.8593119	1.370457	0.6739763	7.873848
19134	-8133.156	-8391.375	258.2196	0.8572984	1.562453	0.7938984	7.430753
19140	-8126.338	-8385.224	258.8855	0.7972775	1.472354	0.7657493	7.158931
19146	-8131.326	-8388.714	257.3885	0.7824945	1.568868	0.7657493	7.930971
19152	-8148.258	-8408.26	260.002	0.8166385	1.511558	0.5840074	6.662452
19158	-8137.668	-8396.75	259.0818	0.9337987	1.616689	0.772774	6.919376
19164	-8118.318	-8377.86	259.5423	0.87675	1.487804	0.7503223	6.766343
19170	-8132.299	-8392.581	260.2822	0.8598887	1.487804	0.6381038	6.454755
19176	-8131.876	-8390.599	258.7231	0.8597803	1.487804	0.6759861	7.267913
19182	-8125.86	-8384.726	258.8664	0.8478965	1.544314	0.5553124	7.267913
19188	-8121.207	-8379.105	257.8983	0.8114102	1.655368	0.5553124	7.764426
19194	-8135.631	-8394.885	259.2534	0.8874695	1.468131	0.5553124	7.068593
19200	-8130.241	-8389.552	259.3108	0.9008865	1.636212	0.5573064	6.964048
19206	-8145.564	-8404.027	258.4635	0.8450176	1.636171	0.5573064	7.449337
19212	-8134.698	-8392.03	257.3329	0.8161445	1.636171	0.6285695	8.013268
19218	-8143.904	-8402.608	258.704	0.8465795	1.563034	0.4856887	7.408674
19224	-8135.778	-8392.748	256.9704	0.7707645	1.563034	0.4856887	8.37466
19230	-8133.21	-8390.92	257.7099	0.8396837	1.563034	0.6692872	7.796882
19236	-8129.698	-8389.843	260.1445	0.9100884	1.39943	0.6441621	6.533832
19242	-8126.887	-8385.173	258.286	0.814954	1.441743	0.6737083	7.546398
19248	-8117.309	-8376.785	259.4764	0.8049296	1.380318	0.7154821	6.90838
19254	-8114.608	-8373.273	258.6651	0.8815522	1.556365	0.6209877	7.301245
19260	-8138.913	-8397.594	258.6818	0.8266131	1.708235	0.6209877	7.265661
19266	-8139.069	-8398.355	259.2859	0.8415715	1.506734	0.7536714	6.913884
19272	-8130.533	-8389.586	259.0528	0.9050371	1.768322	0.7454965	6.913884
19278	-8123.474	-8382.557	259.0831	0.8747334	1.768322	0.7454965	6.913884
19284	-8136.509	-8394.733	258.2243	0.8594627	1.768322	0.7454965	7.383831
19290	-8145.989	-8404.072	258.083	0.8324635	1.864197	0.7332927	7.449688
19296	-8142.988	-8401.374	258.386	0.765189	1.700514	0.693371	7.407167
19302	-8130.04	-8388.98	258.9398	0.8733232	1.426327	0.6475102	7.189759
19308	-8137.834	-8397.558	259.7241	0.9685539	1.41933	0.6475102	6.71879
19314	-8128.152	-8388.665	260.5132	0.9193589	1.494088	0.7782306	6.196224
19320	-8126.969	-8386.978	260.009	0.9597001	1.455379	0.7419848	6.487754
19326	-8117.361	-8377.147	259.7854	0.8814672	1.555339	0.6184579	6.700369
19332	-8130.297	-8389.54	259.2432	0.9220436	1.264352	0.713214	7.023042
19338	-8122.142	-8381.196	259.054	0.8418049	1.882817	0.5880407	7.023042
19344	-8134.773	-8394.456	259.6836	0.7932039	1.786694	0.5858577	6.744084
19350	-8137.398	-8396.16	258.7628	0.913668	1.612356	0.5773561	7.244464
19356	-8141.938	-8399.744	257.8055	0.7909797	1.593749	0.6459767	7.777204
19362	-8134.269	-8391.488	257.2182	0.803145	1.374477	0.5693257	8.22958
19368	-8131.539	-8390.734	259.1951	0.7897579	1.4999	0.5693257	7.12835
19374	-8139.875	-8397.149	257.2745	0.8497291	1.4999	0.6787861	8.04147
19380	-8143.656	-8402.502	258.8465	0.8572914	1.4999	0.6611848	7.208859
19386	-8143.61	-8402.438	258.8283	0.8823976	1.490556	0.6611848	7.208859
19392	-8132.458	-8390.579	258.1208	0.8261083	1.490556	0.6611848	7.618356
19398	-8134.234	-8391.979	257.7446	0.8582437	1.319908	0.6611848	7.872738
19404	-8137.165	-8395.506	258.3412	0.8177842	1.269889	0.6784033	7.585062
19410	-8152.276	-8411.112	258.8359	0.8720764	1.598986	0.5429913	7.260747
19416	-8128.755	-8387.938	259.1829	0.8077057	1.745992	0.5429913	7.055482
19422	-8128.9	-8388.769	259.8684	0.9512572	1.745992	0.484598	6.659449
19428	-8132.832	-8389.774	256.942	0.8747639	1.935947	0.5718156	8.131806
19434	-8131.315	-8389.299	257.9841	0.8415249	1.935947	0.5718156	7.593101
19440	-8135.263	-8395.27	260.0068	0.9185327	1.564497	0.7953806	6.432832
19446	-8138.428	-8398.043	259.6154	0.9344904	1.868082	0.6537927	6.624698
19452	-8149.373	-8408.078	258.7044	0.8558454	1.981662	0.6788938	7.103146
19458	-8126.51	-8387.236	260.7268	0.9863957	1.997903	0.558042	6.025757
19464	-8125.835	-8385.399	259.5648	0.8588252	1.997903	0.6838335	6.628826
19470	-8133.188	-8392.504	259.3163	0.9053862	1.800781	0.5226445	6.929345
19476	-8129.702	-8387.799	258.0962	0.8207787	1.507439	0.5612901	7.704482
19482	-8134.699	-8394.973	260.2738	0.9017113	1.495437	0.7867897	6.329787
19488	-8136.288	-8396.268	259.9803	0.8622509	1.505219	0.6011813	6.638413
19494	-8133.418	-8391.902	258.4846	0.8728215	1.460939	0.5227711	7.519429
19500	-8135.944	-8394.728	258.7838	0.8016152	1.360563	0.5921979	7.381616
19506	-8142.295	-8402.87	260.5749	0.8644485	1.761624	0.6091785	6.212866
19512	-8136.323	-8394.887	258.5636	0.7880891	1.625483	0.6615753	7.349627
19518	-8140.12	-8398.403	258.2833	0.7944786	1.565832	0.6615753	7.518836
19524	-8131.444	-8390.848	259.4041	0.8242611	1.519067	0.608772	6.958528
19530	-8137.48	-8397.688	260.2083	0.8670941	1.519067	0.6970417	6.435445
19536	-8145.803	-8405.932	260.1293	0.8670941	1.573279	0.6970417	6.457212
19542	-8123.073	-8381.543	258.4697	0.882664	1.632411	0.6180119	7.379169
19548	-8131.232	-8390.799	259.5663	0.7943182	1.511606	0.654236	6.855806
19554	-8129.681	-8387.224	257.5429	0.8209879	1.536897	0.5877058	7.967326
19560	-8125.292	-8385.447	260.1553	0.890491	1.315236	0.6233272	6.590522
19566	-8124.133	-8383.387	259.254	0.8462503	1.315236	0.669282	7.066461
19572	-8118.695	-8378.37	259.6746	0.8773465	1.425776	0.6066497	6.823169
19578	-8131.872	-8390.453	258.5814	0.7899452	1.360552	0.6066497	7.485125
19584	-8142.644	-8401.289	258.6451	0.7842272	1.445552	0.8122413	7.276089
19590	-8130.594	-8387.639	257.0451	0.8093617	1.46506	0.6714217	8.204221
19596	-8125.202	-8383.659	258.4564	0.7948783	1.419614	0.6714217	7.476536
19602	-8118.653	-8377.279	258.6262	0.8227752	1.419614	0.6303805	7.400746
19608	-8137.022	-8395.785	258.7624	0.8085085	1.661879	0.6303805	7.241717
19614	-8120.836	-8379.306	258.471	0.8469359	1.715056	0.6881506	7.316235
19620	-8125.363	-8384.176	258.8129	0.8062031	1.304521	0.6881506	7.316235
19626	-8132.945	-8391.64	258.6948	0.8045296	1.529936	0.6881506	7.287562
19632	-8137.749	-8395.864	258.1152	0.7818554	1.529936	0.6870008	7.611201
19638	-8126.319	-8383.913	257.5938	0.7629458	1.532177	0.6870008	7.899095
19644	-8126.788	-8384.264	257.4761	0.8051567	1.441165	0.6870008	7.975296
19650	-8150.024	-8410.855	260.8304	0.8957491	1.434462	0.702511	6.112205
19656	-8133.932	-8392.442	258.5092	0.8776027	1.322081	0.702511	7.423085
19662	-8125.337	-8383.05	257.7139	0.7959498	1.688816	0.7090707	7.743778
19668	-8125.619	-8384.122	258.5027	0.849177	1.379739	0.5719598	7.514838
19674	-8121.607	-8379.716	258.1091	0.8390094	1.445243	0.6729838	7.627349
19680	-8127.957	-8386.046	258.0892	0.7257485	1.654815	0.6603094	7.627349
19686	-8126.612	-8384.644	258.0314	0.8813465	1.415917	0.7170242	7.627349
19692	-8135.776	-8395.06	259.2841	0.9336541	1.62571	0.7170242	6.844405
19698	-8128.096	-8386.709	258.6129	0.8055871	1.397645	0.5195236	7.515355
19704	-8136.086	-8394.354	258.2673	0.8928373	1.567722	0.6694487	7.468325
19710	-8131.166	-8389.816	258.65	0.8657941	1.567722	0.6421395	7.297541
19716	-8135.039	-8392.544	257.5046	0.8955617	1.567722	0.7058492	7.849177
19722	-8122.923	-8381.863	258.9397	0.8474846	1.628934	0.6256723	7.141144
19728	-8132.231	-8390.06	257.8292	0.8665464	1.628934	0.6877482	7.680958
19734	-8138.238	-8396.945	258.7071	0.9626258	1.479578	0.6765166	7.224143
19740	-8132.82	-8392.079	259.2591	0.8400395	1.612492	0.6765166	6.941832
19746	-8135.151	-8394.428	259.2769	0.8222545	1.612492	0.6765166	6.941832
19752	-8119.27	-8378.733	259.4626	0.8821968	1.546582	0.6586767	6.847401
19758	-8125.683	-8385.206	259.5229	0.8219519	1.546582	0.6586767	6.847401
19764	-8124.352	-8383.793	259.4412	0.863155	1.355402	0.6682092	6.939974
19770	-8151.055	-8409.699	258.6437	0.7949107	1.328256	0.745905	7.363089
19776	-8143.933	-8402.852	258.9181	0.8417487	1.328256	0.6829073	7.234037
19782	-8141.779	-8400.823	259.0443	0.9154277	1.328256	0.6207566	7.172399
19788	-8128.423	-8386.291	257.8679	0.8596103	1.328256	0.7775509	7.723158
19794	-8133.032	-8391.725	258.6935	0.8430454	1.474556	0.6728324	7.300295
19800	-8137.066	-8394.344	257.2775	0.8098943	1.202176	0.6836215	8.184279
19806	-8136.753	-8394.841	258.0889	0.8560146	1.334589	0.5915532	7.736168
19812	-8143.029	-8401.582	258.5528	0.8680459	1.330109	0.7243402	7.386346
19818	-8135.818	-8396.195	260.3771	0.9229309	1.50742	0.7095564	6.309396
19824	-8145.358	-8405.069	259.7103	0.9252084	1.50742	0.7814023	6.621077
19830	-8124.647	-8383.29	258.6432	0.8316723	1.419365	0.6878127	7.3451
19836	-8135.831	-8396.044	260.2132	0.9172861	1.376799	0.7618295	6.419435
19842	-8146.027	-8404.651	258.6235	0.879455	1.357341	0.6584691	7.377027
19848	-8129.569	-8388.461	258.8918	0.8573184	1.357341	0.7308589	7.194004
19854	-8144.536	-8402.636	258.0994	0.8409808	1.448504	0.618732	7.670206
19860	-8128.779	-8387.534	258.7541	0.8460554	1.524734	0.618732	7.286426
19866	-8128.09	-8387.096	259.0068	0.799021	1.405936	0.618732	7.22374
19872	-8129.78	-8388.233	258.453	0.8464698	1.310352	0.8333712	7.389576
19878	-8121.12	-8380.229	259.1087	0.8334409	1.469175	0.6889394	7.072984
19884	-8124.289	-8382.627	258.3375	0.7626029	1.469175	0.6841895	7.528375
19890	-8129.93	-8390.412	260.4826	0.9400572	1.351807	0.6490965	6.350892
19896	-8132.442	-8391.194	258.7519	0.8214535	1.625258	0.6490965	7.239884
19902	-8125.855	-8382.802	256.9467	0.7842873	1.362536	0.6490965	8.327963
19908	-8116.109	-8374.957	258.8486	0.7802627	1.362536	0.7252869	7.260155
19914	-8131.178	-8390.42	259.2423	0.7634088	1.362536	0.6433758	7.115953
19920	-8125.421	-8384.734	259.3127	0.7654823	1.534837	0.6433758	7.006932
19926	-8119.973	-8379.627	259.6542	0.7946374	1.534837	0.6513028	6.801247
19932	-8131.52	-8390.824	259.3045	0.8564569	1.510039	0.6331595	6.97971
19938	-8145.746	-8406.567	260.8208	0.8564569	1.627206	0.6915877	6.070658
19944	-8123.351	-8381.698	258.3468	0.8168489	1.517728	0.6941747	7.468091
19950	-8144.751	-8404.533	259.7823	0.9210983	1.57116	0.6543525	6.647483
19956	-8135.292	-8395.316	260.0235	0.9419947	1.473194	0.6267738	6.564866
19962	-8134.702	-8394.461	259.7585	0.9055849	1.564058	0.7904854	6.577685
19968	-8149.543	-8408.4	258.8568	0.9206113	1.461907	0.6931845	7.161509
19974	-8141.904	-8399.949	258.0456	0.9199027	1.398044	0.6517578	7.652743
19980	-8128.367	-8386.441	258.0738	0.8146711	1.398044	0.7097002	7.652743
19986	-8128.002	-8386.501	258.4986	0.9045487	1.398044	0.6458357	7.422726
19992	-8144.901	-8404.884	259.9838	0.9935289	1.390202	0.6393465	6.583157
19998	-8148.56	-8407.233	258.6737	0.8534154	1.390202	0.6393465	7.364346
20004	-8133.1	-8391.794	258.6946	0.7946433	1.448617	0.7113971	7.308986
20010	-8146.247	-8404.943	258.6959	0.9117086	1.357315	0.6749618	7.308986
20016	-8146.013	-8404.569	258.5564	0.806254	1.534197	0.5726685	7.446301
20022	-8144.057	-8401.668	257.611	0.7185925	1.205033	0.6624682	8.06902
20028	-8131.343	-8388.733	257.39	0.7322306	1.357881	0.7238791	8.06902
20034	-8130.356	-8390.014	259.6588	0.8695594	1.534406	0.6788408	6.738444
20040	-8130.992	-8388.577	257.5849	0.7597059	1.52549	0.5863178	7.983087
20046	-8123.704	-8380.661	256.9575	0.7364423	1.542551	0.7154447	8.228729
20052	-8131.316	-8388.466	257.1508	0.7309739	1.542551	0.7154447	8.128693
20058	-8125.288	-8382.04	256.7517	0.7428352	1.542551	0.7048537	8.342083
20064	-8128.58	-8385.459	256.8792	0.7012214	1.542551	0.6407118	8.342083
20070	-8133.061	-8390.839	257.7785	0.7910572	1.696399	0.6407118	7.757984
20076	-8136.206	-8394.779	258.5733	0.7482544	1.696399	0.7073505	7.307517
20082	-8131.15	-8389.462	258.3117	0.8953555	1.52113	0.6611422	7.467105
20088	-8140.66	-8399.627	258.9673	0.898029	1.561255	0.7571899	7.031524
20094	-8126.749	-8386.156	259.4071	0.8391346	1.332016	0.6425368	7.000203
20100	-8128.188	-8386.137	257.9491	0.771466	1.643061	0.6425368	7.695157
20106	-8154.841	-8414.813	259.9714	0.8527514	1.681582	0.5644077	6.610979
20112	-8131.981	-8391.116	259.135	0.8692675	1.522501	0.6895297	7.01801
20118	-8130.443	-8389.068	258.6257	0.8233327	1.604997	0.6894899	7.285015
20124	-8133.689	-8391.336	257.6469	0.8233327	1.455918	0.8774995	7.745996
20130	-8136.022	-8393.656	257.6343	0.7829119	1.209965	0.7307855	7.972384
20136	-8142.812	-8400.672	257.8604	0.7986321	1.454539	0.7307855	7.738026
20142	-8138.276	-8396.927	258.6508	0.7768708	1.243214	0.7248091	7.420837
20148	-8131.026	-8390.449	259.423	0.8004374	1.243214	0.7186818	6.997501
20154	-8126.793	-8385.433	258.6404	0.8863422	1.243214	0.6355984	7.431342
20160	-8124.102	-8383.122	259.0194	0.8204433	1.452266	0.6643128	7.152484
20166	-8133.82	-8393.773	259.9534	0.840278	1.751458	0.6002847	6.573635
20172	-8136.791	-8396.136	259.3449	0.894223	1.543581	0.6861815	6.885691
20178	-8135.94	-8393.696	257.7563	0.8334115	1.50579	0.721449	7.761064
20184	-8134.563	-8392.617	258.0539	0.7849603	1.508673	0.721449	7.626736
20190	-8134.645	-8392.137	257.4921	0.7672872	1.531124	0.721449	7.927665
20196	-8136.72	-8395.95	259.2297	0.7854397	1.37617	0.6896314	7.071505
20202	-8137.542	-8396.312	258.7695	0.8866219	1.628494	0.705164	7.154033
20208	-8159.709	-8418.428	258.7195	1.023071	1.628494	0.6406337	7.154033
20214	-8137.884	-8397.197	259.3123	1.004256	1.628494	0.6406337	6.84494
20220	-8148.63	-8408.079	259.4488	0.9347214	1.611286	0.6018695	6.84494
20226	-8149.85	-8408.527	258.6779	0.8927368	1.611286	0.6018695	7.282342
20232	-8149.375	-8407.613	258.2379	0.8987135	1.591278	0.5336052	7.577841
20238	-8144.757	-8402.437	257.6794	0.8578498	1.292361	0.5336052	8.019252
20244	-8144.562	-8402.126	257.5637	0.8675326	1.292361	0.6037639	8.019252
20250	-8125.506	-8383.463	257.9568	0.9077274	1.624152	0.7584635	7.544292
20256	-8142.613	-8401.103	258.49	0.7733749	1.446608	0.6492416	7.475186
20262	-8128.346	-8385.623	257.2772	0.8467483	1.467225	0.7080703	8.034052
20268	-8127.522	-8385.575	258.0536	0.8593427	1.467225	0.7080703	7.612656
20274	-8133.779	-8393.471	259.6912	0.8476475	1.400758	0.7019734	6.770242
20280	-8136.121	-8396.502	260.381	0.9289699	1.768245	0.8098546	6.139696
20286	-8120.99	-8380.787	259.7976	0.9349747	1.596909	0.9077332	6.456224
20292	-8129.165	-8388.527	259.3618	0.8905319	1.596909	0.9077332	6.716096
20298	-8117.652	-8376.815	259.1631	0.8569724	1.596909	0.6967762	6.97589
20304	-8126.006	-8383.622	257.6158	0.840595	1.389787	0.6604135	7.921848
20310	-8123.249	-8381.22	257.9709	0.82906	1.317457	0.6411006	7.783227
20316	-8109.602	-8367.383	257.7804	0.8294328	1.581008	0.7169474	7.724507
20322	-8128.472	-8385.694	257.2215	0.8102477	1.61199	0.8283125	7.949588
20328	-8143.066	-8401.19	258.1231	0.8173296	1.506161	0.6078133	7.655593
20334	-8128.956	-8386.845	257.8894	0.8839055	1.506161	0.7645841	7.633987
20340	-8140.016	-8398.182	258.1653	0.7920086	1.531915	0.6111186	7.633987
20346	-8124.145	-8382.575	258.4304	0.8546294	1.531915	0.6407455	7.436144
20352	-8138.253	-8397.811	259.5579	0.9176382	1.636486	0.5391053	6.836944
20358	-8128.865	-8388.442	259.5765	0.8961698	1.531947	0.5894402	6.836944
20364	-8145.083	-8403.708	258.6252	0.9825948	1.39488	0.6600184	7.303868
20370	-8130.707	-8388.709	258.0018	0.8832163	1.41816	0.7911041	7.592411
20376	-8145.001	-8403.579	258.5779	0.8295087	1.562239	0.664759	7.341216
20382	-8138.678	-8396.948	258.2697	0.8299235	1.389276	0.6435531	7.590664
20388	-8136.066	-8394.98	258.9145	0.8405916	1.554123	0.6435531	7.173175
20394	-8132.51	-8390.453	257.9427	0.7078589	1.554123	0.622299	7.780977
20400	-8129.72	-8387.612	257.8917	0.8531129	1.554123	0.622299	7.730587
20406	-8126.711	-8385.833	259.122	0.8930041	1.554123	0.7332948	6.969659
20412	-8123.488	-8382.247	258.7582	0.8606717	1.554123	0.6430958	7.246721
20418	-8141.446	-8400.569	259.1224	0.884736	1.350346	0.8261338	6.996449
20424	-8136.395	-8394.669	258.274	0.8725372	1.574616	0.8680927	7.343111
20430	-8138.827	-8398.089	259.262	0.9257712	1.573966	0.7310008	6.870535
20436	-8125.197	-8384.616	259.4194	0.8238294	1.561078	0.6949073	6.870535
20442	-8129.658	-8388.109	258.4518	0.779544	1.319776	0.6870223	7.518227
20448	-8125.726	-8383.622	257.8957	0.7844091	1.533132	0.6740689	7.735173
20454	-8125.247	-8382.712	257.4645	0.7819716	1.533132	0.6811672	7.961694
20460	-8150.899	-8409.158	258.2594	0.8016796	1.405335	0.8064803	7.493668
20466	-8152.012	-8410.655	258.6429	0.7500926	1.486594	0.8064803	7.282733
20472	-8142.09	-8399.988	257.8977	0.7894172	1.350671	0.8497046	7.690166
20478	-8146.621	-8404.478	257.856	0.7899535	1.367188	0.6539147	7.834823
20484	-8133.957	-8391.659	257.7019	0.8302232	1.445167	0.6940164	7.834823
20490	-8125.987	-8384.578	258.5906	0.8006113	1.447855	0.6891534	7.377379
20496	-8127.63	-8386.31	258.6798	0.8490291	1.46953	0.6891534	7.294824
20502	-8124.833	-8383.072	258.2395	0.8295756	1.548825	0.7211035	7.488141
20508	-8137.982	-8395.78	257.7983	0.8120733	1.518911	0.7361715	7.734968
20514	-8150.724	-8408.006	257.2824	0.8510192	1.524461	0.7113023	8.004364
20520	-8147.152	-8406.616	259.464	0.8558813	1.480426	0.8275474	6.773049
20526	-8135.614	-8393.707	258.0932	0.8299129	1.42904	0.6080801	7.695448
20532	-8135.342	-8393.408	258.0652	0.8628557	1.314031	0.6142445	7.73647
20538	-8121.117	-8379.053	257.9361	0.8109418	1.314031	0.6083395	7.837718
20544	-8138.038	-8396.939	258.9018	0.8493708	1.45497	0.5940158	7.252191
20550	-8141.724	-8401.025	259.3007	0.8503794	1.451531	0.7439422	6.929715
20556	-8134.414	-8393.088	258.6731	0.8131639	1.502675	0.7046866	7.293627
20562	-8134.755	-8394.88	260.1256	0.8554151	1.441493	0.7046866	6.512402
20568	-8138.453	-8395.626	257.1729	0.7775326	1.477531	0.6870034	8.137116
20574	-8115.036	-8373.26	258.2247	0.814037	1.498845	0.6635079	7.564245
20580	-8115.138	-8373.14	258.0021	0.7960971	1.498845	0.713554	7.657708
20586	-8125.909	-8386.092	260.1834	0.8875739	1.498845	0.7573856	6.404479
20592	-8120.171	-8380.115	259.9446	0.901909	1.681479	0.7084645	6.489999
20598	-8128.04	-8386.688	258.648	0.841874	1.378593	0.7846346	7.288741
20604	-8124.749	-8383.909	259.1596	0.903889	1.378593	0.6541986	7.070026
20652	-8167.707	-8423.874	256.167	0.7628416	1.396511	0.9079132	8.573075
20658	-8144.426	-8402.408	257.9823	0.8235394	1.415066	0.8080293	7.625364
20664	-8140.499	-8398.536	258.0376	0.771235	1.415066	0.5569506	7.802853
20850	-8141.08	-8401.131	260.0503	0.8942222	1.620779	0.6303649	6.516197
20856	-8125.358	-8385.474	260.1155	0.8455551	1.620779	0.6186593	6.516197
20910	-8136.684	-8394.716	258.0319	0.8162117	1.349666	0.6600878	7.729767
20916	-8133.546	-8393.382	259.8355	0.9588976	1.556422	0.7806875	6.516388
20922	-8129.915	-8390.291	260.3758	0.9076137	1.556422	0.6005364	6.380096
20928	-8140.551	-8397.975	257.4245	0.8807029	1.240544	0.6005364	8.112011
20934	-8137.124	-8394.834	257.7098	0.7415154	1.600288	0.7592191	7.773692
20940	-8135.212	-8392.685	257.4722	0.7953803	1.600288	0.7592191	7.871829
20946	-8134.141	-8392.465	258.3238	0.819221	1.569399	0.6855673	7.465365
20952	-8117.997	-8376.331	258.3347	0.838168	1.569399	0.6855673	7.449335
20958	-8118.91	-8376.97	258.0594	0.825524	1.777137	0.6855673	7.528454
20964	-8122.128	-8380.434	258.3062	0.7284215	1.347201	0.6448115	7.642271
20970	-8129.074	-8387.26	258.1866	0.8439754	1.286572	0.6842285	7.642271
20976	-8129.852	-8387.039	257.1872	0.7555459	1.286572	0.7077074	8.206437
20982	-8120.262	-8377.486	257.2238	0.870832	1.286572	0.5969111	8.206437
20988	-8119.154	-8376.357	257.2029	0.7402926	1.507699	0.7342975	8.096678
20994	-8108.366	-8365.855	257.4887	0.7399288	1.412309	0.7225858	7.9905
21000	-8113.91	-8371.254	257.3436	0.7964355	1.678456	0.7225858	7.93576
21006	-8129.005	-8388.841	259.8364	0.8321272	1.393208	0.6431421	6.745982
21012	-8139.279	-8395.511	256.2318	0.8876751	1.393208	0.5794204	8.692983
21018	-8132.607	-8390.257	257.6505	0.856049	1.393208	0.8150045	7.790058
21072	-8123.157	-8382.14	258.983	0.8151069	1.595687	0.6371803	7.139008
21078	-8128.513	-8385.673	257.1599	0.7888962	1.595687	0.6844814	8.094339
21084	-8128.398	-8385.681	257.2823	0.7819955	1.428082	0.6886144	8.095126
21102	-8139.171	-8398.103	258.9318	0.9178054	1.650563	0.5166843	7.187972
21108	-8136.063	-8394.158	258.0952	0.8898466	1.840369	0.4803299	7.617392
21144	-8125.514	-8383.297	257.7824	0.8314721	1.430488	0.629006	7.844224
21150	-8116.858	-8375.082	258.224	0.8565327	1.610096	0.7030565	7.471229
21156	-8127.591	-8387.65	260.059	0.8204808	1.679642	0.7030565	6.476577
21222	-8144.743	-8403.604	258.8612	0.8378389	1.406671	0.6410478	7.263925
21228	-8123.598	-8380.905	257.3074	0.8013375	1.410221	0.6388525	8.114638
21234	-8127.547	-8386.69	259.143	0.8172776	1.410221	0.6388525	7.123734
21240	-8140.816	-8397.661	256.8447	0.7459461	1.521392	0.6388525	8.346145
21246	-8131.486	-8389.756	258.2701	0.8564187	1.386736	0.5208281	7.675047
21252	-8132.811	-8390.136	257.3247	0.8425968	1.458572	0.517381	8.160657
21258	-8131.048	-8390.183	259.1345	0.9207177	1.626247	0.517381	7.085779
21264	-8135.548	-8395.945	260.3971	1.013525	1.60656	0.603545	6.289451
21270	-8129.819	-8389.853	260.0342	0.9142241	1.550511	0.7822106	6.434265
21276	-8131.078	-8390.116	259.0384	0.9198188	1.550511	0.7045116	7.02141
21282	-8123.794	-8381.908	258.1133	0.9138175	1.439691	0.6597488	7.59684
21288	-8131.244	-8389.706	258.4618	0.9561809	1.733712	0.7231224	7.231619
21294	-8118.479	-8377.934	259.4557	0.9133891	1.37592	0.6847502	6.884451
21312	-8137.302	-8396.312	259.0095	0.9099915	1.531452	0.6745267	7.070858
21318	-8133.096	-8392.136	259.0396	0.9149458	1.531452	0.6745267	7.052012
21330	-8131.98	-8390.039	258.059	0.7688498	1.464492	0.622634	7.720981
21336	-8131.249	-8389.387	258.1383	0.7973588	1.733376	0.6409084	7.548909
21342	-8110.966	-8370.008	259.0419	0.8294871	1.378789	0.6767173	7.156944
21348	-8119.563	-8379.066	259.5025	0.8675264	1.537882	0.6767173	6.824086
21420	-8134.915	-8393.461	258.5461	0.7830941	1.412472	0.6842918	7.428539
21426	-8138.476	-8397.817	259.3404	0.7691021	1.511033	0.5505363	7.072378
21432	-8129.905	-8387.901	257.9958	0.8417094	1.635272	0.6477632	7.631619
21438	-8124.092	-8382.613	258.5204	0.810328	1.635272	0.7186574	7.31701
21444	-8123.055	-8381.658	258.6036	0.8254797	1.496774	0.7186574	7.31701
21450	-8123.967	-8382.815	258.8473	0.8640239	1.609034	0.6626743	7.161835
21456	-8122.781	-8381.576	258.7949	0.8634013	1.687997	0.662064	7.161835
21504	-8150.578	-8407.777	257.1995	0.8218463	1.475761	0.6967371	8.093215
21564	-8138.193	-8396.195	258.0025	0.8345354	1.568798	0.6766505	7.635732
21570	-8133.318	-8392.752	259.4343	0.9638512	1.56737	0.6541349	6.813969
21576	-8140.132	-8397.821	257.6888	0.9275848	1.697884	0.6071357	7.757803
21594	-8142.759	-8401.936	259.1773	0.8881598	1.372305	0.6451925	7.078312
22002	-8138	-8396.495	258.4947	0.8669759	1.495943	0.8037121	7.297619
22008	-8135.721	-8395.523	259.8025	0.8781931	1.657302	0.6728963	6.613899
22014	-8132.224	-8391.678	259.4544	0.8702863	1.518927	0.7824053	6.783872
22020	-8129.135	-8387.007	257.8718	0.8189249	1.518927	0.6518175	7.751103
22026	-8125.327	-8383.66	258.3325	0.8189249	1.619372	0.6804722	7.445677
22032	-8128.318	-8387.801	259.483	0.8238638	1.601453	0.6881809	6.825615
22038	-8124.905	-8384.892	259.9871	0.912526	1.601453	0.7278257	6.477469
22164	-8132.899	-8393.141	260.2424	0.9720872	1.449446	0.7695063	6.338516
22224	-8145.348	-8404.131	258.7826	0.826148	1.429623	0.754968	7.223083
22290	-8140.593	-8400.457	259.8643	0.9167263	1.510519	0.6608845	6.624297
22296	-8131.81	-8391.583	259.7726	0.90219	1.479561	0.7390149	6.639026
22302	-8135.698	-8394.94	259.2413	0.8530796	1.61312	0.5883743	7.010693
22308	-8131.202	-8389.219	258.0178	0.9126045	1.61312	0.5779569	7.64359
22332	-8128.018	-8386.877	258.8593	0.8225666	1.483708	0.7511565	7.164488
22338	-8136.139	-8396.558	260.419	0.8877372	1.465862	0.7511565	6.293901
22344	-8131.43	-8390.567	259.1373	0.8238578	1.318366	0.7511565	7.083185
22350	-8125.306	-8384.514	259.2076	0.8144834	1.292012	0.7197802	7.083185
22356	-8133.031	-8392.019	258.9878	0.8149006	1.292012	0.6006031	7.288162
22362	-8112.981	-8371.85	258.8688	0.798727	1.420105	0.6239358	7.288162
22368	-8133.403	-8391.276	257.8734	0.7996051	1.420105	0.6239358	7.820699
22374	-8132.005	-8391.336	259.3309	0.8131677	1.311953	0.6239358	7.077934
22380	-8128.752	-8386.768	258.0157	0.6902146	1.454989	0.6239358	7.788985
22386	-8125.001	-8382.999	257.9979	0.699275	1.493143	0.749842	7.689561
22392	-8128.218	-8386.693	258.4747	0.8427151	1.493143	0.6752878	7.408726
22398	-8116.483	-8376.715	260.2325	0.8427151	1.445422	0.6752878	6.480737
22404	-8125.453	-8384.091	258.638	0.7498947	1.41282	0.6268146	7.438989
22410	-8116.197	-8374.781	258.5846	0.8033243	1.41282	0.6268146	7.438989
22416	-8131.114	-8389.716	258.602	0.8445542	1.326658	0.7240624	7.374221
22422	-8122.366	-8380.425	258.0582	0.7813245	1.491166	0.6181965	7.707512
22428	-8137.019	-8394.911	257.8916	0.8249078	1.358222	0.5467392	7.884265
22434	-8127.199	-8385.2	258.0004	0.7598365	1.303838	0.5467392	7.884265
22440	-8127.706	-8385.654	257.948	0.7524827	1.392939	0.5702873	7.858999
22446	-8127.67	-8386.037	258.367	0.7942853	1.618637	0.6894694	7.434317
22452	-8125.095	-8384.135	259.0392	0.8369493	1.491742	0.6963603	7.094249
22458	-8138.171	-8397.217	259.0458	0.8952831	1.422977	0.7635228	7.041468
22470	-8136.363	-8395.708	259.3451	0.8187545	1.355647	0.7250541	6.975558
22476	-8136.357	-8395.498	259.1414	0.8476324	1.757497	0.6399234	6.975558
22482	-8129.679	-8387.399	257.72	0.795649	1.348278	0.7252782	7.862304
22488	-8125.423	-8381.787	256.3637	0.7837153	1.549754	0.7252782	8.509945
22494	-8119.962	-8378.183	258.2213	0.869207	1.509008	0.7252782	7.489252
22500	-8124.889	-8383.619	258.7297	0.8302629	1.365616	0.7252782	7.295868
22506	-8138.199	-8397.089	258.8905	0.8780643	1.307054	0.7128055	7.217627
22512	-8125.613	-8384.176	258.5632	0.8390645	1.307054	0.7128055	7.414232
22518	-8127.711	-8385.174	257.4633	0.7980437	1.307054	0.731042	8.011853
22524	-8123.012	-8380.797	257.7847	0.8532843	1.409786	0.638543	7.832666
22530	-8113.189	-8371.144	257.9545	0.8067369	1.409786	0.638543	7.766819
22536	-8124.673	-8383.152	258.4787	0.8394548	1.558955	0.6094756	7.431626
22542	-8119.127	-8378.045	258.9173	0.8050347	1.594225	0.6094756	7.201329
22548	-8106.785	-8366.036	259.2506	0.8520618	1.601796	0.6665261	6.951175
22554	-8119.911	-8379.299	259.3879	0.8304933	1.570832	0.6812728	6.889889
22560	-8122.021	-8381.764	259.7435	0.87393	1.468312	0.6812728	6.714786
22566	-8146.867	-8407.833	260.9663	0.9499812	1.640073	0.6785487	5.944852
22572	-8120.686	-8379.829	259.1429	0.9336444	1.282608	0.7076122	7.066436
22578	-8118.6	-8376.72	258.1206	0.7942467	1.577374	0.6118785	7.638795
22584	-8126.053	-8384.175	258.1227	0.7942467	1.267762	0.6118785	7.764587
22614	-8144.774	-8403.01	258.2365	0.8345622	1.274734	0.7655497	7.570602
22620	-8143.948	-8401.854	257.9054	0.8354905	1.586806	0.6981481	7.665217
22626	-8127.808	-8386.79	258.9815	0.7789916	1.424168	0.7019343	7.17981
22632	-8148.252	-8406.139	257.8864	0.8023642	1.494867	0.5673735	7.826444
22638	-8142.559	-8400.609	258.0504	0.7584845	1.35439	0.63135	7.769891
22644	-8154.983	-8414.286	259.3027	0.9118767	1.507486	0.6401534	6.946587
22650	-8131.711	-8389.18	257.4688	0.7796794	1.472947	0.7507438	7.936645
22656	-8130.795	-8388.703	257.9083	0.8191835	1.518428	0.7507438	7.66282
22662	-8153.142	-8410.787	257.6442	0.7766728	1.417128	0.7507438	7.86713
22668	-8140.082	-8397.489	257.4064	0.7285166	1.367363	0.6602169	8.102829
22674	-8134.264	-8391.743	257.4796	0.7754246	1.506845	0.6733859	7.972872
22680	-8141.391	-8399.635	258.2435	0.7757902	1.64296	0.6733859	7.512868
22686	-8137.614	-8395.202	257.5885	0.7781562	1.499997	0.6782241	7.912508
22692	-8144.103	-8401.669	257.5654	0.8012594	1.499997	0.6782241	7.912508
22698	-8126.917	-8385.818	258.9005	0.8346538	1.499997	0.6737285	7.182882
22704	-8132.676	-8391.402	258.7261	0.8716664	1.347448	0.7058984	7.296645
22710	-8122.025	-8380.573	258.5478	0.799951	1.690262	0.7058984	7.296645
22716	-8118.822	-8377.674	258.8513	0.9330264	1.473015	0.8049693	7.078803
22722	-8139.672	-8398.747	259.0751	0.8868748	1.491966	0.5753124	7.13898
22728	-8134.129	-8393.001	258.8728	0.9202036	1.491966	0.6962774	7.13898
22734	-8142.31	-8402.965	260.6548	1.029852	1.428971	0.6962774	6.141475
22740	-8142.839	-8403.124	260.285	0.9403179	1.428971	0.6962774	6.391099
22746	-8138.127	-8396.968	258.8407	0.8363421	1.463813	0.6170124	7.270558
22752	-8137.598	-8396.793	259.1947	0.8569186	1.463813	0.6716875	7.028556
22758	-8133.425	-8391.086	257.6604	0.8429879	1.702896	0.6389862	7.792287
22764	-8132.572	-8391.953	259.3806	0.9291499	1.518687	0.6365003	6.893639
22770	-8133.297	-8391.819	258.5227	0.9500758	1.518687	0.6365003	7.343761
22776	-8130.928	-8389.934	259.0061	0.877241	1.518687	0.6813099	7.09046
22782	-8128.319	-8386.956	258.6374	0.8264831	1.566945	0.6132773	7.347492
22788	-8120.145	-8379.793	259.6477	0.8540798	1.776818	0.6132773	6.712446
22794	-8118.986	-8378.057	259.0706	0.9758958	1.558814	0.5935867	7.052888
22800	-8122.753	-8381.898	259.1446	0.9177954	1.467229	0.653305	7.034786
22806	-8121.042	-8381.489	260.4469	0.9666887	1.467229	0.6054243	6.340941
22812	-8129.843	-8389.455	259.6123	0.8527513	1.55117	0.6459268	6.790177
22818	-8119.908	-8379.814	259.9067	0.9405964	1.55117	0.588932	6.62755
22824	-8122.747	-8382.17	259.4235	0.9126713	1.55117	0.6695555	6.842369
22830	-8132.285	-8392.039	259.7534	0.9126713	1.668653	0.517782	6.740584
22836	-8137.133	-8396.513	259.38	0.9134928	1.612613	0.5041027	6.97423
22842	-8131.706	-8391.282	259.5769	0.9215541	1.46546	0.7512818	6.731792
22848	-8128.68	-8388.393	259.7132	0.9367346	1.46546	0.5327174	6.814363
22854	-8139.467	-8397.086	257.6193	0.8490868	1.479295	0.706661	7.846432
22860	-8137.106	-8394.505	257.3996	0.8385037	1.43206	0.7795417	7.93986
22866	-8141.859	-8400.91	259.051	0.8364663	1.39306	0.7795417	7.072325
22872	-8137.898	-8396.831	258.9334	0.9085817	1.369342	0.7703535	7.112725
22878	-8139.716	-8398.686	258.9703	0.7996923	1.369342	0.7920512	7.1374
22884	-8136.443	-8395.191	258.7484	0.8240711	1.535044	0.6476263	7.275603
22890	-8133.763	-8392.376	258.6136	0.7953082	1.26679	0.6021285	7.509363
22896	-8145.06	-8402.588	257.5276	0.8803854	1.26679	0.625277	8.026565
22902	-8129.046	-8387.457	258.4115	0.8006272	1.344488	0.625277	7.562987
22908	-8118.051	-8377.037	258.9859	0.8006272	1.532849	0.7320487	7.101715
22914	-8123.813	-8382.265	258.4518	0.83896	1.418229	0.6591713	7.464813
22920	-8130.762	-8389.086	258.3237	0.8561688	1.568748	0.6591713	7.464813
22926	-8119.904	-8378.248	258.3435	0.8274835	1.550647	0.6753067	7.464813
22932	-8131.427	-8389.951	258.5246	0.7988844	1.550647	0.6753067	7.383054
22938	-8121.329	-8380.742	259.4136	0.858896	1.550647	0.6753067	6.872748
22944	-8132.091	-8390.703	258.6115	0.8680561	1.640882	0.6646461	7.273106
22950	-8130.44	-8388.732	258.2913	0.8242037	1.557874	0.6646461	7.499435
22956	-8136.224	-8394.668	258.4434	0.84616	1.243391	0.6646461	7.536995
22962	-8116.57	-8374.87	258.2996	0.7954332	1.415859	0.6646461	7.566671
22968	-8122.849	-8381.148	258.2995	0.7752022	1.552308	0.5994275	7.572382
22974	-8146.323	-8404.901	258.5785	0.8991456	1.647636	0.7829686	7.190805
22980	-8142.751	-8400.291	257.5397	0.8070255	1.73271	0.7816981	7.767139
22986	-8134.772	-8394.236	259.4637	0.9189922	1.65441	0.687789	6.765281
22992	-8122.81	-8382.467	259.6567	0.8801703	1.535538	0.6354731	6.765281
22998	-8121.693	-8380.503	258.8098	0.7936096	1.535538	0.5850439	7.306768
23004	-8127.835	-8385.161	257.3259	0.8009413	1.28074	0.5926933	8.195153
23010	-8131.264	-8389.266	258.0017	0.7909448	1.408903	0.6876703	7.714885
23016	-8124.796	-8382.839	258.0427	0.7865737	1.456978	0.6772855	7.683082
23022	-8127.344	-8384.871	257.527	0.8192814	1.357629	0.7350644	7.942132
23028	-8140.86	-8399.644	258.7833	0.838117	1.375085	0.6787484	7.291299
23034	-8119.687	-8379.187	259.5003	0.8767288	1.394534	0.7192379	6.848197
23040	-8124.598	-8384.683	260.0844	0.9252388	1.342605	0.7192379	6.528455
23046	-8120.231	-8380.224	259.9932	0.8856887	1.342605	0.6007109	6.686379
23052	-8127.699	-8385.798	258.0984	0.8238214	1.338518	0.7443406	7.636347
23058	-8132.189	-8390.306	258.1167	0.7563386	1.401003	0.7443406	7.636347
23064	-8121.644	-8380.289	258.6454	0.7591866	1.376682	0.6686009	7.41424
23070	-8126.146	-8383.354	257.2081	0.7615582	1.566852	0.6686009	8.105388
23076	-8120.908	-8379.004	258.0955	0.838472	1.566852	0.7263655	7.550011
23082	-8126.419	-8384.723	258.3035	0.7767696	1.549783	0.6259693	7.550011
23088	-8128.628	-8387.466	258.838	0.8899001	1.566593	0.6259693	7.196194
23094	-8139.456	-8396.002	256.5454	0.825308	1.315634	0.6945349	8.507117
23100	-8130.946	-8391.31	260.3636	0.8499176	1.315634	0.6945349	6.447038
23106	-8130.194	-8387.886	257.6914	0.9056873	1.36539	0.55987	7.934196
23112	-8138.44	-8397.117	258.6771	0.8675869	1.49531	0.557798	7.375983
23118	-8135.425	-8393.725	258.2997	0.9023769	1.50027	0.7950718	7.387005
23124	-8134.192	-8391.411	257.219	0.875128	1.409481	0.6945906	8.082675
23130	-8126.963	-8385.676	258.7128	0.8753361	1.409481	0.6762093	7.29662
23136	-8143.537	-8402.617	259.0807	0.8836618	1.548338	0.6081068	7.089768
23142	-8146.039	-8405.482	259.443	0.9261454	1.548338	0.6081068	6.871735
23148	-8138.098	-8397.612	259.5143	0.861665	1.548338	0.6506774	6.835812
23154	-8127.349	-8385.726	258.3774	0.8637508	1.513758	0.7544474	7.387087
23160	-8138.776	-8397.016	258.24	0.8036403	1.418543	0.6855379	7.578135
23166	-8133.482	-8391.736	258.2544	0.7892023	1.418543	0.6855379	7.578135
23172	-8127.064	-8384.068	257.0044	0.7793641	1.544957	0.6362584	8.236294
23178	-8127.65	-8385.787	258.1373	0.7888996	1.544957	0.6532018	7.614075
23184	-8110.695	-8368.021	257.3266	0.7862992	1.721728	0.684295	7.961358
23190	-8127.487	-8384.893	257.4065	0.8899426	1.398763	0.6894385	7.982811
23196	-8123.454	-8382.068	258.6139	0.8294926	1.398763	0.607975	7.429454
3354	-8128.725	-8388.017	259.2919	0.9123608	1.484819	0.6074856	6.986038
3936	-8134.402	-8392.774	258.3723	0.8610355	1.50077	0.7674187	7.387856
3366	-8141.331	-8399.904	258.573	0.9384674	1.472459	0.6424435	7.336812
3972	-8135.378	-8394.556	259.1782	0.8948669	1.291489	0.7166629	7.058105
