Iteration	Posterior	Likelihood	Prior	rate_log_sd	rate_loss	rate_neo	tree_length
0	-8131.771	-8388.904	257.1339	0.7547285	1.414246	0.6614669	8.21364
6	-8135.343	-8391.848	256.5053	0.7278496	1.65245	0.7867773	8.386053
12	-8136.976	-8395.683	258.7066	0.7823748	1.346173	0.5979666	7.434942
18	-8129.418	-8387.851	258.4332	0.8091341	1.587299	0.6446854	7.434942
24	-8128.006	-8388.089	260.0826	0.9123368	1.3414	0.6570731	6.581258
30	-8137.239	-8395.81	258.571	0.8464133	1.375443	0.7151932	7.375123
36	-8133.799	-8392.521	258.7217	0.7520007	1.388531	0.7348494	7.326031
42	-8125.423	-8383.248	257.8245	0.7073282	1.388531	0.6661409	7.877977
48	-8135.537	-8392.734	257.1962	0.7895254	1.583288	0.6661409	8.092373
54	-8121.221	-8379.417	258.1959	0.7652875	1.583288	0.5978631	7.622593
60	-8139.699	-8397.571	257.872	0.682604	1.489318	0.6499862	7.836738
66	-8136.491	-8395.748	259.2564	0.8042654	1.489318	0.5489982	7.108488
72	-8130.114	-8388.431	258.3177	0.7893408	1.528662	0.7390442	7.463411
78	-8141.771	-8399.17	257.399	0.69489	1.304813	0.6675328	8.146183
84	-8140.616	-8397.049	256.4327	0.7553007	1.42969	0.7404154	8.525372
90	-8132.634	-8389.9	257.2659	0.8001324	1.512583	0.6675328	8.075578
96	-8130.598	-8390.207	259.6084	0.8661163	1.512583	0.6485221	6.798176
102	-8129.312	-8388.247	258.9348	0.8756376	1.622304	0.582091	7.164996
108	-8124.107	-8383.568	259.4619	0.9619419	1.558639	0.7205356	6.756156
114	-8122.777	-8382.285	259.5079	0.9374656	1.703808	0.6296883	6.756156
120	-8126.555	-8386.936	260.3805	0.9684945	1.798934	0.6296883	6.233122
126	-8136.469	-8397.17	260.7017	0.9648691	1.29665	0.6296883	6.257291
132	-8138.685	-8397.025	258.3398	0.8428192	1.399052	0.6352592	7.548321
138	-8145.899	-8405.043	259.144	0.9204699	1.399052	0.7674489	6.982387
144	-8135.439	-8394.793	259.3545	0.8393633	1.399052	0.5970703	7.034711
150	-8128.286	-8387.023	258.7371	0.7334835	1.36204	0.6823706	7.37517
156	-8144.552	-8403.087	258.535	0.8963076	1.412469	0.6823706	7.37517
162	-8132.05	-8389.901	257.8505	0.7859815	1.41783	0.7280905	7.766768
168	-8134.522	-8392.571	258.0491	0.7754385	1.413218	0.5924354	7.766768
174	-8121.228	-8378.949	257.7203	0.7948217	1.662525	0.779879	7.703318
180	-8123.17	-8381.318	258.148	0.7988268	1.413218	0.6192217	7.680741
186	-8134.62	-8392.923	258.3026	0.7623026	1.413218	0.6271231	7.611599
192	-8152.563	-8409.496	256.9339	0.7692882	1.424198	0.6306206	8.33092
198	-8145.339	-8405.276	259.9362	0.8744996	1.33867	0.661735	6.678651
204	-8165.123	-8423.568	258.4452	0.8843946	1.412359	0.7631052	7.37469
210	-8147.262	-8406.024	258.7627	0.8689885	1.68552	0.5918451	7.230209
216	-8120.208	-8377.438	257.2301	0.7364289	1.551384	0.5918451	8.17034
222	-8113.833	-8371.853	258.0201	0.7821549	1.496906	0.6979775	7.667088
228	-8117.27	-8376.071	258.8016	0.7657279	1.46232	0.6866419	7.278835
234	-8109.828	-8369.432	259.6038	0.8460489	1.4082	0.624438	6.871814
240	-8126.272	-8383.483	257.2109	0.8281763	1.4082	0.5609376	8.212924
246	-8118.288	-8376.363	258.075	0.7364082	1.4834	0.7096364	7.659459
252	-8119.288	-8377.942	258.6544	0.8340619	1.365176	0.7096364	7.345133
258	-8122.931	-8379.445	256.5139	0.7173149	1.361201	0.7096364	8.551376
264	-8121.017	-8379.627	258.6104	0.7526512	1.500672	0.6562738	7.395057
270	-8137.209	-8397.066	259.8575	0.847196	1.658431	0.5818896	6.669846
276	-8125.215	-8384.199	258.9839	0.847196	1.658431	0.6751476	7.070163
282	-8119.911	-8378.996	259.085	0.8533989	1.511901	0.6348687	7.09747
288	-8132.586	-8391.081	258.4951	0.8983196	1.282851	0.6348687	7.485544
294	-8135.245	-8395.602	260.3578	0.8326175	1.378849	0.6297494	6.479835
300	-8127.143	-8385.229	258.0861	0.7915359	1.378921	0.6319819	7.722356
306	-8136.239	-8395.675	259.4356	0.9183831	1.347771	0.6319819	6.943326
312	-8133.895	-8392.929	259.0342	0.8249814	1.532683	0.6728359	7.104065
318	-8135.46	-8394.076	258.6165	0.8156262	1.532683	0.6728359	7.333463
324	-8131.05	-8389.077	258.0266	0.8307897	1.839421	0.6679022	7.534648
330	-8121.739	-8380.794	259.0546	0.8877988	1.723368	0.6679022	6.992062
336	-8125.587	-8384.149	258.5615	0.8737889	1.444268	0.6510204	7.382669
342	-8118.445	-8376.563	258.1178	0.8359705	1.612012	0.6510204	7.575607
348	-8118.204	-8376.357	258.1537	0.7911216	1.436564	0.6510204	7.648527
354	-8133.137	-8390.855	257.7184	0.7483686	1.638327	0.6527484	7.825039
360	-8137.007	-8395.613	258.6066	0.8393359	1.479853	0.6985582	7.328596
366	-8151.097	-8409.455	258.3576	0.8562634	1.479853	0.6936761	7.456465
372	-8141.446	-8399.627	258.1809	0.8657763	1.487024	0.7297666	7.51835
378	-8131.456	-8389.224	257.7673	0.7387112	1.487024	0.6724587	7.847306
384	-8123.957	-8381.965	258.0079	0.809662	1.431649	0.7225724	7.668069
390	-8127.426	-8388.229	260.8028	0.9262836	1.639423	0.7724275	5.982274
396	-8135.526	-8394.755	259.2297	0.864812	1.813353	0.5604739	6.961675
402	-8120.843	-8380.11	259.2666	0.8364834	1.338205	0.6340667	7.080953
408	-8120.61	-8378.605	257.9957	0.8582926	1.338205	0.75718	7.664473
414	-8123.728	-8382.397	258.6692	0.7724685	1.58439	0.6604618	7.317536
420	-8135.728	-8394.316	258.5878	0.8841261	1.591416	0.6711299	7.290937
426	-8137.177	-8394.095	256.9181	0.8018269	1.591416	0.7210687	8.19261
432	-8119.579	-8378.588	259.009	0.8316071	1.608357	0.6022307	7.138118
438	-8130.485	-8388.889	258.4045	0.7765628	1.608357	0.6081443	7.487515
444	-8113.566	-8372.815	259.2486	0.8930912	1.544537	0.7706524	6.880212
450	-8143.255	-8401.414	258.1588	0.7594117	1.390405	0.578235	7.737389
456	-8126.854	-8384.66	257.8062	0.9140764	1.487917	0.8512547	7.615208
462	-8126.133	-8383.829	257.6965	0.7547256	1.463487	0.7940345	7.804135
468	-8123.96	-8381.878	257.9185	0.8730345	1.463487	0.7940345	7.622208
474	-8133.451	-8394.685	261.2343	0.9458434	1.333522	0.7431312	5.879403
480	-8125.127	-8386.088	260.961	0.9361982	1.550798	0.8178751	5.894925
486	-8153.244	-8413.468	260.2234	0.9427198	1.550798	0.7090249	6.365402
492	-8146.886	-8406.206	259.3206	0.8629051	1.27012	0.6465732	7.05828
498	-8153.814	-8412.915	259.1017	0.8193691	1.315907	0.7278365	7.121491
504	-8142.972	-8400.951	257.9797	0.8177407	1.54664	0.6898212	7.65606
510	-8138.521	-8397.649	259.1276	0.8298621	1.399477	0.7278365	7.066285
516	-8126.533	-8385.372	258.8389	0.7629524	1.399477	0.7278365	7.257399
522	-8146.605	-8405.624	259.0186	0.8986191	1.414897	0.734078	7.077267
528	-8133.743	-8392.858	259.1153	0.8318962	1.376326	0.734078	7.077267
534	-8127.613	-8386.799	259.1858	0.8836124	1.196616	0.7553557	7.077267
540	-8129.921	-8389.082	259.1614	0.9257404	1.4968	0.5926905	7.055879
546	-8122.664	-8381.565	258.901	0.8316653	1.4968	0.7809394	7.112473
552	-8129.993	-8388.846	258.8531	0.8552946	1.386365	0.8865019	7.105479
558	-8134.677	-8393.659	258.982	0.8209145	1.330698	0.6458912	7.236697
564	-8124.588	-8383.416	258.8273	0.8209145	1.36294	0.7787415	7.214138
570	-8126.412	-8385.411	258.9991	0.8219063	1.243146	0.7184292	7.214138
576	-8120.42	-8379.127	258.707	0.8700282	1.330563	0.7096438	7.312407
582	-8114.78	-8373.577	258.7968	0.856527	1.399162	0.6992595	7.249585
588	-8132.158	-8390.956	258.7983	0.7623214	1.509243	0.7069013	7.249585
594	-8138.184	-8396.609	258.4251	0.7952987	1.474595	0.6447963	7.490267
600	-8143.332	-8402.734	259.4023	0.856622	1.476779	0.7039485	6.888781
606	-8144.508	-8403.929	259.4213	0.8905221	1.361834	0.7314853	6.888781
612	-8117.904	-8377.054	259.1499	0.9099526	1.680381	0.7314853	6.899585
618	-8119.748	-8378.298	258.5503	0.7786751	1.496956	0.6713273	7.403878
624	-8130.253	-8388.573	258.3201	0.7538776	1.196913	0.6791529	7.66338
630	-8144.182	-8401.922	257.7397	0.8476463	1.552546	0.8176357	7.681738
636	-8138.915	-8396.43	257.515	0.736864	1.552546	0.8605844	7.834877
642	-8123.471	-8381.272	257.8016	0.7416393	1.384121	0.6395201	7.893203
648	-8120.34	-8378.881	258.5416	0.840558	1.489858	0.6395201	7.401419
654	-8114.809	-8373.344	258.5346	0.7652929	1.489858	0.7007917	7.401419
660	-8112.515	-8371.042	258.5276	0.8357995	1.61589	0.7007917	7.319007
666	-8128.716	-8387.148	258.4321	0.8792435	1.297386	0.7007917	7.475497
672	-8122.19	-8380.931	258.7405	0.779678	1.396813	0.7333401	7.298647
678	-8118.629	-8377.942	259.3133	0.9029404	1.347623	0.7333401	6.945164
684	-8136.836	-8396.115	259.2786	0.8158906	1.594817	0.620331	6.992579
690	-8134.681	-8393.416	258.7347	0.8976153	1.594817	0.5492751	7.297668
696	-8126.483	-8385.262	258.7797	0.8357211	1.350932	0.6887619	7.297668
702	-8126.209	-8384.198	257.9891	0.8583061	1.64844	0.5812679	7.672383
708	-8125.887	-8384.301	258.4141	0.8824967	1.64844	0.5812679	7.431841
714	-8135.486	-8393.682	258.1966	0.7980465	1.37922	0.6439444	7.650713
720	-8137.451	-8394.871	257.4208	0.7934911	1.37922	0.6439444	8.067417
726	-8144.73	-8402.56	257.8304	0.9090749	1.393596	0.6439444	7.781156
732	-8145.255	-8403.663	258.4075	0.8182569	1.432371	0.6516971	7.499315
738	-8142.18	-8399.841	257.6609	0.7834502	1.573455	0.6516971	7.861879
744	-8146.919	-8404.877	257.958	0.7681686	1.4938	0.5793565	7.797287
750	-8140.648	-8399.013	258.3654	0.7838029	1.280621	0.6892901	7.577801
756	-8141.289	-8397.6	256.311	0.6806877	1.360645	0.6214819	8.741911
762	-8140.798	-8396.815	256.0163	0.7161227	1.426688	0.7811159	8.741911
768	-8135.614	-8392.239	256.6253	0.796809	1.436403	0.6676755	8.44835
774	-8132.91	-8391.56	258.6498	0.7608187	1.448935	0.7599397	7.318344
780	-8126.284	-8384.06	257.7759	0.7608187	1.448935	0.6597955	7.855225
786	-8129.8	-8388.262	258.4617	0.884889	1.448935	0.6597955	7.421942
792	-8129.541	-8388.564	259.0225	0.8354577	1.436227	0.6597955	7.152585
798	-8127.499	-8386.544	259.0448	0.8181044	1.429663	0.6597955	7.152585
804	-8129.792	-8387.088	257.2962	0.7438545	1.429663	0.7942984	8.037055
810	-8143.415	-8402.335	258.9198	0.8504875	1.419064	0.7415283	7.14958
816	-8124.872	-8384.013	259.1409	0.7926586	1.418298	0.6708939	7.111212
822	-8139.026	-8396.13	257.104	0.7562197	1.492128	0.6824478	8.182605
828	-8133.477	-8392.112	258.6346	0.7959486	1.488857	0.6977068	7.33385
834	-8142.694	-8399.851	257.1566	0.8519269	1.380275	0.8314294	8.051075
840	-8131.895	-8389.356	257.4607	0.7449868	1.380275	0.7563689	7.993502
846	-8142.058	-8397.345	255.2861	0.7283887	1.380275	0.7527584	9.159408
852	-8141.107	-8400.26	259.153	0.9049467	1.629294	0.6352167	6.988075
858	-8140.401	-8398.788	258.3866	0.8270239	1.629294	0.6410288	7.437388
864	-8136.883	-8396.822	259.939	0.8119108	1.488757	0.6663061	6.645221
870	-8133.433	-8391.434	258.0009	0.8398362	1.571145	0.7053895	7.612656
876	-8134.085	-8391.143	257.0572	0.8196985	1.571145	0.7597514	8.090808
882	-8128.091	-8386.366	258.2752	0.8719913	1.620273	0.7273599	7.415048
888	-8127.961	-8385.37	257.4093	0.8361608	1.689924	0.6409426	7.933204
894	-8134.016	-8391.874	257.8583	0.776018	1.654426	0.6409426	7.73831
900	-8141.659	-8399.834	258.1753	0.7314117	1.660485	0.6902364	7.554785
906	-8142.756	-8401.362	258.6058	0.8312961	1.452092	0.5968922	7.419591
912	-8137.485	-8394.975	257.4908	0.7930701	1.638745	0.6099795	7.95455
918	-8129.543	-8387.713	258.1694	0.8165906	1.259868	0.606268	7.735538
924	-8129.951	-8388.499	258.5485	0.7840273	1.360361	0.6835985	7.449038
930	-8138.658	-8397.825	259.1665	0.828389	1.574291	0.6841018	7.006952
936	-8147.264	-8405.83	258.5658	0.8100156	1.640061	0.6423212	7.345451
942	-8157.691	-8415.755	258.064	0.8597128	1.640061	0.6423212	7.58772
948	-8157.818	-8416.936	259.118	0.8597128	1.563379	0.7037428	7.006537
954	-8165.492	-8422.396	256.9038	0.8039504	1.481898	0.7279765	8.236428
960	-8136.346	-8394.64	258.2946	0.9084447	1.481898	0.5970916	7.532942
966	-8138.911	-8397.409	258.4975	0.8402013	1.359521	0.5694718	7.532942
972	-8136.925	-8394.675	257.7497	0.881107	1.662514	0.5694718	7.792503
978	-8139.662	-8397.412	257.7507	0.7991437	1.470103	0.5694718	7.908758
984	-8130.975	-8388.644	257.6691	0.7700171	1.470103	0.6356259	7.916636
990	-8138.305	-8396.616	258.3106	0.8732308	1.314431	0.72193	7.521808
996	-8131.55	-8392.036	260.4858	1.008333	1.508019	0.7035084	6.207909
1002	-8135.628	-8395.628	259.9997	0.9963466	1.298017	0.8235136	6.486853
1008	-8120.27	-8378.923	258.6532	0.8550736	1.553456	0.7428483	7.236071
1014	-8120.904	-8379.736	258.832	0.8383976	1.379189	0.7176132	7.236071
1020	-8141.742	-8401.474	259.7325	0.8383976	1.227092	0.7176132	6.818368
1026	-8136.136	-8394.408	258.2717	0.845468	1.227092	0.682474	7.623914
1032	-8129.872	-8387.899	258.0276	0.7754643	1.48872	0.6563126	7.699573
1038	-8142.363	-8398.615	256.2523	0.770007	1.307153	0.776995	8.640799
1044	-8140.931	-8398.687	257.7555	0.7700901	1.534971	0.7444771	7.768519
1050	-8138.118	-8394.593	256.474	0.7355032	1.253566	0.6306646	8.665874
1056	-8140.507	-8398.763	258.2561	0.8185764	1.893387	0.6306646	7.427746
1062	-8140.889	-8400.423	259.5342	0.8617327	1.682369	0.6614917	6.766907
1068	-8132.907	-8390.939	258.0327	0.8607213	1.42533	0.6614917	7.672965
1074	-8134.445	-8392.566	258.1214	0.7719734	1.42533	0.6614917	7.672965
1080	-8125.645	-8384.548	258.9027	0.9104044	1.49708	0.6197472	7.182126
1086	-8128.617	-8387.386	258.7692	0.8442982	1.687671	0.6674362	7.182126
1092	-8122.627	-8380.715	258.0882	0.8923651	1.289263	0.6674362	7.679819
1098	-8141.769	-8401.064	259.2951	0.9004882	1.250024	0.6674362	7.045588
1104	-8139.582	-8398.359	258.7769	0.8461461	1.315482	0.6793163	7.315561
1110	-8138.084	-8395.369	257.2852	0.7457791	1.474506	0.7460369	8.055122
1116	-8135.073	-8392.438	257.3653	0.7824728	1.323799	0.7460369	8.055122
1122	-8141.448	-8398.714	257.2663	0.8262274	1.251404	0.6060409	8.216144
1128	-8142.808	-8401.809	259.0006	0.9129588	1.381487	0.5326858	7.245325
1134	-8131.32	-8391.519	260.1983	0.9839171	1.381487	0.7121701	6.423183
1140	-8132.123	-8392.308	260.1855	0.9098274	1.666413	0.6229887	6.423183
1146	-8128.541	-8387.217	258.6766	0.8383688	1.55876	0.7258489	7.241888
1152	-8120.97	-8379.539	258.5689	0.863959	1.684525	0.7220304	7.241888
1158	-8132.122	-8389.827	257.7052	0.8292306	1.705108	0.7220304	7.715963
1164	-8129.762	-8390.832	261.0699	0.9065899	1.364744	0.649341	6.043934
1170	-8132.634	-8391.881	259.2472	0.883396	1.465803	0.720706	6.950766
1176	-8134.507	-8393.277	258.7692	0.7822987	1.465803	0.720706	7.262218
1182	-8140.127	-8398.781	258.6541	0.7992126	1.60176	0.720706	7.262218
1188	-8145.789	-8404.006	258.2172	0.8296864	1.360624	0.5924968	7.669774
1194	-8129.428	-8387.133	257.7055	0.8305814	1.614185	0.5924968	7.842507
1200	-8128.775	-8386.537	257.7621	0.7872694	1.614185	0.6183897	7.815394
1206	-8124.015	-8381.94	257.9251	0.8469162	1.289374	0.6183897	7.82749
1212	-8136.901	-8396.097	259.1958	0.8551175	1.291978	0.6191357	7.140497
1218	-8134.958	-8394.601	259.643	0.8924737	1.291978	0.8169474	6.742779
1224	-8128.925	-8387.976	259.0509	0.8182262	1.363303	0.6969315	7.150365
1230	-8128.579	-8387.502	258.9233	0.8168364	1.429644	0.6969315	7.192012
1236	-8151.047	-8409.626	258.5789	0.8495005	1.475202	0.7218946	7.32374
1242	-8122.468	-8380.471	258.0032	0.7521197	1.448723	0.7808359	7.655952
1248	-8119.745	-8377.699	257.9536	0.7920378	1.499245	0.8001885	7.628658
1254	-8118.957	-8377.014	258.0569	0.8147077	1.467481	0.6767044	7.656652
1260	-8121.317	-8378.661	257.3443	0.7781077	1.45882	0.7208866	8.029481
1266	-8133.976	-8390.75	256.7742	0.7210951	1.493578	0.6416883	8.405602
1272	-8131.716	-8390.225	258.5091	0.7898933	1.418948	0.6243069	7.486004
1278	-8137.384	-8394.788	257.4033	0.7728223	1.418948	0.7389083	8.004836
1284	-8144.828	-8403.814	258.9858	0.7719622	1.501115	0.7511073	7.116838
1290	-8138.048	-8396.615	258.5669	0.8012144	1.351844	0.4455459	7.628801
1296	-8133.248	-8390.766	257.5178	0.7764428	1.378911	0.5779365	8.075461
1302	-8121.466	-8380.132	258.6667	0.8075835	1.378911	0.5779365	7.444812
1308	-8112.807	-8371.509	258.702	0.8075835	1.374486	0.6919999	7.342167
1314	-8124.377	-8382.884	258.5064	0.7484115	1.607455	0.6061299	7.449861
1320	-8121.529	-8380.011	258.4818	0.8857012	1.607455	0.6221523	7.377185
1326	-8117.083	-8377.186	260.1036	0.867719	1.584645	0.7073392	6.4592
1332	-8132.568	-8391.108	258.5395	0.7948305	1.584645	0.693829	7.351142
1338	-8120.733	-8379.087	258.3534	0.8244456	1.472659	0.6430299	7.515131
1344	-8144.496	-8404.294	259.7988	0.8101345	1.472659	0.6115367	6.76955
1350	-8150.682	-8410.205	259.5239	0.9271435	1.327953	0.4657283	7.03884
1356	-8129.581	-8387.483	257.9022	0.8254071	1.558306	0.6480446	7.718989
1362	-8110.971	-8369.073	258.1027	0.8783402	1.726504	0.6297615	7.535355
1368	-8128.859	-8387.213	258.3545	0.7948473	1.393874	0.6804452	7.535355
1374	-8115.841	-8374.194	258.3524	0.8093832	1.673441	0.6804452	7.420392
1380	-8126.903	-8386.106	259.2025	0.8402862	1.518284	0.6221938	7.048407
1386	-8136.815	-8394.757	257.942	0.8544842	1.713553	0.7049365	7.5845
1392	-8134.319	-8392.111	257.7926	0.9114877	1.504732	0.629757	7.765844
1398	-8139.681	-8396.908	257.2269	0.7369787	1.504732	0.629757	8.160755
1404	-8131.393	-8389.649	258.2552	0.8185501	1.789832	0.6954727	7.415929
1410	-8132.1	-8389.967	257.8669	0.8112294	1.755413	0.6177031	7.696467
1416	-8132.253	-8390.756	258.5035	0.8010771	1.567024	0.7867131	7.311474
1422	-8144.034	-8402.679	258.6447	0.836013	1.567024	0.6491378	7.311474
1428	-8137.952	-8395.999	258.0463	0.7711973	1.478718	0.6840894	7.675901
1434	-8127.724	-8385.634	257.9093	0.7653661	1.456469	0.6702882	7.770968
1440	-8145.241	-8402.607	257.3656	0.7677981	1.535945	0.6635453	8.033481
1446	-8134.348	-8392.97	258.6217	0.9159678	1.361818	0.6469791	7.36492
1452	-8126.953	-8383.856	256.9031	0.7729463	1.401935	0.5573243	8.411597
1458	-8136.081	-8392.969	256.888	0.7678414	1.679356	0.5573243	8.316051
1464	-8133.03	-8389.862	256.832	0.7832568	1.74043	0.5573243	8.316051
1470	-8120.18	-8378.519	258.3388	0.7877969	1.74043	0.584418	7.48753
1476	-8131.273	-8389.389	258.1154	0.7877969	1.74043	0.6065019	7.589865
1482	-8129.756	-8388.077	258.3213	0.7913521	1.74043	0.6065019	7.477684
1488	-8127.467	-8385.914	258.4466	0.7955069	1.513364	0.6065019	7.492298
1494	-8129.956	-8388.029	258.0733	0.711033	1.492249	0.6065019	7.745555
1500	-8126.479	-8384.039	257.56	0.7578278	1.492249	0.6065019	7.994613
1506	-8231.891	-8488.477	256.5857	0.8351806	1.656173	0.6174802	8.402076
1512	-8130.604	-8387.922	257.3175	0.8792316	1.524167	0.6784613	7.993582
1518	-8122.091	-8379.605	257.5138	0.7595533	1.524167	0.6226282	7.993582
1524	-8117.506	-8375.236	257.7308	0.7405792	1.524167	0.6226282	7.887942
1530	-8117.99	-8376.293	258.3028	0.7575524	1.504659	0.7420323	7.495811
1536	-8118.936	-8377.363	258.4271	0.7845185	1.504659	0.748434	7.410473
1542	-8137.315	-8396.403	259.0878	0.8134801	1.307513	0.7433821	7.125302
1548	-8131.954	-8390.115	258.1609	0.8422652	1.307513	0.7433821	7.607071
1554	-8127.668	-8386.694	259.0254	0.8713378	1.348964	0.748434	7.106388
1560	-8140.449	-8399.19	258.7405	0.781889	1.517824	0.5787379	7.362147
1566	-8139.922	-8396.894	256.9722	0.7638935	1.517824	0.5713084	8.322105
1572	-8136.839	-8393.54	256.7005	0.7627152	1.464343	0.6281646	8.444237
1578	-8136.775	-8393.323	256.548	0.8097469	1.52757	0.6281646	8.475554
1584	-8153.548	-8411.701	258.1527	0.8531712	1.52757	0.6574937	7.575003
1590	-8148.345	-8407.233	258.8882	0.8428229	1.483692	0.6574937	7.203337
1596	-8144.807	-8404.244	259.4368	0.9458281	1.558586	0.7209411	6.778137
1602	-8135.45	-8395.799	260.3486	0.9311063	1.191478	0.6486044	6.501296
1608	-8121.935	-8382.021	260.0864	0.8695859	1.309617	0.8269068	6.501296
1614	-8141.58	-8400.997	259.4172	0.8695859	1.404397	0.8395974	6.814533
1620	-8157.506	-8415.797	258.2905	0.849464	1.272478	0.7840669	7.522706
1626	-8135.192	-8393.669	258.4772	0.8424601	1.306317	0.6907968	7.474147
1632	-8127.454	-8387.437	259.9827	0.8613255	1.486471	0.7752564	6.52058
1638	-8127.763	-8386.801	259.0377	0.9075257	1.486471	0.7204381	7.042474
1644	-8145.145	-8405.25	260.1047	0.8780875	1.444976	0.6553471	6.545534
1650	-8124.128	-8382.252	258.1236	0.8410692	1.486471	0.6392668	7.626584
1656	-8140.99	-8398.077	257.0864	0.751666	1.542292	0.7253332	8.145367
1662	-8118.917	-8376.872	257.9547	0.7684553	1.518768	0.6361941	7.745371
1668	-8114.131	-8373.647	259.5151	0.9092037	1.518768	0.6361941	6.832061
1674	-8140.258	-8399.199	258.9409	0.8775565	1.270811	0.6361941	7.261917
1680	-8124.585	-8384.687	260.1019	0.9597749	1.453813	0.7454845	6.435616
1686	-8122.158	-8381.682	259.5242	0.9022074	1.273097	0.719475	6.874036
1692	-8131.895	-8391.233	259.3375	0.8080192	1.333964	0.719475	6.998559
1698	-8111.297	-8370.3	259.0035	0.8083531	1.408198	0.719475	7.146649
1704	-8120.991	-8380.384	259.3929	0.8825971	1.306395	0.7562107	6.915809
1710	-8129.226	-8388.667	259.4404	0.8350942	1.306395	0.7562107	6.915809
1716	-8151.25	-8410.621	259.3709	0.8796277	1.546797	0.7562107	6.830202
1722	-8144.341	-8402.555	258.2135	0.8400673	1.236009	0.7295322	7.621313
1728	-8140.763	-8398.801	258.0379	0.7599434	1.635716	0.6914026	7.621313
1734	-8130.249	-8388.14	257.8908	0.7747491	1.515924	0.6909906	7.737652
1740	-8128.445	-8387.65	259.2055	0.8692578	1.503845	0.5702226	7.077724
1746	-8127.483	-8386.622	259.139	0.8692578	1.503845	0.7584771	6.976063
1752	-8144.26	-8402.756	258.4957	0.8692578	1.503845	0.7584771	7.321901
1758	-8133.449	-8393.046	259.5974	0.809699	1.503845	0.6766287	6.817475
1764	-8155.648	-8414.986	259.3378	0.8607049	1.512533	0.6819125	6.922756
1770	-8132.353	-8391.732	259.379	0.8119579	1.620716	0.6306289	6.923098
1776	-8126.673	-8384	257.3265	0.8162482	1.410675	0.6249973	8.106621
1782	-8121.027	-8379.544	258.5173	0.8199827	1.410675	0.6102057	7.479672
1788	-8127.397	-8385.821	258.4235	0.7997517	1.659967	0.6102057	7.444314
1794	-8125.23	-8383.452	258.2226	0.8311548	1.590836	0.77539	7.444314
1800	-8130.523	-8386.751	256.228	0.7848758	1.272172	0.77539	8.662103
1806	-8140.717	-8398.091	257.3739	0.7560503	1.259566	0.6103928	8.18922
1812	-8136.126	-8394.208	258.0814	0.8134126	1.259566	0.7811254	7.661611
1818	-8132.254	-8391.718	259.4638	0.8653242	1.259566	0.6570005	6.976949
1824	-8140.518	-8398.684	258.166	0.9187854	1.524057	0.6570005	7.534509
1830	-8144.06	-8403.734	259.6739	0.8760018	1.545598	0.7117329	6.699178
1836	-8146.896	-8407.578	260.6822	0.9105029	1.545598	0.7117329	6.133715
1842	-8146.184	-8405.164	258.9805	0.8578897	1.590854	0.7793539	7.020265
1848	-8147.687	-8407.036	259.3496	0.8351203	1.397752	0.6372208	7.009359
1854	-8148.789	-8406.731	257.942	0.7829698	1.573744	0.6268275	7.730311
1860	-8137.275	-8395.771	258.4955	0.9187886	1.682405	0.6532506	7.30132
1866	-8143.869	-8402.52	258.651	0.7967076	1.667255	0.6532506	7.288884
1872	-8140.802	-8400.037	259.2354	0.8114377	1.603081	0.609756	7.02327
1878	-8123.305	-8381.568	258.2627	0.827911	1.603081	0.7114138	7.462711
1884	-8134.234	-8392.485	258.2504	0.834617	1.569814	0.7300485	7.465492
1890	-8130.807	-8388.853	258.0465	0.7512573	1.569814	0.6120759	7.704117
1896	-8133.261	-8392.825	259.5632	0.8969503	1.569814	0.6120759	6.811335
1902	-8128.073	-8387.275	259.2025	0.8245376	1.502056	0.646011	7.045372
1908	-8127.875	-8386.279	258.4039	0.8189913	1.632782	0.6123305	7.452824
1914	-8149.943	-8409.663	259.7202	0.9143535	1.541093	0.4951846	6.82556
1920	-8151.678	-8409.466	257.7883	0.908769	1.560977	0.8846447	7.579371
1926	-8145.149	-8403.993	258.844	0.9013541	1.48752	0.7289115	7.143798
1932	-8135.467	-8394.175	258.708	0.8956486	1.318298	0.7860882	7.252541
1938	-8131.331	-8389.504	258.1731	0.8260911	1.505818	0.6835273	7.568368
1944	-8117.932	-8375.343	257.4108	0.8226375	1.430225	0.7356692	7.971858
1950	-8121.206	-8380.705	259.4988	0.8561801	1.314517	0.7183888	6.894937
1956	-8127.561	-8387.181	259.6197	0.8179527	1.378128	0.7183888	6.822999
1962	-8119.421	-8377.505	258.0837	0.8179527	1.640157	0.6329283	7.606534
1968	-8141.151	-8399.31	258.1593	0.7767665	1.640157	0.7733439	7.490374
1974	-8144.125	-8403.307	259.1824	0.8368046	1.591792	0.7733439	6.926451
1980	-8137.334	-8395.993	258.6594	0.8378106	1.594804	0.58135	7.344057
1986	-8131.22	-8390.036	258.8161	0.8220636	1.811516	0.5590104	7.209005
1992	-8140.86	-8401.478	260.6178	0.8852877	1.464029	0.6229775	6.279984
1998	-8134.039	-8394.596	260.5578	0.9502549	1.464029	0.6468808	6.259187
2004	-8145.413	-8404.668	259.2545	0.9931507	1.464029	0.7749072	6.852132
2010	-8138.213	-8399.178	260.965	0.9910457	1.29653	0.6209597	6.10658
2016	-8136.011	-8395.149	259.1386	0.7750174	1.522203	0.6268825	7.112833
2022	-8138.859	-8396.018	257.1596	0.7902674	1.539398	0.6866873	8.113534
2028	-8148.018	-8406.537	258.5196	0.8571993	1.576247	0.6333811	7.375438
2034	-8135.79	-8395.041	259.2504	0.8633475	1.480933	0.6351868	7.015128
2040	-8135.736	-8394.279	258.5431	0.8535727	1.686683	0.7044494	7.272674
2046	-8129.985	-8388.536	258.5514	0.8357906	1.547738	0.7044494	7.329439
2052	-8120.932	-8379.608	258.6754	0.7990865	1.51513	0.6044736	7.368604
2058	-8135.518	-8393.191	257.6733	0.8551083	1.586297	0.6044736	7.84767
2064	-8123.802	-8383.802	260.0003	0.8456899	1.269697	0.6368552	6.708513
2070	-8138.677	-8397.895	259.2178	0.8287339	1.449617	0.6368552	7.062678
2076	-8119.415	-8378.184	258.7689	0.8876163	1.529117	0.6368552	7.240806
2082	-8134.721	-8394.812	260.0906	0.8822412	1.533436	0.6902351	6.49023
2088	-8140.181	-8400.612	260.431	0.9137244	1.478321	0.8808173	6.186138
2094	-8136.067	-8395.538	259.471	0.8086649	1.491079	0.645588	6.913946
2100	-8129.566	-8386.917	257.3514	0.7367311	1.377485	0.7124384	8.086776
2106	-8114.13	-8372.869	258.7381	0.8810751	1.405192	0.7063639	7.260482
2112	-8118.848	-8377.432	258.5833	0.7708213	1.517591	0.7063639	7.357544
2118	-8118.416	-8377.513	259.0975	0.825681	1.517591	0.7063639	7.051778
2124	-8118.528	-8378.472	259.9431	0.9229369	1.619443	0.5823382	6.596671
2130	-8122.699	-8382.048	259.3488	0.9229369	1.619443	0.6023912	6.90173
2136	-8132.526	-8392.12	259.5946	0.8459838	1.452625	0.5695665	6.90173
2142	-8150.233	-8408.875	258.6418	0.933884	1.476153	0.610144	7.325305
2148	-8140.034	-8397.123	257.0889	0.8201869	1.537014	0.6877145	8.135438
2154	-8136.412	-8394.158	257.7462	0.8400096	1.32468	0.6877145	7.860674
2160	-8131.69	-8389.468	257.7782	0.8449363	1.311236	0.729081	7.818248
2166	-8132.609	-8391.616	259.0075	0.8482779	1.501458	0.7144195	7.08883
2172	-8139.242	-8398.52	259.2788	0.8342435	1.390128	0.6455422	7.044946
2178	-8135.41	-8393.907	258.4977	0.7779555	1.335078	0.8049997	7.409242
2184	-8155.07	-8414.123	259.0533	0.8643296	1.53147	0.8049997	6.983972
2190	-8131.288	-8389.491	258.2037	0.7825802	1.266873	0.7826907	7.608409
2196	-8143.28	-8401.281	258.0009	0.9071965	1.56383	0.8737999	7.471655
2202	-8135.745	-8392.768	257.0228	0.783571	1.31112	0.7014056	8.272649
2208	-8131.208	-8388.453	257.2446	0.722316	1.483708	0.7014056	8.115844
2214	-8130.403	-8387.652	257.2495	0.822521	1.483708	0.6238329	8.115844
2220	-8135.867	-8392.793	256.9266	0.7575526	1.358325	0.6238329	8.373418
2226	-8129.516	-8388.958	259.4422	0.8251818	1.358325	0.633443	6.984346
2232	-8110.499	-8369.586	259.0873	0.9153156	1.532324	0.6132494	7.07138
2238	-8109.252	-8368.837	259.5849	0.8820829	1.532324	0.614791	6.820004
2244	-8112.066	-8371.619	259.553	0.8606508	1.570653	0.614791	6.834027
2250	-8125.697	-8384.792	259.0948	0.8606508	1.381598	0.7269859	7.075434
2256	-8143.188	-8401.159	257.971	0.7451799	1.196768	0.6632288	7.866032
2262	-8146.948	-8405.873	258.9248	0.8981718	1.568518	0.6087394	7.157547
2268	-8132.321	-8391.85	259.5286	0.8605719	1.343065	0.6087394	6.944146
2274	-8134.965	-8393.111	258.1461	0.8485975	1.465827	0.9271927	7.432577
2280	-8132.07	-8390.823	258.7523	0.8372612	1.290388	0.9271927	7.187185
2286	-8126.485	-8385.352	258.8674	0.9188797	1.386853	0.6614597	7.210281
2292	-8128.688	-8387.021	258.3329	0.8833258	1.39227	0.6614597	7.513811
2298	-8130.795	-8389.139	258.3439	0.8723664	1.39227	0.6614597	7.513811
2304	-8133.074	-8391.446	258.3718	0.8130798	1.686099	0.6614597	7.417072
2310	-8129.344	-8388.027	258.6835	0.875777	1.589918	0.6210575	7.281686
2316	-8143.41	-8402.222	258.8126	0.7943026	1.289132	0.7369216	7.295905
2322	-8127.778	-8386.387	258.6087	0.7846826	1.289132	0.5847719	7.521335
2328	-8138.033	-8396.652	258.619	0.8400657	1.653496	0.6030106	7.325727
2334	-8117.697	-8376.784	259.0865	0.7844181	1.567274	0.6955171	7.068293
2340	-8118.006	-8376.791	258.7847	0.8511153	1.565777	0.6379367	7.236998
2346	-8122.985	-8381.977	258.9923	0.8054009	1.550424	0.7786859	7.058029
2352	-8114.978	-8374.167	259.1892	0.8166051	1.449975	0.6417619	7.080749
2358	-8121.022	-8379.558	258.536	0.8024402	1.432469	0.8116012	7.330605
2364	-8118.666	-8376.59	257.9249	0.788519	1.432469	0.6106829	7.804154
2370	-8135.135	-8392.689	257.5542	0.788519	1.447901	0.7122769	7.922231
2376	-8127.252	-8385.417	258.1654	0.7843203	1.298321	0.6537406	7.702257
2382	-8118.015	-8377.165	259.1495	0.8248186	1.298321	0.6537406	7.152936
2388	-8120.745	-8379.894	259.1494	0.9194531	1.272077	0.7013082	7.079701
2394	-8122.506	-8380.623	258.1174	0.8020141	1.272077	0.6560481	7.728345
2400	-8141.835	-8401.049	259.2137	0.792343	1.446221	0.6853697	7.05045
2406	-8131.157	-8390.172	259.0155	0.7859841	1.678373	0.7154892	7.05045
2412	-8125.901	-8384.83	258.929	0.7965088	1.518539	0.6892517	7.169734
2418	-8135.031	-8394.015	258.9834	0.7391743	1.563199	0.6673129	7.169734
2424	-8129.829	-8389.223	259.3937	0.835515	1.563199	0.6673129	6.897014
2430	-8140.314	-8399.772	259.4578	0.9499823	1.630879	0.5141604	6.897014
2436	-8129.059	-8389.148	260.0887	0.886936	1.702782	0.5141604	6.563999
2442	-8108.777	-8366.911	258.1343	0.8820457	1.406863	0.6469714	7.625393
2448	-8118.058	-8377.847	259.7885	0.8669977	1.58769	0.7099068	6.627234
2454	-8119.988	-8378.075	258.0871	0.7864138	1.519808	0.7099068	7.611745
2460	-8125.461	-8384.197	258.7366	0.8177655	1.413441	0.7099068	7.289425
2466	-8110.246	-8368.702	258.4557	0.7923509	1.489651	0.7099068	7.422925
2472	-8131.223	-8389.644	258.4202	0.8075229	1.489651	0.7099068	7.433853
2478	-8127.987	-8386.897	258.9102	0.8683502	1.489651	0.8275548	7.061125
2484	-8141.896	-8400.705	258.8086	0.9023707	1.393663	0.6813767	7.233564
2490	-8123.875	-8383.397	259.5214	0.8580941	1.51066	0.6813767	6.826244
2496	-8125.012	-8384.65	259.6379	0.8197735	1.51066	0.6717119	6.79105
2502	-8134.456	-8393.484	259.0276	0.852206	1.456585	0.662391	7.130661
2508	-8122.944	-8381.007	258.0634	0.8347242	1.515694	0.7331423	7.584328
2514	-8133.655	-8392.424	258.7695	0.8723335	1.330859	0.803114	7.215746
2520	-8131.917	-8392.364	260.4461	1.026534	1.337234	0.6924004	6.298497
2526	-8127.132	-8386.694	259.562	0.9348843	1.737687	0.6643	6.690537
2532	-8123.575	-8383.176	259.6011	0.8994047	1.645557	0.7081784	6.690537
2538	-8134.758	-8393.706	258.9487	0.8252265	1.685457	0.7081784	7.067765
2544	-8139.556	-8398.747	259.1904	0.8583938	1.468015	0.6654154	7.032955
2550	-8144.798	-8403.053	258.2551	0.8068824	1.468015	0.6654154	7.562671
2556	-8147.324	-8405.437	258.1131	0.8068824	1.610626	0.6348604	7.606162
2562	-8128.074	-8385.633	257.5591	0.8033678	1.523159	0.6705844	7.911184
2568	-8143.73	-8400.163	256.4331	0.7328999	1.34957	0.6705844	8.618174
2574	-8128.047	-8386.77	258.7222	0.7696172	1.428961	0.6309905	7.373474
2580	-8134.816	-8394.768	259.9522	0.8462941	1.455501	0.6556952	6.640687
2586	-8129.972	-8389.767	259.7944	0.9368936	1.591304	0.6556952	6.623713
2592	-8118.913	-8376.535	257.6214	0.7840238	1.591304	0.5414747	7.962005
2598	-8132.004	-8390.458	258.454	0.8624148	1.596724	0.5414747	7.472896
2604	-8129.905	-8388.689	258.7836	0.8430975	1.457129	0.5414747	7.360747
2610	-8134.24	-8392.158	257.9174	0.785876	1.600184	0.661189	7.706599
2616	-8132.028	-8390.408	258.3807	0.8522858	1.515793	0.6188762	7.486735
2622	-8122.298	-8380.424	258.1259	0.8225695	1.515793	0.6188762	7.639064
2628	-8135.248	-8392.918	257.6705	0.8887019	1.515793	0.6250502	7.842488
2634	-8138.874	-8397.643	258.7694	0.8666098	1.475488	0.7659727	7.182646
2640	-8136.465	-8394.544	258.0785	0.8951633	1.339632	0.6898482	7.645612
2646	-8124.07	-8384.079	260.0085	0.8875473	1.339632	0.7508134	6.569752
2652	-8135.084	-8395.631	260.5473	0.8961907	1.594602	0.7508134	6.169204
2658	-8134.791	-8391.97	257.1785	0.724393	1.390669	0.7461204	8.157312
2664	-8124.791	-8381.948	257.1566	0.7463297	1.390669	0.7461204	8.157312
2670	-8127.688	-8385.534	257.8452	0.9261776	1.506173	0.7022937	7.67698
2676	-8117.545	-8377.17	259.6249	0.8814383	1.506173	0.543547	6.866371
2682	-8113.567	-8371.569	258.0014	0.8132646	1.506173	0.6834521	7.666999
2688	-8122.709	-8381.793	259.0837	0.829808	1.506173	0.7202855	7.05186
2694	-8132.51	-8391.357	258.8469	0.8584029	1.416841	0.7202855	7.19983
2700	-8125.592	-8384.534	258.9419	0.7474366	1.344085	0.7166975	7.241432
2706	-8121.535	-8378.827	257.2919	0.7406331	1.316019	0.7166975	8.139628
2712	-8128.03	-8385.937	257.907	0.764812	1.704462	0.5804201	7.746754
2718	-8131.32	-8390.212	258.8922	0.778084	1.321256	0.5804201	7.362335
2724	-8124.157	-8383.203	259.0454	0.8442628	1.321256	0.6526079	7.189254
2730	-8141.221	-8399.804	258.5832	0.7560129	1.321256	0.6526079	7.484598
2736	-8130.807	-8388.589	257.7817	0.8392654	1.354952	0.5798621	7.909769
2742	-8155.785	-8413.47	257.6849	0.7866331	1.233344	0.8228622	7.873391
2748	-8136.042	-8393.264	257.2215	0.7330894	1.406334	0.6434924	8.194891
2754	-8129.566	-8386.346	256.7808	0.7784782	1.559009	0.6434924	8.345016
2760	-8142.395	-8400.953	258.5582	0.8354703	1.573686	0.8063202	7.248678
2766	-8139.759	-8398.725	258.9656	0.8290764	1.519391	0.5381602	7.248678
2772	-8136.966	-8396.895	259.9295	0.9461305	1.697352	0.68513	6.484937
2778	-8133.416	-8391.802	258.3869	0.8605046	1.697352	0.7846712	7.295377
2784	-8131.166	-8388.969	257.8028	0.7883563	1.505221	0.6218969	7.831919
2790	-8125.899	-8383.691	257.792	0.9034014	1.46371	0.7919398	7.674861
2796	-8127.805	-8386.577	258.7723	0.8764518	1.46371	0.7919398	7.163747
2802	-8134.893	-8394.533	259.6399	0.8855168	1.481655	0.6135157	6.809463
2808	-8122.225	-8381.239	259.0135	0.8552993	1.647679	0.6135157	7.099606
2814	-8132.457	-8391.102	258.6451	0.8581254	1.15948	0.7003519	7.436305
2820	-8131.983	-8390.897	258.9138	0.809227	1.500646	0.7546381	7.133328
2826	-8130.994	-8390.221	259.2276	0.8861918	1.523638	0.7546381	6.91398
2832	-8136.27	-8395.594	259.324	0.8828745	1.249802	0.7546381	6.979151
2838	-8131.449	-8390.581	259.1317	0.8557434	1.249802	0.6636385	7.160376
2844	-8138.689	-8398.057	259.3683	0.8864265	1.249802	0.6636385	7.016597
2850	-8140.941	-8398.132	257.1915	0.8195683	1.16624	0.7149108	8.22004
2856	-8128.56	-8386.617	258.0573	0.8183078	1.11354	0.7149108	7.784449
2862	-8131.672	-8390.756	259.0838	0.8203394	1.154768	0.7149108	7.213305
2868	-8130.665	-8388.14	257.4757	0.8527097	1.356624	0.8247011	7.894528
2874	-8118.33	-8376.947	258.617	0.8713857	1.352211	0.611505	7.422188
2880	-8123.805	-8383.757	259.9518	0.8371709	1.537188	0.7362484	6.556328
2886	-8121.485	-8380.967	259.4821	0.8634353	1.537188	0.6015	6.893943
2892	-8132.515	-8390.446	257.9306	0.8387386	1.537188	0.6015	7.739934
2898	-8138.137	-8397.826	259.69	0.8083087	1.367611	0.6666277	6.831363
2904	-8140.555	-8401.567	261.0117	0.9091069	1.370204	0.6492314	6.07198
2910	-8137.255	-8396.139	258.8841	0.8861908	1.417056	0.5798779	7.268558
2916	-8134.293	-8393.475	259.1827	0.9068541	1.438979	0.5798779	7.088024
2922	-8143.557	-8402.981	259.4243	0.9287672	1.607002	0.7224462	6.774691
2928	-8120.693	-8380.869	260.1769	0.8906393	1.514745	0.7224462	6.423703
2934	-8117.217	-8377.181	259.9648	0.8214398	1.376413	0.7379717	6.622042
2940	-8110.98	-8370.627	259.6466	0.9398752	1.409083	0.6981299	6.743773
2946	-8112.709	-8371.828	259.1196	0.8270543	1.575331	0.6771093	7.037537
2952	-8110.981	-8369.326	258.3449	0.808466	1.366031	0.6771093	7.547267
2958	-8113.961	-8373.194	259.2336	0.8868713	1.499188	0.6771093	6.973468
2964	-8129.374	-8388.843	259.469	0.8818566	1.471312	0.6478265	6.881791
2970	-8128.895	-8388.234	259.3395	0.8683603	1.597258	0.6677407	6.895303
2976	-8130.596	-8389.37	258.7744	0.9028855	1.574608	0.6398098	7.209936
2982	-8141.918	-8400.741	258.823	0.80021	1.50756	0.6729382	7.24063
2988	-8139.739	-8398.478	258.7391	0.8399719	1.647839	0.6327912	7.24063
2994	-8154.99	-8414.503	259.5125	0.9351309	1.469979	0.6198254	6.851257
3000	-8141.705	-8400.916	259.2108	0.8843133	1.525551	0.6381209	7.005354
3006	-8146.044	-8404.376	258.3325	0.8889914	1.384465	0.6220227	7.543549
3012	-8156.867	-8415.663	258.7957	0.8998788	1.654967	0.6220227	7.183576
3018	-8171.632	-8429.612	257.98	0.886526	1.654967	0.6220227	7.628122
3024	-8137.059	-8395.259	258.2001	0.8672336	1.370565	0.6587689	7.604616
3030	-8135.93	-8394.168	258.2373	0.8652883	1.575447	0.6587689	7.503936
3036	-8127.158	-8385.996	258.8378	0.8546559	1.476049	0.7408999	7.168732
3042	-8123.961	-8383.076	259.1148	0.8618338	1.551133	0.6421179	7.056259
3048	-8121.482	-8380.014	258.5318	0.8217018	1.551133	0.6421179	7.390966
3054	-8127.082	-8385.104	258.0227	0.8113414	1.59059	0.6438223	7.652951
3060	-8153.174	-8411.727	258.5524	0.8117129	1.63678	0.6615222	7.338854
3066	-8148.488	-8407.031	258.5426	0.8624313	1.478456	0.7162563	7.338854
3072	-8147.902	-8406.246	258.3439	0.8226912	1.478456	0.7245712	7.461025
3078	-8137.594	-8395.942	258.3475	0.8290286	1.551423	0.6760786	7.461025
3084	-8133.33	-8391.748	258.4183	0.7742111	1.367196	0.666393	7.533485
3090	-8119.088	-8377.653	258.5645	0.8328414	1.347292	0.6220689	7.464997
3096	-8136.993	-8395.086	258.0927	0.783947	1.359854	0.7200499	7.667987
3102	-8139.312	-8397.905	258.5932	0.8349197	1.605279	0.7310402	7.267413
3108	-8133.597	-8392.132	258.5358	0.8791373	1.605279	0.6960143	7.29861
3114	-8123.252	-8381.432	258.1799	0.8337782	1.558557	0.7258732	7.510811
3120	-8124.277	-8382.37	258.0928	0.7678531	1.582875	0.604928	7.671023
3126	-8124.874	-8382.671	257.7974	0.8221864	1.582875	0.731777	7.708532
3132	-8123.157	-8381.388	258.2318	0.8349791	1.575148	0.7219334	7.478744
3138	-8121.35	-8379.014	257.6644	0.8349791	1.575148	0.5888505	7.879568
3144	-8130.602	-8388.48	257.878	0.7906954	1.41921	0.6966444	7.770615
3150	-8123.657	-8384.368	260.7109	0.9275844	1.583854	0.7371278	6.076403
3156	-8123.648	-8381.477	257.8291	0.8434014	1.534161	0.6521532	7.754679
3162	-8142.452	-8402.009	259.5561	0.8638998	1.317362	0.6506624	6.906941
3168	-8137.089	-8396.802	259.7129	0.9366407	1.538421	0.6506624	6.691959
3174	-8130.175	-8389.945	259.7703	0.9261387	1.423865	0.6702971	6.698138
3180	-8127.304	-8384.284	256.9801	0.8112708	1.616208	0.7440733	8.129928
3186	-8126.435	-8384.296	257.8607	0.8565108	1.616208	0.6880309	7.674016
3192	-8146.808	-8405.791	258.9834	0.8546623	1.668417	0.5651208	7.146934
3198	-8133.572	-8392.476	258.9035	0.8981795	1.653359	0.5668236	7.170576
3204	-8130.521	-8389.441	258.92	0.853412	1.653359	0.5364816	7.21094
3210	-8142.536	-8401.04	258.5039	0.8850106	1.653359	0.744759	7.261479
3216	-8142.1	-8400.175	258.0743	0.8560432	1.344655	0.6055454	7.72876
3222	-8138.868	-8397.508	258.6404	0.8722186	1.344655	0.5791143	7.437828
3228	-8146.986	-8406.753	259.7672	0.9092431	1.366621	0.7113605	6.703776
3282	-8134.51	-8392.997	258.487	0.8209245	1.489659	0.6252362	7.452003
3288	-8135.898	-8393.441	257.5433	0.814215	1.489659	0.6252362	7.960208
3294	-8130.975	-8388.478	257.5028	0.74734	1.45546	0.6320691	8.025931
3324	-8127.311	-8385.225	257.9142	0.8235004	1.514731	0.7297153	7.672866
3330	-8135.125	-8392.535	257.4103	0.8000549	1.404047	0.7297153	7.998862
3336	-8133.287	-8392.802	259.5146	0.8560734	1.585069	0.5780046	6.880657
3384	-8141.939	-8400.375	258.436	0.8383916	1.677725	0.7142996	7.334728
3390	-8132.966	-8389.673	256.7077	0.8044554	1.469609	0.7365211	8.339631
3396	-8126.827	-8386.142	259.3152	0.9043002	1.244871	0.6822932	7.024358
3402	-8126.076	-8385.894	259.8186	0.9027129	1.496761	0.5697049	6.732419
3408	-8129.468	-8388.817	259.3486	0.9168191	1.607939	0.5697049	6.935487
3414	-8139.655	-8397.652	257.9967	0.8429271	1.618771	0.6203786	7.657061
3420	-8135.927	-8394.711	258.7839	0.7588178	1.429144	0.6387133	7.340347
3426	-8121.287	-8380.85	259.5632	0.9026691	1.429144	0.6387133	6.843717
3432	-8133.006	-8391.605	258.5986	0.9312182	1.686568	0.6311346	7.254243
3438	-8132.718	-8391.585	258.8675	0.8894802	1.464308	0.6311346	7.216719
3444	-8161.205	-8419.072	257.8669	0.7874571	1.557803	0.6211836	7.77838
3450	-8158.301	-8415.89	257.5882	0.7750948	1.432628	0.6755574	7.943063
3456	-8136.135	-8392.448	256.3131	0.6913831	1.367738	0.6755574	8.692692
3462	-8139.626	-8397.325	257.6993	0.6766098	1.523741	0.6755574	7.900233
3468	-8145.929	-8403.541	257.6118	0.7825866	1.523741	0.6617799	7.900233
3474	-8139.882	-8397.39	257.5078	0.7725765	1.604657	0.6617799	7.930389
3534	-8136.675	-8394.466	257.7915	0.7825223	1.543069	0.7611158	7.728556
3540	-8130.718	-8387.955	257.237	0.7262795	1.543069	0.6924032	8.100978
3546	-8127.019	-8384.275	257.2552	0.8167418	1.543069	0.6924032	8.043048
3552	-8131.226	-8389.147	257.9211	0.8063596	1.494664	0.8746839	7.594686
3558	-8126.855	-8385.718	258.8629	0.9438173	1.494664	0.6866088	7.137353
3564	-8136.868	-8395.498	258.63	0.8886848	1.628774	0.5901025	7.312939
3570	-8132.413	-8392.818	260.4056	0.9865187	1.488282	0.6755652	6.291204
3576	-8129.063	-8386.85	257.7874	0.8579011	1.60575	0.6282076	7.759857
3582	-8132.943	-8392.658	259.7148	0.8644301	1.607447	0.6477741	6.705681
3588	-8132.789	-8391.059	258.2697	0.8154203	1.613099	0.6477741	7.507229
3594	-8133.738	-8391.395	257.6572	0.7852787	1.717068	0.6365173	7.821647
3600	-8132.291	-8390.814	258.5236	0.8482253	1.651358	0.6897451	7.309156
3606	-8129.732	-8388.708	258.9751	0.8482253	1.320613	0.7184865	7.178358
3612	-8127.797	-8387.379	259.582	0.8901116	1.546837	0.632737	6.797931
3618	-8130.433	-8386.739	256.3062	0.8757308	1.456	0.6466103	8.583329
3624	-8116.405	-8375.294	258.8885	0.8506527	1.294498	0.5970324	7.323931
3630	-8124.161	-8383.426	259.2645	0.874501	1.254181	0.6975408	7.052675
3636	-8129.419	-8388.004	258.5841	0.8843227	1.451414	0.6975408	7.328641
3642	-8128.46	-8387.836	259.3753	0.8399584	1.451414	0.6549394	6.957658
3648	-8135.582	-8395.11	259.5278	0.8478192	1.451414	0.7739338	6.788844
3654	-8138.04	-8397.174	259.1339	0.8494164	1.416895	0.7147125	7.054117
3660	-8124.46	-8383.122	258.6617	0.8494164	1.50477	0.6733296	7.301643
3666	-8131.342	-8390.479	259.1376	0.9124835	1.50477	0.673109	7.012054
3672	-8130.378	-8388.678	258.2995	0.7818122	1.430524	0.5847475	7.628452
3678	-8125.2	-8384.507	259.307	0.8505812	1.430524	0.5847475	7.050969
3684	-8129.327	-8387.741	258.4134	0.854562	1.19008	0.5847475	7.633617
3690	-8126.741	-8384.021	257.2802	0.825303	1.19008	0.6526761	8.202458
3696	-8135.407	-8394.413	259.0064	0.9101989	1.305098	0.6526761	7.181773
3702	-8132.544	-8392.742	260.1983	1.011645	1.425177	0.6500486	6.434558
3708	-8129.719	-8388.152	258.433	0.8496774	1.582816	0.6289272	7.426761
3714	-8117.417	-8375.918	258.5011	0.8039036	1.405255	0.7096316	7.426761
3720	-8110.864	-8369.333	258.469	0.8154243	1.47385	0.6855249	7.426761
3726	-8128.176	-8386.547	258.3712	0.8154243	1.276182	0.7070711	7.547371
3750	-8148.076	-8405.64	257.5645	0.8219189	1.200696	0.7431903	7.984814
3756	-8144.743	-8402.67	257.927	0.8405157	1.347383	0.6559563	7.776812
3762	-8133.99	-8391.551	257.561	0.8456459	1.862268	0.6559563	7.776812
3768	-8149.155	-8406.758	257.6024	0.7848533	1.89383	0.6559563	7.776812
3774	-8133.937	-8391.821	257.884	0.7668829	1.499866	0.6559563	7.776812
3780	-8136.834	-8393.706	256.8723	0.7922908	1.285548	0.5651077	8.460832
3786	-8130.935	-8388.203	257.2678	0.7915637	1.602582	0.6638166	8.047604
3834	-8144.725	-8402.034	257.3082	0.8321541	1.432983	0.7611342	8.003514
3840	-8133.566	-8392.79	259.2241	0.9228382	1.728979	0.6486831	6.893969
3846	-8133.465	-8392.854	259.3891	0.9202797	1.589193	0.6008742	6.893969
3852	-8128.473	-8386.947	258.4741	0.847708	1.466301	0.6026314	7.471228
3858	-8134.668	-8393.009	258.3406	0.8237243	1.695981	0.5994611	7.471228
3864	-8139.322	-8398.207	258.8856	0.8695172	1.716703	0.8231563	6.991171
3870	-8137.857	-8397.714	259.8566	0.8284703	1.510919	0.6005284	6.721791
3876	-8131.77	-8390.681	258.9105	0.8449319	1.622802	0.7326122	7.083908
3882	-8138.421	-8396.968	258.5472	0.8001102	1.622802	0.5864059	7.410007
3888	-8152.512	-8410.164	257.6524	0.8174093	1.773321	0.5864059	7.825857
3894	-8139.252	-8398.101	258.8496	0.8240088	1.506357	0.5864059	7.279384
3900	-8127.646	-8385.905	258.2591	0.8467937	1.663805	0.6952599	7.443326
3906	-8119.412	-8377.828	258.416	0.8518742	1.663805	0.6120326	7.417592
3912	-8131.331	-8389.969	258.638	0.8553369	1.32901	0.6120326	7.429073
3918	-8139.159	-8396.566	257.4067	0.8022723	1.32901	0.6120326	8.115437
3924	-8146.746	-8405.878	259.132	0.9508919	1.393208	0.8075749	6.949096
3930	-8136.424	-8396.942	260.5174	0.8717844	1.298487	0.6889359	6.363335
3936	-8135.642	-8395	259.3583	0.8837818	1.616984	0.6889359	6.854229
3942	-8129.339	-8387.796	258.4563	0.8316628	1.449105	0.7535596	7.388266
3948	-8143.685	-8402.036	258.351	0.8935425	1.507654	0.7535596	7.388266
3954	-8140.061	-8398.306	258.245	0.982769	1.59659	0.6530656	7.433049
3960	-8136.462	-8394.881	258.419	0.8283083	1.475711	0.6530656	7.469335
3966	-8136.905	-8394.75	257.8449	0.8149574	1.467002	0.6957044	7.756647
3972	-8128.037	-8385.44	257.4022	0.7601978	1.363807	0.6192727	8.119988
3978	-8123.009	-8381.533	258.5241	0.8088705	1.363807	0.6130533	7.499376
3984	-8116.568	-8374.984	258.4166	0.8088705	1.43716	0.649235	7.499376
3990	-8132.047	-8389.722	257.6753	0.8801865	1.43716	0.6911521	7.827619
3996	-8135.745	-8393.967	258.2218	0.8883556	1.553137	0.619732	7.537443
4020	-8125.925	-8383.211	257.2854	0.8206937	1.546407	0.7741079	7.968705
4026	-8118.582	-8377.638	259.0555	0.8144055	1.524464	0.7094364	7.075649
4032	-8121.919	-8382.185	260.2656	0.8854709	1.524464	0.7925442	6.327822
4038	-8115.792	-8375.859	260.0668	0.8586061	1.470151	0.8174356	6.456016
4044	-8132.681	-8391.558	258.8771	0.915345	1.698112	0.5609296	7.164117
4050	-8118.02	-8377.727	259.7077	0.8660557	1.487469	0.620172	6.77596
4056	-8131.814	-8390.223	258.4084	0.83738	1.506122	0.5269744	7.557692
4062	-8135.238	-8394.716	259.4781	0.9584388	1.938381	0.6381435	6.674451
4068	-8146.365	-8405.727	259.3621	0.8955677	1.938381	0.7764	6.674451
4074	-8144.071	-8404.353	260.2821	0.8649819	1.564931	0.5996892	6.4514
4080	-8153.603	-8413.59	259.9866	0.9571886	1.543868	0.8140766	6.418919
4086	-8158.713	-8418.943	260.2292	0.9733618	1.543868	0.7664339	6.309278
4092	-8142.579	-8403.02	260.4404	0.8968879	1.383667	0.7544293	6.309278
4098	-8127.489	-8387.771	260.2819	0.8320101	1.617628	0.6475286	6.412639
4104	-8138.495	-8396.13	257.6347	0.8786043	1.474386	0.6475286	7.866498
4110	-8150.877	-8409.275	258.3977	0.7949133	1.894134	0.6365036	7.359847
4116	-8141.023	-8399.441	258.4182	0.7949133	1.85771	0.6379605	7.359847
4122	-8117.295	-8375.437	258.1421	0.7981335	1.398245	0.7693464	7.585055
4128	-8129.338	-8387.475	258.1371	0.767479	1.611848	0.6744159	7.585055
4134	-8139.901	-8398.626	258.7248	0.7985078	1.385444	0.6602946	7.352914
4140	-8133.537	-8392.456	258.9196	0.8798728	1.385444	0.6548228	7.208661
4146	-8127.862	-8386.747	258.8848	0.7841027	1.465153	0.7072664	7.208661
4152	-8134.829	-8393.15	258.3208	0.7569972	1.533719	0.5813105	7.592119
4158	-8125.99	-8383.803	257.8131	0.798829	1.387196	0.7485365	7.778871
4164	-8129.138	-8386.855	257.7177	0.7523352	1.661701	0.6495757	7.817117
4170	-8131.058	-8390.93	259.8715	0.8357158	1.590014	0.6124582	6.669904
4176	-8129.939	-8388.09	258.1511	0.7347771	1.590014	0.6422321	7.626652
4182	-8135.541	-8393.59	258.0495	0.8218993	1.590014	0.6665007	7.616622
4188	-8139.508	-8398.028	258.5202	0.798694	1.485147	0.6665007	7.417442
4194	-8135.238	-8393.613	258.3751	0.8242612	1.633471	0.6665007	7.424836
4200	-8132.651	-8390.855	258.2041	0.8275482	1.61068	0.6665007	7.523097
4206	-8126.92	-8385.651	258.7307	0.7879655	1.6516	0.6665007	7.24683
4212	-8123.089	-8382.628	259.5381	0.8732153	1.66426	0.6665007	6.76156
4218	-8120.348	-8379.319	258.9714	0.9042342	1.406393	0.7545549	7.0895
4224	-8121.323	-8380.213	258.8904	0.8453813	1.474321	0.828789	7.0895
4230	-8125.567	-8385.314	259.7465	0.8355516	1.474321	0.5862459	6.803256
4236	-8136.926	-8396.453	259.5269	0.88118	1.474321	0.5862459	6.897112
4242	-8143.791	-8401.746	257.9545	0.7740627	1.474321	0.6947488	7.717662
4248	-8133.924	-8391.857	257.9327	0.8096189	1.474321	0.6947488	7.710327
4254	-8122.003	-8380.601	258.5983	0.7902446	1.474321	0.6947488	7.364272
4260	-8133.328	-8392.303	258.9751	0.8357143	1.474321	0.6947488	7.137506
4266	-8134.544	-8392.469	257.9244	0.8706323	1.73264	0.6947488	7.585622
4584	-8129.826	-8388.138	258.3115	0.7441263	1.427199	0.5979403	7.633184
4602	-8136.219	-8393.198	256.9791	0.7971548	1.427199	0.770214	8.19401
4608	-8134.131	-8392.225	258.0934	0.806427	1.407473	0.6868348	7.658709
4620	-8145.939	-8403.255	257.3154	0.7990623	1.339217	0.7675411	8.052177
4626	-8123.855	-8381.992	258.1371	0.8194801	1.65708	0.6755267	7.53976
4674	-8134.826	-8393.16	258.3342	0.7817409	1.693061	0.5541667	7.534463
4692	-8139.166	-8397.561	258.3955	0.8718941	1.767269	0.6954038	7.319904
4698	-8138.343	-8397.313	258.9698	0.9266708	1.580117	0.6954038	7.04973
4704	-8125.635	-8384.184	258.549	0.8933759	1.580117	0.6501832	7.326271
4710	-8124.792	-8381.658	256.8656	0.821055	1.580117	0.6501832	8.26439
4716	-8133.272	-8392.189	258.9172	0.8329595	1.580117	0.6501832	7.160986
4722	-8165.395	-8422.866	257.4714	0.8614905	1.513159	0.7443185	7.880004
4728	-8159.926	-8420.624	260.6983	0.8780758	1.513159	0.643487	6.204851
4734	-8143.7	-8402.587	258.8866	0.8281643	1.483089	0.7023812	7.180284
4740	-8151.641	-8410.14	258.4995	0.8349797	1.506319	0.6530347	7.410524
4746	-8149.921	-8408.595	258.6739	0.7817821	1.347548	0.6530347	7.410524
4752	-8149.211	-8407.98	258.7694	0.8153839	1.577564	0.6530347	7.248713
4758	-8140.594	-8397.622	257.0282	0.8226143	1.354084	0.6530347	8.264925
4764	-8139.062	-8399.201	260.1391	0.8686932	1.408154	0.7145906	6.504815
4770	-8151.299	-8410.193	258.8946	0.7745141	1.408154	0.7145906	7.226773
4776	-8134.691	-8393.642	258.9514	0.8789879	1.380374	0.6555086	7.193689
4782	-8144.325	-8402.968	258.6422	0.8146379	1.565353	0.6766268	7.304923
4788	-8152.651	-8410.547	257.8955	0.8637558	1.488202	0.6915321	7.698
4794	-8140.052	-8398.621	258.5688	0.7941613	1.691296	0.71344	7.28288
4800	-8129.638	-8388.463	258.8258	0.9544317	1.691296	0.6102648	7.133932
4806	-8125.247	-8384.547	259.3	0.9441687	1.534995	0.6416599	6.91876
4812	-8123.301	-8381.286	257.9851	0.839129	1.385356	0.6514289	7.733767
4818	-8135.702	-8394.494	258.7919	0.8442995	1.502516	0.6514289	7.251302
4824	-8131.557	-8390.719	259.1625	0.9425987	1.502516	0.5860257	7.049217
4830	-8134.818	-8394.67	259.8516	0.9008517	1.532757	0.6642919	6.628511
4836	-8122.656	-8381.192	258.5358	0.8981437	1.459227	0.6642919	7.367687
4842	-8125.802	-8384.047	258.2451	0.9757	1.729922	0.7273158	7.335965
4848	-8138.005	-8398.162	260.1573	0.9796852	1.51145	0.7588498	6.362644
4872	-8118.013	-8377.249	259.236	0.8724711	1.61495	0.752011	6.883683
4878	-8122.989	-8380.925	257.9357	0.7795214	1.810504	0.5644873	7.699561
4884	-8135.832	-8394.153	258.3218	0.7801742	1.393155	0.5046697	7.699561
4890	-8124.543	-8382.178	257.6353	0.7510995	1.501839	0.5729811	7.980626
4896	-8146.393	-8403.908	257.515	0.7670606	1.63789	0.6191961	7.948765
4902	-8158.245	-8417.295	259.0501	0.7847226	1.402783	0.667065	7.173495
4908	-8146.738	-8405.428	258.6906	0.8506176	1.45804	0.667065	7.30858
4914	-8141.103	-8399.379	258.2766	0.8544401	1.45804	0.667065	7.52849
4932	-8121.832	-8379.154	257.3224	0.7375982	1.342312	0.5801739	8.21393
4938	-8129.375	-8389.374	259.9992	0.8132037	1.305673	0.5744888	6.759294
4944	-8120.238	-8378.798	258.5595	0.8484241	1.305673	0.6519542	7.455026
4950	-8118.587	-8378.149	259.5621	0.9037885	1.3895	0.6519542	6.850352
4956	-8122.988	-8383.465	260.4763	0.9037885	1.414662	0.6519542	6.345211
4962	-8122.121	-8380.782	258.6611	0.7993633	1.414662	0.6519542	7.380609
4968	-8123.426	-8382.412	258.9858	0.7438499	1.423505	0.6519542	7.232504
5010	-8131.489	-8390.12	258.6306	0.8505259	1.737253	0.5812887	7.301003
5016	-8143.002	-8402.144	259.1419	0.9591511	1.544381	0.6228989	7.006366
5070	-8141.677	-8400.245	258.5686	0.9029451	1.50276	0.7566903	7.266271
5076	-8126.229	-8385.321	259.0923	0.8343386	1.388346	0.7566903	7.06816
5082	-8131.829	-8390.854	259.0255	0.8373343	1.388346	0.7566903	7.102474
5088	-8127.293	-8385.564	258.2712	0.8001524	1.388346	0.798774	7.500107
5100	-8133.739	-8393.136	259.3974	0.8818119	1.539285	0.7422629	6.826907
5106	-8139.579	-8399.05	259.4709	0.8477913	1.467658	0.7528264	6.826907
5112	-8128.263	-8386.775	258.5115	0.8450322	1.61343	0.6216352	7.38123
5118	-8135.613	-8392.455	256.8425	0.8148779	1.361332	0.6216352	8.388024
5124	-8129.535	-8386.633	257.0979	0.8008916	1.724692	0.6489416	8.099845
5142	-8133.849	-8391.004	257.1548	0.8780956	1.658637	0.8873999	7.896535
5148	-8134.728	-8393.279	258.5506	0.9410637	1.681406	0.7447131	7.196101
5160	-8135.612	-8393.423	257.8109	0.7957653	1.23	0.7879627	7.824618
5166	-8133.471	-8391.12	257.6494	0.7516042	1.501094	0.7879627	7.819969
5172	-8141.248	-8400.178	258.9307	0.901606	1.501094	0.711551	7.103546
5178	-8140.861	-8400.057	259.1958	0.9789985	1.499354	0.711551	6.919871
5184	-8135.146	-8393.257	258.1115	0.8729634	1.365658	0.6215243	7.67867
5202	-8126.528	-8385.431	258.9029	0.9212404	1.571346	0.5305674	7.219281
5208	-8133.859	-8392.569	258.7102	0.8957988	1.651295	0.6402639	7.219281
5244	-8137.661	-8395.967	258.3055	0.8021643	1.709703	0.7019375	7.421257
5250	-8139.629	-8398.457	258.8275	0.8561741	1.625876	0.6857081	7.153843
5256	-8129.354	-8388.51	259.1567	0.8195912	1.490816	0.6857081	7.04827
5262	-8131.807	-8390.963	259.1558	0.7828952	1.415354	0.6857081	7.099059
5268	-8123.752	-8383.308	259.5556	0.7955056	1.415354	0.6908877	6.873313
5274	-8123.153	-8382.537	259.3843	0.9174239	1.415354	0.7292337	6.873313
5280	-8140.334	-8398.373	258.0394	0.7838282	1.377302	0.6961969	7.705656
5286	-8140.584	-8399.315	258.7311	0.8909997	1.435241	0.5681141	7.350128
5292	-8140.326	-8398.094	257.7687	0.9239499	1.208453	0.70968	7.840426
5298	-8147.49	-8404.551	257.0613	0.781775	1.643339	0.70968	8.115593
5304	-8140.842	-8398.566	257.7237	0.7942512	1.635357	0.5840258	7.851042
5310	-8139.548	-8397.659	258.1112	0.857813	1.59197	0.5140222	7.684041
5316	-8139.287	-8397.254	257.9677	0.8935811	1.59197	0.5835649	7.684041
5322	-8157.953	-8416.51	258.5565	0.8760775	1.576428	0.5952262	7.374682
5328	-8139.24	-8396.984	257.7444	0.8298217	1.461803	0.6668663	7.824943
5334	-8146.917	-8405.576	258.6587	0.7860939	1.427747	0.718685	7.336309
5340	-8150.577	-8409.439	258.8614	0.7670485	1.427747	0.5849192	7.336309
5346	-8152.922	-8412.165	259.2435	0.8126688	1.584554	0.6570017	6.98966
5352	-8143.552	-8401.399	257.8468	0.8082392	1.584554	0.6570017	7.741282
5358	-8156.102	-8414.489	258.3876	0.8413087	1.651585	0.6743709	7.39665
5364	-8140.153	-8398.695	258.5419	0.8184312	1.639037	0.6743709	7.330764
5370	-8144.442	-8402.008	257.5656	0.7551919	1.639037	0.6743709	7.887097
5376	-8132.759	-8391.113	258.354	0.7551919	1.401036	0.6641699	7.565536
5382	-8124.382	-8382.771	258.3887	0.7998122	1.248376	0.6974373	7.565536
5388	-8128.966	-8387.841	258.8742	0.8934323	1.303897	0.6974373	7.230197
5394	-8133.652	-8392.531	258.8791	0.8363314	1.427528	0.6632929	7.230197
5400	-8122.704	-8381.676	258.9726	0.8265782	1.3209	0.6632929	7.230197
5406	-8137.067	-8395.95	258.8821	0.8265782	1.376219	0.5859059	7.313847
5412	-8123.812	-8383.115	259.3034	0.8636789	1.382871	0.5859059	7.064722
5418	-8128.723	-8386.606	257.883	0.8032201	1.382871	0.7028353	7.771947
5424	-8132.161	-8389.172	257.0115	0.7873388	1.428047	0.6179182	8.288042
5430	-8136.789	-8394.95	258.1601	0.8492731	1.40182	0.6504442	7.628632
5436	-8145.931	-8403.438	257.5067	0.8492731	1.470794	0.7081201	7.908858
5442	-8128.887	-8388.613	259.7257	0.8555237	1.551433	0.719376	6.674715
5448	-8129.487	-8388.719	259.2319	0.8892849	1.716556	0.6889592	6.883041
5454	-8129.068	-8386.962	257.8945	0.8499881	1.522233	0.5292379	7.81761
5460	-8130.006	-8387.351	257.345	0.8085618	1.522233	0.5667968	8.101768
5466	-8126.383	-8386.544	260.1612	0.878611	1.493797	0.6687215	6.48509
5472	-8135.158	-8394.321	259.1633	0.878611	1.493797	0.6182577	7.061561
5478	-8136.682	-8396.806	260.1243	0.8579944	1.362081	0.6182577	6.608429
5514	-8145.229	-8403.825	258.5962	0.8034002	1.455608	0.6655227	7.386645
5532	-8129.915	-8389.674	259.759	0.900059	1.429104	0.6157656	6.756932
5538	-8136.04	-8395.701	259.6618	0.8807557	1.171142	0.6526115	6.906287
5592	-8143.028	-8401.179	258.1512	0.8719973	1.726231	0.6740913	7.480337
5598	-8150.958	-8409.401	258.4431	0.8533029	1.726231	0.6740913	7.333837
5604	-8136.926	-8394.675	257.7484	0.9212683	1.726231	0.663033	7.677566
5622	-8135.253	-8393.097	257.8439	0.8526236	1.476122	0.6651639	7.755108
5628	-8143.075	-8401.027	257.9518	0.7766684	1.476122	0.641826	7.755108
5640	-8164.863	-8422.741	257.878	0.85972	1.351235	0.5935019	7.838213
5646	-8141.926	-8399.88	257.9542	0.7709734	1.367088	0.5935019	7.838213
5652	-8123.456	-8382.372	258.9158	0.8219176	1.444993	0.5935019	7.263817
5658	-8145.085	-8403.414	258.329	0.8148778	1.444993	0.6148633	7.56566
5664	-8141.702	-8401.712	260.0101	0.908847	1.587163	0.6148633	6.554612
5670	-8133.184	-8392.694	259.5103	0.8523754	1.435321	0.6315386	6.902216
5676	-8136.411	-8394.75	258.3382	0.9215891	1.67914	0.6307922	7.402068
5682	-8128.639	-8388.895	260.2565	0.8446748	1.489276	0.6056817	6.501232
5688	-8112.231	-8371.698	259.4672	0.9164263	1.348402	0.6510748	6.912808
5694	-8118.587	-8375.824	257.2373	0.722663	1.348402	0.6510748	8.210647
5700	-8128.961	-8386.928	257.9671	0.6953378	1.440107	0.6510748	7.798029
5706	-8135.073	-8391.847	256.7739	0.7845664	1.449545	0.7480225	8.315383
5712	-8131.603	-8389.52	257.9167	0.8702437	1.430242	0.6192105	7.759267
5718	-8136.698	-8395.172	258.4738	0.8971065	1.313629	0.6192105	7.495889
5724	-8123.973	-8382.756	258.7827	0.8842946	1.508635	0.6360695	7.243741
5730	-8136.363	-8393.816	257.4528	0.8368087	1.448904	0.8154293	7.882867
5736	-8143.2	-8401.32	258.1204	0.8085568	1.641598	0.6513207	7.577739
5742	-8138.745	-8397.296	258.5514	0.8811575	1.569711	0.6513207	7.334652
5748	-8125.78	-8384.634	258.854	0.8516222	1.569711	0.6410578	7.195633
5754	-8138.441	-8397.404	258.9628	0.8949988	1.703216	0.6808721	7.035477
5760	-8143.277	-8402.48	259.2025	0.8177691	1.703216	0.6662124	6.958565
5766	-8139.511	-8397.417	257.9066	0.8316632	1.670872	0.6810129	7.647693
5772	-8147.469	-8408.176	260.7069	0.9920381	1.878325	0.6810129	5.977251
5778	-8130.424	-8390.18	259.756	0.9858474	1.878325	0.7676104	6.437906
5784	-8130.637	-8389.797	259.1598	0.8674885	1.458133	0.7162687	7.012548
5790	-8136.929	-8395.577	258.6484	0.8843662	1.408247	0.7710258	7.262172
5796	-8126.988	-8386.07	259.0828	0.7990471	1.408247	0.6963994	7.125055
5802	-8138.116	-8396.307	258.191	0.8415543	1.387142	0.594736	7.664569
5808	-8123.861	-8383.016	259.1549	0.8415543	1.35258	0.594736	7.162326
5814	-8125.1	-8384.146	259.0459	0.8442009	1.35258	0.7093291	7.135022
5820	-8122.339	-8380.886	258.5476	0.8372469	1.438343	0.7093291	7.370595
5826	-8130.789	-8389.724	258.9348	0.8044622	1.60581	0.7093291	7.114876
5832	-8127.208	-8384.835	257.6272	0.8042169	1.60581	0.7093291	7.815802
5838	-8124.779	-8383.714	258.9355	0.827141	1.784186	0.7093291	7.038196
5844	-8120.093	-8377.709	257.6161	0.7794614	1.651537	0.7093291	7.818112
5850	-8126.532	-8385.226	258.6938	0.819332	1.584657	0.6349981	7.297902
5856	-8134.85	-8393.57	258.7195	0.7475021	1.505082	0.7120646	7.297902
5862	-8140.167	-8400.266	260.0986	0.9344274	1.347723	0.7152209	6.516327
5868	-8117.139	-8377.722	260.583	0.9519792	1.491172	0.6904346	6.201735
5880	-8121.422	-8381.335	259.9126	0.8398474	1.457257	0.6359358	6.679588
5886	-8121.287	-8380.318	259.0316	0.8245331	1.457257	0.7638573	7.073017
5892	-8113.442	-8371.322	257.8798	0.7816411	1.457257	0.6794025	7.771191
5898	-8120.65	-8377.438	256.7874	0.698827	1.463326	0.6794025	8.395158
5904	-8136.121	-8396.335	260.2145	0.8838543	1.463326	0.5947637	6.521842
5910	-8136.289	-8395.54	259.2508	0.9490468	1.463326	0.6865294	6.938315
5916	-8129.338	-8387.144	257.8058	0.8363294	1.463326	0.6865294	7.774059
5922	-8131.59	-8389.094	257.5045	0.8944495	1.694409	0.6417626	7.849059
5928	-8138.146	-8396.904	258.7578	0.7448192	1.701923	0.6417626	7.255422
5952	-8131.665	-8390.339	258.6739	0.8747173	1.348642	0.8091318	7.254334
5958	-8156.197	-8414.48	258.2828	0.9507556	1.453217	0.6571808	7.482689
5964	-8138.757	-8396.799	258.0419	0.8724966	1.479788	0.6571808	7.642918
5970	-8127.534	-8385.645	258.111	0.8034137	1.479788	0.6571808	7.642918
5976	-8141.885	-8400.128	258.2425	0.7946634	1.322008	0.6568134	7.642918
6012	-8154.427	-8414.693	260.2655	1.07196	1.456266	0.6926454	6.321592
6018	-8141.115	-8400.798	259.6828	0.9462632	1.774668	0.6926454	6.585646
6024	-8135.784	-8394.723	258.9387	0.8648875	1.514448	0.6926454	7.126944
6030	-8129.978	-8387.242	257.264	0.8036338	1.514448	0.6190161	8.109776
6036	-8119.999	-8379.552	259.5533	0.8056379	1.49247	0.6190161	6.890737
6042	-8132.021	-8390.103	258.082	0.8474877	1.49247	0.6432188	7.640107
6048	-8134.809	-8392.677	257.8675	0.8111845	1.49247	0.6195046	7.791949
6054	-8122.169	-8380.294	258.1251	0.8562404	1.365189	0.8410615	7.531787
6060	-8127.102	-8385.445	258.3431	0.7777859	1.474065	0.6532235	7.537594
6066	-8135.322	-8394.242	258.9203	0.8633589	1.325119	0.6652266	7.235275
6072	-8137.255	-8396.517	259.2618	0.8308395	1.597169	0.67194	6.954389
6078	-8136.243	-8396.253	260.0098	0.8790345	1.597169	0.67194	6.524367
6084	-8116.892	-8376.92	260.0279	0.8926428	1.383303	0.7018473	6.571393
6090	-8120.766	-8379.743	258.9775	0.9270784	1.383303	0.7772058	7.068694
6096	-8120.15	-8378.478	258.3284	0.8777259	1.195377	0.6193496	7.637349
6102	-8115.11	-8374.086	258.9761	0.8195172	1.481203	0.6113457	7.204259
6108	-8118.161	-8375.854	257.6931	0.7863552	1.481203	0.6113457	7.909003
6282	-8136.167	-8395.94	259.773	0.8913602	1.576058	0.6195788	6.692879
6288	-8140.785	-8399.222	258.4372	0.8222542	1.576058	0.6449718	7.429764
6294	-8146.242	-8403.691	257.4494	0.786067	1.745222	0.6336921	7.924423
6534	-8134.618	-8392.748	258.13	0.7935214	1.797828	0.6007753	7.563553
6540	-8132.861	-8392.044	259.1831	0.7935214	1.450902	0.6434357	7.094875
6546	-8128.495	-8387.661	259.1662	0.7660071	1.450902	0.6760778	7.094875
6612	-8128.721	-8388.113	259.3922	0.8547071	1.326132	0.7232753	6.944746
6618	-8116.724	-8375.349	258.625	0.7982042	1.63548	0.7012295	7.279333
6732	-8126.017	-8382.511	256.4947	0.7855231	1.354999	0.6144085	8.596544
6738	-8138.219	-8394.64	256.4217	0.7729215	1.466103	0.6144085	8.596544
6744	-8135.938	-8394.806	258.8677	0.8099964	1.466103	0.6144085	7.271299
6750	-8146.252	-8404.924	258.671	0.7619858	1.294305	0.6856847	7.422271
6756	-8143.152	-8400.589	257.4373	0.7850864	1.425697	0.6856847	8.013906
6762	-8134.419	-8394.72	260.3004	0.8694068	1.425697	0.7563594	6.381264
6768	-8138.857	-8398.452	259.5955	0.8659373	1.548219	0.6993959	6.754598
6774	-8142.537	-8402.358	259.821	0.871194	1.467352	0.6993959	6.661868
6780	-8135.854	-8395.597	259.7421	0.9820098	1.425075	0.6993959	6.661868
6786	-8123.792	-8383.998	260.206	0.9499951	1.648064	0.6355318	6.38748
6792	-8126.693	-8385.921	259.2277	0.7786581	1.493232	0.5972615	7.097177
6798	-8125.851	-8384.808	258.957	0.758109	1.710829	0.6983264	7.097177
6804	-8135.893	-8393.951	258.0584	0.6999416	1.740782	0.6535957	7.631852
6864	-8110.785	-8368.172	257.3867	0.7802732	1.558155	0.7094217	7.974821
6870	-8112.851	-8371.371	258.5195	0.8143167	1.383792	0.6873178	7.435857
6876	-8129.611	-8388.173	258.5625	0.956504	1.611169	0.5969267	7.313934
6882	-8120.272	-8379.396	259.1239	0.8576647	1.446634	0.5969267	7.129459
6888	-8145.795	-8404.278	258.4837	0.8205956	1.279236	0.7577226	7.448754
6900	-8158.749	-8417.61	258.861	0.8418761	1.36741	0.6649923	7.260737
6906	-8158.853	-8416.75	257.897	0.941784	1.36741	0.7039059	7.69614
6912	-8129.791	-8389.492	259.7011	0.9205849	1.396877	0.6644233	6.753995
6918	-8123.808	-8382.634	258.826	0.7782681	1.621348	0.732089	7.166107
6924	-8128.295	-8386.362	258.0664	0.7656349	1.367051	0.732089	7.680634
6930	-8126.527	-8384.417	257.8897	0.7656349	1.618559	0.6292361	7.748992
6936	-8128.879	-8385.845	256.966	0.9183962	1.540014	0.731457	8.117396
6954	-8139.983	-8399.448	259.4654	1.041519	1.546989	0.7214444	6.715179
6960	-8130.675	-8388.772	258.0969	0.8961689	1.527371	0.6897728	7.5588
6966	-8132.981	-8391.641	258.6604	0.8200187	1.439201	0.6897728	7.332624
6972	-8132.018	-8390.695	258.6773	0.9505909	1.488652	0.7042562	7.223408
6978	-8134.241	-8393.589	259.3482	0.8692384	1.501221	0.7173627	6.892132
6984	-8132.942	-8390.497	257.5549	0.7686224	1.503233	0.6120144	7.983058
6990	-8129.945	-8390.867	260.9221	0.9748369	1.500197	0.6656182	6.018981
6996	-8126.018	-8385.269	259.2516	0.8951525	1.424078	0.6656182	6.997926
7002	-8127.667	-8386.964	259.2974	0.8356191	1.541985	0.6034652	7.005027
7008	-8131.418	-8389.795	258.377	0.8791324	1.647757	0.7677938	7.319588
7014	-8144.039	-8405.106	261.0663	0.8632455	1.658843	0.6770654	5.931735
7020	-8136.741	-8397.19	260.4494	0.9514796	1.647757	0.6855526	6.217738
7026	-8147.322	-8407.411	260.0892	0.8898272	1.465468	0.6855526	6.517272
7032	-8137.21	-8397.963	260.7531	0.9429965	1.453015	0.7881771	6.062909
7038	-8138.248	-8398.292	260.0439	0.9552984	1.63858	0.7881771	6.369368
7044	-8133.778	-8392.926	259.1482	0.8874413	2.061202	0.6313273	6.857123
7050	-8144.094	-8402.828	258.7346	0.8425192	2.049445	0.730958	7.036498
7056	-8137.976	-8395.461	257.485	0.7788523	1.488589	0.6176944	8.016273
7062	-8125.195	-8383.876	258.6809	0.7941146	1.776501	0.6176944	7.262175
7068	-8125.017	-8383.162	258.1454	0.8295859	1.378189	0.6883686	7.629639
7074	-8128.406	-8386.794	258.3873	0.7537374	1.329865	0.6883686	7.561295
7080	-8127.527	-8386.698	259.1714	0.862486	1.501915	0.626244	7.056562
7086	-8140.162	-8399.302	259.1406	0.8932754	1.501915	0.626244	7.056562
7092	-8125.573	-8384.549	258.9756	0.8800467	1.407077	0.5911831	7.217867
7098	-8134.435	-8394.065	259.6293	0.8648683	1.453282	0.5663686	6.87519
7104	-8126.59	-8385.979	259.3887	0.832767	1.453282	0.7812183	6.866525
7110	-8122.582	-8381.403	258.8211	0.8905583	1.453282	0.7752887	7.144827
7116	-8139.438	-8397.993	258.5555	0.9064699	1.536439	0.7219951	7.281584
7122	-8136.766	-8394.304	257.5377	0.8405203	1.606388	0.581559	7.938258
7128	-8131.489	-8389.129	257.6394	0.7599953	1.306319	0.6193629	8.018215
7134	-8137.561	-8394.71	257.1484	0.8577387	1.306319	0.7521934	8.134136
7140	-8140.092	-8398.478	258.3858	0.8710922	1.56698	0.7521934	7.359588
7146	-8128.872	-8387.227	258.355	0.8297778	1.48502	0.6277276	7.517955
7152	-8146.532	-8405.7	259.1673	0.8598758	1.327302	0.7679627	7.032685
7158	-8149.42	-8406.513	257.0928	0.8467529	1.62176	0.7106777	8.071389
7164	-8134.5	-8394.339	259.8395	0.8811534	1.549263	0.7212896	6.598845
7332	-8125.881	-8384.339	258.458	0.7819057	1.652568	0.6325629	7.42106
7338	-8125.342	-8383.988	258.6454	0.8295439	1.383318	0.6325629	7.400242
7344	-8133.075	-8392.944	259.869	0.8938641	1.65747	0.5619577	6.654967
7350	-8125.22	-8384.216	258.9961	0.7714619	1.454858	0.6911672	7.171079
7356	-8144.882	-8403.702	258.8195	0.7328932	1.454858	0.6185685	7.339874
7392	-8132.54	-8391.493	258.9538	0.8179883	1.411356	0.764483	7.136721
7398	-8137.058	-8394.979	257.9202	0.8115965	1.379489	0.764483	7.707537
7404	-8131.639	-8390.996	259.3569	0.8578279	1.56534	0.675754	6.897915
7410	-8125.845	-8385.506	259.6609	0.872303	1.550127	0.675754	6.731923
7416	-8133.487	-8392.304	258.8171	0.8139772	1.550127	0.675754	7.217835
7422	-8134.919	-8391.443	256.5236	0.7756107	1.550127	0.5442056	8.564012
7428	-8146.064	-8402.279	256.2157	0.8186158	1.586778	0.7134964	8.564012
7434	-8122.457	-8379.691	257.234	0.8436302	1.42575	0.7039337	8.078305
7440	-8121.706	-8379.162	257.4559	0.7478788	1.352721	0.6519523	8.078305
7446	-8118.492	-8377.021	258.5289	0.8671458	1.352721	0.6127349	7.470527
7470	-8133.614	-8391.809	258.1952	0.8665297	1.339175	0.7202309	7.577658
7476	-8130.958	-8389.982	259.0243	0.8665297	1.250433	0.7202309	7.1721
7482	-8137.613	-8396.551	258.9378	0.854411	1.624768	0.6465418	7.124341
7488	-8142.755	-8401.509	258.7535	0.835097	1.294951	0.7928975	7.266521
7500	-8146.419	-8403.274	256.8556	0.8171706	1.404884	0.7172476	8.293321
7506	-8125.007	-8381.787	256.7804	0.7850926	1.499311	0.7328655	8.302011
7560	-8138.361	-8396.643	258.2821	0.7857414	1.364992	0.7762618	7.526172
7566	-8136.465	-8394.003	257.5379	0.792009	1.535769	0.7762618	7.851921
7572	-8153.899	-8412.616	258.717	0.8212815	1.754995	0.7052718	7.171815
7578	-8140.41	-8399.141	258.7304	0.7221943	1.60735	0.7052718	7.27116
7584	-8140.465	-8399.992	259.5267	0.9056407	1.301977	0.6828227	6.883693
7590	-8152.785	-8410.44	257.6542	0.8062736	1.571206	0.6711625	7.84003
7596	-8137.958	-8397.315	259.3568	0.8757845	1.571206	0.6711625	6.889377
7632	-8139.068	-8398.109	259.0416	0.8861404	1.529902	0.652357	7.083184
7638	-8145.657	-8404.34	258.6829	0.86392	1.529902	0.5496167	7.368077
7650	-8130.591	-8390.677	260.0861	0.9511893	1.500059	0.6300987	6.512698
7656	-8131.013	-8389.871	258.858	0.9511893	1.500059	0.7211779	7.109765
7662	-8137.358	-8395.606	258.248	0.8996554	1.500059	0.8875943	7.35978
7668	-8128.01	-8387.809	259.7995	0.9757867	1.432105	0.6138944	6.694362
7674	-8140.873	-8398.297	257.4237	0.8131279	1.59918	0.6710691	7.949024
7680	-8132.865	-8392.383	259.518	0.9211263	1.339821	0.6776651	6.867176
7686	-8138.615	-8398.997	260.3819	0.9211263	1.431589	0.6392923	6.389448
7692	-8135.13	-8393.353	258.223	0.8140359	1.431589	0.7034627	7.563792
7698	-8134.627	-8394.335	259.7079	0.885485	1.501365	0.6471193	6.73947
7704	-8130.227	-8386.778	256.5509	0.764461	1.401094	0.7465447	8.465281
7710	-8145.323	-8402.512	257.188	0.8245812	1.440751	0.7624181	8.067644
7716	-8148.51	-8405.891	257.3818	0.8159972	1.186138	0.7808549	8.067644
7722	-8133.496	-8390.83	257.3339	0.7329205	1.196126	0.6101474	8.251938
7728	-8142.052	-8400.877	258.8252	0.8450642	1.434301	0.750558	7.191049
7734	-8134.213	-8392.115	257.9017	0.755576	1.571986	0.7980303	7.649226
7740	-8124.882	-8381.552	256.6703	0.7964797	1.454417	0.7980303	8.330005
7746	-8143.961	-8401.989	258.0277	0.8591771	1.454417	0.5705083	7.734161
7752	-8146.197	-8404.199	258.0022	0.8511769	1.535937	0.5531237	7.734161
7758	-8144.196	-8402.108	257.9114	0.8341164	1.535937	0.6764782	7.697394
7764	-8129.715	-8388.101	258.386	0.8002425	1.495621	0.7438133	7.430716
7770	-8124.941	-8384.528	259.5871	0.8772356	1.557971	0.7438133	6.718745
7776	-8114.354	-8373.876	259.5217	0.8557205	1.552018	0.5917902	6.878668
7782	-8120.515	-8379.732	259.2176	0.8289665	1.281917	0.6776066	7.104047
7788	-8131.975	-8389.497	257.522	0.8363354	1.281917	0.6776066	8.008061
7794	-8140.658	-8397.943	257.2848	0.8429984	1.584306	0.6776066	8.008061
7800	-8142.713	-8400.156	257.4423	0.8409364	1.379208	0.675153	8.008061
7806	-8145.787	-8403.909	258.1222	0.7819953	1.531276	0.7702601	7.55047
7812	-8131.05	-8387.74	256.6899	0.779148	1.562033	0.6532566	8.384738
7818	-8143.311	-8401.304	257.9928	0.8053034	1.562033	0.6532566	7.676065
7830	-8149.985	-8408.067	258.082	0.7897415	1.562033	0.7547241	7.5662
7836	-8134.569	-8392.409	257.8403	0.8019477	1.562033	0.6555268	7.757727
7842	-8129.832	-8388.435	258.6028	0.8175565	1.245155	0.6590242	7.470173
7848	-8129.269	-8388.293	259.0247	0.8535456	1.388292	0.6073203	7.200935
7854	-8148.675	-8408.096	259.4209	1.050237	1.553783	0.6110663	6.812324
7860	-8143.971	-8404.071	260.1003	0.9297459	1.56574	0.6110663	6.505611
7866	-8142.766	-8401.144	258.3785	0.8435909	1.375519	0.762387	7.448112
7902	-8127.47	-8386.531	259.0608	0.9754544	1.546836	0.5622242	7.088219
7908	-8121.388	-8380.464	259.0754	0.8736952	1.505416	0.6429814	7.088219
7914	-8141.028	-8399.574	258.5454	0.8132397	1.349622	0.6429814	7.469054
7950	-8151.6	-8410.358	258.7581	0.8757122	1.630376	0.6045574	7.239212
7956	-8131.79	-8391.448	259.6576	0.9625423	1.630376	0.6178841	6.697614
8052	-8133.741	-8392.532	258.7912	0.798952	1.359093	0.6194943	7.358592
8058	-8131.482	-8389.553	258.0711	0.7982593	1.359093	0.6194943	7.744503
8064	-8136.099	-8393.972	257.8734	0.8425293	1.475977	0.6655946	7.744503
8070	-8139.378	-8399.577	260.1993	0.8797484	1.543777	0.6161066	6.483637
8076	-8119.978	-8379.685	259.7076	0.8945538	1.543777	0.6161066	6.741587
8082	-8115.384	-8374.182	258.7984	0.8193946	1.391067	0.6577458	7.3017
8088	-8122.923	-8381.717	258.7944	0.8234832	1.391067	0.6577458	7.3017
8094	-8123.555	-8383.458	259.903	0.8950845	1.311532	0.6577458	6.700245
8100	-8136.384	-8393.142	256.7573	0.7786973	1.21585	0.7223493	8.444586
8106	-8142.026	-8398.741	256.715	0.743649	1.51874	0.679561	8.387937
8112	-8137.824	-8396.808	258.984	0.7284875	1.51874	0.679561	7.183546
8118	-8132.39	-8390.572	258.1818	0.8666593	1.579182	0.6612177	7.529748
8124	-8147.173	-8405.878	258.705	0.8358221	1.877029	0.6722042	7.15233
8130	-8146.081	-8405.17	259.0894	0.8670457	1.767636	0.6610377	6.973965
8136	-8127.352	-8387.191	259.8393	0.8027727	1.493361	0.6178042	6.738522
8142	-8131.346	-8390.489	259.1428	0.7795918	1.556245	0.6047907	7.11186
8148	-8133.361	-8391.876	258.5152	0.8674943	1.434803	0.6350442	7.426589
8154	-8139.547	-8398.123	258.5754	0.7600788	1.342492	0.7405492	7.41584
8160	-8138.571	-8397.073	258.502	0.8017586	1.471271	0.6933668	7.41194
8166	-8134.099	-8392.086	257.9877	0.9010278	1.49625	0.6933668	7.624301
8172	-8145.549	-8404.632	259.0832	0.8470483	1.688209	0.6147035	7.05089
8178	-8137.924	-8397.365	259.4402	0.9179501	1.450795	0.7274048	6.829587
8184	-8141.468	-8400.79	259.3217	0.8081281	1.498282	0.7274048	6.933643
8190	-8143.139	-8403.779	260.6398	0.8783995	1.60719	0.5758846	6.252929
8196	-8141.14	-8399.403	258.2632	0.8666242	1.653989	0.7008986	7.430147
8202	-8130.042	-8389.023	258.9812	0.8694463	1.4996	0.5947316	7.180372
8208	-8132.938	-8393.081	260.1429	0.9007769	1.460232	0.6506883	6.509819
8214	-8123.705	-8382.796	259.0912	0.8256181	1.440155	0.6506883	7.126008
8220	-8127.182	-8386.42	259.2377	0.789917	1.570727	0.6506883	7.014924
8226	-8127.362	-8385.123	257.7613	0.7340875	1.589939	0.6741086	7.812239
8232	-8138.628	-8396.484	257.8553	0.758178	1.821671	0.6384324	7.692733
8238	-8142.39	-8400.121	257.7303	0.8111358	1.821671	0.691743	7.692733
8244	-8144.33	-8402.461	258.1303	0.8318486	1.58709	0.7242759	7.528695
8262	-8130.784	-8389.366	258.5819	0.7342125	1.567775	0.6643313	7.388356
8268	-8133.078	-8391.826	258.7487	0.7342125	1.402658	0.6489249	7.375767
8274	-8132.663	-8391.081	258.4182	0.8738115	1.308321	0.6489249	7.518206
8280	-8136.642	-8395.462	258.8195	0.8174862	1.308321	0.5960976	7.373426
8286	-8129.687	-8387.898	258.211	0.8304697	1.493153	0.5907089	7.619961
8304	-8138.607	-8396.078	257.4714	0.7923432	1.632681	0.5596407	8.007254
8322	-8127.122	-8385.757	258.6346	0.852623	1.536748	0.6692734	7.304879
8328	-8129.565	-8388.249	258.6837	0.8493476	1.381993	0.5951611	7.398341
8334	-8125.989	-8385.027	259.0384	0.8229532	1.381993	0.5660804	7.245403
8340	-8125.799	-8385.532	259.7328	0.8552535	1.381993	0.773567	6.703136
8346	-8126.08	-8384.275	258.1952	0.7625173	1.441395	0.6755821	7.621865
8424	-8144.908	-8403.207	258.2987	0.8098936	1.478804	0.7707339	7.461245
8484	-8124.266	-8382.79	258.5239	0.8240419	1.417066	0.7073745	7.400454
8532	-8138.532	-8397.389	258.8574	0.9182259	1.500198	0.7346707	7.11861
8538	-8135.045	-8393.744	258.6994	0.8689936	1.425428	0.6517732	7.318403
8550	-8139.539	-8398.405	258.8663	0.8905353	1.330314	0.7200211	7.208848
8556	-8157.068	-8415.941	258.8731	0.9088692	1.355813	0.6849839	7.208848
8670	-8147.995	-8404.137	256.1421	0.8647683	1.51493	0.6233486	8.670315
8676	-8120.022	-8380.176	260.1543	0.9345289	1.547642	0.6101901	6.481433
8724	-8142.432	-8401.474	259.0419	0.8978229	1.505861	0.7740386	7.001961
8730	-8140.025	-8398.637	258.6125	0.8623029	1.505861	0.5127246	7.447406
8736	-8133.323	-8391.878	258.5551	0.8385244	1.60335	0.5127246	7.453597
8742	-8134.316	-8393.063	258.7473	0.906756	1.625849	0.5127246	7.305514
8748	-8135.658	-8392.992	257.334	0.8315158	1.625849	0.5352235	8.082337
8754	-8116.582	-8376.042	259.4601	0.9449608	1.533146	0.5529335	6.902572
8760	-8122.466	-8382.272	259.8062	0.9449608	1.417974	0.5529335	6.762085
8766	-8128.416	-8386.331	257.9155	0.8456046	1.592437	0.5529335	7.762127
8772	-8122.664	-8381.793	259.1297	0.8647138	1.758883	0.5030401	7.083364
8778	-8125.372	-8384.492	259.1201	0.7993724	1.564201	0.5603591	7.145853
8790	-8132.595	-8389.609	257.0132	0.7467262	1.663681	0.5845813	8.244421
8796	-8128.538	-8387.44	258.9018	0.8031524	1.766759	0.5845813	7.167836
8802	-8131.352	-8388.888	257.5357	0.7841867	1.777049	0.5394473	7.942764
8808	-8113.801	-8372.598	258.7976	0.7627802	1.456404	0.6898659	7.282652
8814	-8129.705	-8388.246	258.5412	0.7981566	1.536524	0.700531	7.362171
8820	-8120.651	-8379.602	258.9505	0.8774727	1.775035	0.6219067	7.069743
8826	-8123.648	-8383.543	259.8954	0.8829813	1.496072	0.6113821	6.66875
8832	-8135.846	-8395.754	259.9073	0.8458902	1.489634	0.632526	6.66875
8838	-8147.519	-8408.855	261.336	0.9291685	1.662954	0.632526	5.77996
8844	-8150.711	-8410.754	260.0433	0.968115	1.563834	0.6601001	6.479329
8850	-8122.196	-8380.665	258.4693	0.8012736	1.616471	0.6739703	7.387519
8856	-8132.667	-8391.618	258.9511	0.8515205	1.457629	0.5784069	7.235868
8862	-8150.694	-8410.315	259.6212	0.8515205	1.638195	0.583756	6.801113
8868	-8136.784	-8395.212	258.4279	0.8256638	1.685291	0.7049553	7.349621
8874	-8139.106	-8398.355	259.2489	0.8256638	1.685291	0.7049553	6.908182
8880	-8139.013	-8399.151	260.1376	0.9911095	1.559981	0.5762989	6.481959
8886	-8140.086	-8400.976	260.8904	0.9262431	1.610097	0.7209549	5.98039
8892	-8142.719	-8401.022	258.3035	0.7701207	1.61657	0.7802326	7.420936
8898	-8131.498	-8390.772	259.2741	0.9415857	1.61657	0.6982181	6.862044
8904	-8132.489	-8391.095	258.606	0.8323606	1.61657	0.7909452	7.21828
8910	-8129.672	-8387.445	257.7732	0.7913592	1.350045	0.6472566	7.890446
8916	-8146.191	-8403.389	257.1983	0.7423597	1.747905	0.6472566	8.070671
8922	-8125.527	-8384.385	258.8579	0.8121734	1.390513	0.7033825	7.241347
8928	-8137.987	-8396.839	258.8523	0.8352221	1.368216	0.7033825	7.241347
8934	-8113.536	-8372.35	258.8141	0.8534557	1.304336	0.7139041	7.272337
8940	-8127.212	-8385.502	258.2899	0.8382012	1.479331	0.7139041	7.488559
8946	-8140.403	-8397.507	257.104	0.7822346	1.414534	0.7224823	8.172165
8952	-8138.082	-8395.219	257.137	0.7634993	1.323304	0.8934105	8.095946
8958	-8122.54	-8380.489	257.9491	0.7737181	1.535344	0.6629148	7.719479
8964	-8132.227	-8390.9	258.6728	0.7938744	1.509774	0.7489393	7.271296
8970	-8135.701	-8394.179	258.4788	0.9372307	1.248572	0.7823402	7.386594
8976	-8136.222	-8394.345	258.1227	0.8141194	1.320044	0.6644688	7.691869
8982	-8136.167	-8394.356	258.1886	0.8190376	1.234817	0.6644688	7.691869
8988	-8133.285	-8391.019	257.7341	0.8798987	1.461202	0.6644688	7.80565
8994	-8123.282	-8381.898	258.616	0.83378	1.44068	0.6732898	7.360211
9000	-8118.636	-8377.371	258.7346	0.8651365	1.44068	0.695226	7.264108
9006	-8120.939	-8379.728	258.7896	0.8253838	1.4687	0.6258932	7.295169
9012	-8122.05	-8379.507	257.4567	0.8103918	1.379667	0.6258932	8.052505
9018	-8138.501	-8396.675	258.1738	0.8108841	1.431497	0.831309	7.508433
9024	-8135.026	-8394.128	259.1016	0.8352705	1.431577	0.7412364	7.055028
9030	-8137.803	-8396.859	259.0557	0.9011298	1.408991	0.76006	7.041066
9036	-8125.57	-8384.875	259.3048	0.808018	1.535454	0.5749823	7.041066
9042	-8129.076	-8389.59	260.5138	0.9241575	1.535454	0.5749823	6.324833
9048	-8133.546	-8390.888	257.3426	0.7212433	1.530121	0.6252468	8.101022
9054	-8134.659	-8391.838	257.1788	0.8421226	1.590343	0.6252468	8.101022
9072	-8143.023	-8401.859	258.8355	0.9134711	1.314428	0.7547126	7.196642
9078	-8154.13	-8413.023	258.8928	0.8675612	1.375461	0.5837242	7.288156
9090	-8145.32	-8402.158	256.8383	0.8001015	1.375461	0.5723544	8.430426
9096	-8141.499	-8399.262	257.7635	0.8240136	1.375461	0.5723544	7.924966
9114	-8135.941	-8394.181	258.2405	0.8638606	1.317933	0.7720761	7.529515
9120	-8151.385	-8410.257	258.872	0.8638606	1.281432	0.7720761	7.206825
9126	-8143.259	-8400.9	257.6401	0.8029359	1.518449	0.7720761	7.800934
9132	-8129.783	-8388.439	258.6554	0.8404426	1.380234	0.6406164	7.384298
9138	-8139.346	-8399.706	260.3601	0.9265852	1.48044	0.6663476	6.358326
9144	-8145.482	-8404.583	259.1009	0.9282009	1.48044	0.6706593	7.034781
9150	-8139.892	-8399.583	259.691	0.8215739	1.48044	0.6869573	6.762434
9156	-8126.638	-8384.614	257.9762	0.7671064	1.504448	0.6869573	7.703387
9162	-8132.633	-8389.324	256.6905	0.7178413	1.442888	0.6869573	8.43942
9168	-8133.636	-8391.855	258.2189	0.8054765	1.525904	0.6876104	7.544157
9174	-8137.356	-8395.857	258.5012	0.7879004	1.429762	0.6695744	7.45347
9180	-8134.408	-8392.925	258.5178	0.7589045	1.446069	0.6695744	7.45347
9186	-8135.619	-8395.292	259.6727	0.8485883	1.53578	0.6309414	6.777054
9222	-8141.683	-8399.716	258.0321	0.790729	1.358194	0.5960924	7.787774
9228	-8137.036	-8395.963	258.9264	0.8541648	1.529937	0.6379809	7.172973
9234	-8137.434	-8396.094	258.6603	0.8335931	1.240177	0.7787861	7.350949
9240	-8132.517	-8391.455	258.9382	0.850397	1.288013	0.6936909	7.228583
9246	-8132.916	-8393.581	260.6642	0.9111472	1.408501	0.6936909	6.211321
9252	-8123.139	-8383.062	259.9225	0.9631411	1.481889	0.7670159	6.505315
9258	-8134.692	-8395.87	261.1783	0.9631411	1.84272	0.6851006	5.744514
9264	-8130.513	-8391.312	260.7984	0.8997811	1.341421	0.7910319	6.10704
9270	-8138.984	-8400.589	261.6052	0.9548368	1.266015	0.7910319	5.669818
9276	-8146.427	-8408.502	262.0748	1.034366	1.270101	0.7910319	5.366003
9282	-8127.267	-8386.248	258.9816	0.7881668	1.360513	0.7045924	7.199604
9288	-8131.968	-8390.618	258.6497	0.8840815	1.443635	0.6294401	7.346159
9324	-8116.852	-8375.33	258.4773	0.8026501	1.591318	0.6849534	7.384099
9330	-8127.64	-8386.693	259.0528	0.8851339	1.591318	0.5813213	7.108664
9336	-8137.974	-8396.647	258.6735	0.8845431	1.307118	0.680575	7.353226
9342	-8128.712	-8387.941	259.2299	0.9016464	1.307118	0.680575	7.045077
9348	-8133.908	-8391.249	257.3419	0.7658335	1.588872	0.6581491	8.03104
9354	-8140.678	-8398.775	258.0969	0.8461894	1.588872	0.6581491	7.584747
9360	-8132.907	-8391.291	258.3847	0.7304903	1.596612	0.6947821	7.4635
9366	-8123.649	-8381.905	258.2556	0.8114932	1.72398	0.6636184	7.465137
9384	-8138.11	-8394.471	256.3612	0.7658979	1.440663	0.6047309	8.64993
9390	-8126.584	-8385.432	258.8476	0.8516943	1.245987	0.7634179	7.248047
9396	-8138.794	-8396.803	258.0088	0.7855801	1.195781	0.5746791	7.89202
9402	-8124.13	-8382.869	258.7392	0.8317518	1.275262	0.7137996	7.337119
9408	-8124.506	-8383.509	259.0027	0.867274	1.39632	0.6894162	7.141315
9414	-8124.872	-8384.752	259.8802	0.9078134	1.65473	0.6894162	6.544885
9420	-8137.418	-8397.662	260.2441	0.9206532	1.521749	0.6968982	6.386033
9426	-8134.536	-8392.876	258.3397	0.8633615	1.431104	0.6968982	7.479603
9432	-8136.944	-8395.46	258.5159	0.8803983	1.365654	0.6968982	7.403226
9438	-8141.703	-8400.75	259.0474	0.8803983	1.51438	0.6968982	7.057169
9444	-8133.611	-8393.134	259.5232	0.8747289	1.544137	0.7820637	6.734665
9450	-8142.057	-8400.02	257.9629	0.8191822	1.544137	0.7844635	7.601734
9456	-8140.94	-8399.019	258.0799	0.7578266	1.570267	0.6290679	7.669674
9462	-8138.026	-8395.712	257.686	0.787693	1.430466	0.6359886	7.913843
9468	-8127.355	-8385.408	258.0531	0.7951253	1.466281	0.6600162	7.681643
9474	-8129.374	-8387.448	258.0743	0.811555	1.509728	0.6100764	7.681643
9480	-8136.411	-8394.628	258.2171	0.843835	1.453394	0.6941769	7.548632
9486	-8116.883	-8375.948	259.0654	0.8402178	1.453394	0.6941769	7.095326
9492	-8116.985	-8376.755	259.7699	0.8751191	1.232714	0.6941769	6.792135
9498	-8126.31	-8385.664	259.3547	0.8689125	1.304363	0.6250118	7.037657
9504	-8138.611	-8394.883	256.2718	0.8602924	1.304363	0.8506325	8.538099
9510	-8116.59	-8374.914	258.3241	0.809973	1.287188	0.5953095	7.652713
9516	-8119.865	-8378.196	258.331	0.8877491	1.33106	0.706397	7.506589
9522	-8124.793	-8384.981	260.188	0.8877491	1.33106	0.706397	6.506577
9528	-8133.35	-8391.738	258.3883	0.8082189	1.33106	0.6582736	7.552651
9534	-8128.242	-8386.574	258.3328	0.7752528	1.450547	0.6549471	7.552651
9540	-8130.801	-8389.285	258.4839	0.7709749	1.335462	0.6549471	7.521909
9546	-8129.081	-8387.889	258.8077	0.8173945	1.425607	0.7372801	7.227766
9552	-8132.423	-8390.313	257.8905	0.8927994	1.338388	0.7372801	7.715411
9558	-8131.007	-8390.442	259.4358	0.786527	1.429779	0.7372801	6.904688
9564	-8142.424	-8399.651	257.2265	0.8762858	1.396283	0.6573483	8.109981
9570	-8147.121	-8404.532	257.4116	0.7272249	1.331947	0.7363131	8.062868
9576	-8136.612	-8394.058	257.4456	0.7269117	1.290596	0.7363131	8.062868
9582	-8138.273	-8397.787	259.5135	0.9018928	1.424214	0.7684508	6.7821
9588	-8133.308	-8392.701	259.3935	0.8488581	1.664908	0.7684508	6.7821
9594	-8131.488	-8389.573	258.0842	0.8224477	1.58539	0.6701319	7.596892
9630	-8130.153	-8389.651	259.4978	0.8660598	1.537621	0.7445373	6.780392
9636	-8128.435	-8388.144	259.7089	0.9124025	1.508216	0.5716	6.780392
9642	-8118.456	-8378.156	259.7002	0.9210719	1.508216	0.5716	6.780392
9648	-8123.618	-8382.029	258.4102	0.816051	1.582601	0.5716	7.501762
9654	-8127.685	-8385.513	257.8289	0.7386799	1.701347	0.6203336	7.772567
9660	-8127.55	-8385.191	257.6407	0.7113551	1.58689	0.6203336	7.929468
9666	-8127.965	-8386.024	258.0596	0.8394371	1.383112	0.6303797	7.710323
9702	-8149.38	-8408.973	259.5923	0.8692846	1.663998	0.6059826	6.780083
9708	-8122.824	-8380.451	257.6264	0.7718776	1.38578	0.651263	7.961183
9714	-8149.802	-8408.91	259.1082	0.7949034	1.835721	0.5858746	7.036594
9810	-8142.612	-8400.487	257.8751	0.7936506	1.712465	0.6484344	7.69354
9816	-8133.065	-8393.753	260.6876	0.9559477	1.459914	0.7307612	6.127053
9834	-8139.435	-8398.529	259.094	0.8454795	1.56632	0.6233552	7.084559
9840	-8144.225	-8403.507	259.282	0.8177537	1.56632	0.6323118	6.991509
9846	-8133.913	-8392.829	258.9162	0.8135527	1.712802	0.7131664	7.078239
9852	-8133.668	-8393.253	259.5849	0.8692314	1.712802	0.716143	6.685659
9858	-8134.555	-8394.22	259.6658	0.9349968	1.581278	0.6726792	6.685659
9864	-8128.588	-8387.248	258.66	0.912578	1.581278	0.6999907	7.220197
9870	-8133.274	-8391.064	257.7898	0.8003466	1.420632	0.66944	7.831213
9876	-8132.713	-8391.758	259.0455	0.8290964	1.397995	0.7638013	7.087408
9894	-8143.821	-8404.264	260.4421	0.8955458	1.430809	0.7493184	6.292734
9930	-8140.907	-8398.611	257.704	0.8667704	1.260756	0.6384635	7.932592
9936	-8130.358	-8388.327	257.9685	0.8041087	1.438359	0.6073468	7.772716
9960	-8138.301	-8396.383	258.0821	0.8120102	1.527029	0.6433312	7.645455
9966	-8137.503	-8396.289	258.7867	0.8216744	1.453751	0.7605736	7.209756
9984	-8119.293	-8378.754	259.4612	0.8444831	1.496133	0.604013	6.929601
9990	-8111.201	-8370.65	259.449	0.9079486	1.496133	0.7540894	6.794028
9996	-8122.416	-8381.28	258.864	0.9276702	1.566012	0.5840135	7.194755
10002	-8121.49	-8380.916	259.4261	0.9639426	1.566012	0.6844016	6.796919
10008	-8133.248	-8392.768	259.5202	0.9354753	1.485889	0.6471144	6.819986
10014	-8126.725	-8386.4	259.6749	0.9539976	1.397434	0.5643863	6.827166
10020	-8138.997	-8398.022	259.0258	0.9154686	1.294996	0.7770988	7.087111
10026	-8123.429	-8382.669	259.2397	0.8660349	1.294996	0.7770988	6.998602
10032	-8127.978	-8387.558	259.5805	0.8813163	1.435699	0.6429675	6.840025
10038	-8121.738	-8380.5	258.7614	0.8813163	1.332839	0.8851269	7.164367
10044	-8122.345	-8381.487	259.1418	0.8308655	1.285646	0.6059923	7.195478
10050	-8125.433	-8384.338	258.905	0.7797353	1.285646	0.8790593	7.166048
10056	-8122.698	-8381.955	259.257	0.8025	1.451235	0.6963086	7.011899
10062	-8125.87	-8384.295	258.4245	0.7984403	1.332887	0.6957233	7.510961
10068	-8132.263	-8391.727	259.4641	0.9033351	1.517732	0.675092	6.834502
10074	-8129.965	-8388.537	258.5712	0.896688	1.441611	0.6702759	7.352252
10080	-8128.462	-8387.189	258.7263	0.7761127	1.635314	0.5493636	7.352252
10086	-8120.859	-8380.683	259.8243	0.8710859	1.557894	0.6763132	6.640855
10092	-8118.458	-8376.967	258.5088	0.8534277	1.584362	0.6847589	7.342711
10098	-8115.046	-8374.224	259.178	0.8178481	1.507688	0.6681525	7.043711
10104	-8122.115	-8381.123	259.0078	0.8427122	1.716712	0.6681525	7.043711
10110	-8115.349	-8374.976	259.6271	0.8918046	1.716712	0.6057599	6.730241
10116	-8123.901	-8384.277	260.3761	0.9835493	1.645651	0.5373113	6.356769
10122	-8112.238	-8371.651	259.4137	0.9526992	1.592668	0.7085107	6.782543
10128	-8112.644	-8371.972	259.328	0.8485698	1.711001	0.6733153	6.866375
10134	-8122.673	-8381.617	258.9435	0.8419451	1.526463	0.7492227	7.093243
10140	-8129.047	-8387.63	258.5832	0.8870462	1.424015	0.877852	7.222966
10146	-8136.156	-8396.047	259.891	0.9005611	1.752621	0.7221643	6.484768
10152	-8127.779	-8387.102	259.3234	0.8886275	1.500771	0.6509819	6.942565
10158	-8131.584	-8390.441	258.8567	0.8513583	1.385335	0.5085376	7.374814
10164	-8118.187	-8375.959	257.7714	0.8466309	1.460991	0.535671	7.903769
10170	-8120.6	-8378.321	257.7209	0.8466309	1.705697	0.6688763	7.735211
10176	-8135.86	-8394.416	258.555	0.7816252	1.569765	0.6740788	7.369574
10182	-8134.203	-8391.638	257.4347	0.775586	1.549486	0.6396996	8.004729
10188	-8149.164	-8406.569	257.4053	0.79273	1.566727	0.6396996	8.004729
10194	-8125.919	-8382.383	256.4643	0.8023503	1.410398	0.6611203	8.54622
10200	-8127.118	-8386.256	259.138	0.8442229	1.410398	0.6771366	7.083821
10206	-8137.35	-8395.901	258.5516	0.8442229	1.462464	0.7620495	7.319445
10212	-8139.288	-8397.154	257.8656	0.8256884	1.522432	0.5401722	7.836709
10218	-8140.434	-8398.2	257.7658	0.8215206	1.575117	0.5401722	7.872084
10224	-8148.315	-8407.821	259.5055	0.9557757	1.442956	0.5388741	6.919949
10230	-8138.57	-8397.765	259.1952	0.9547525	1.769343	0.7064086	6.836641
10236	-8123.675	-8381.369	257.6942	0.806837	1.36451	0.6785155	7.895634
10242	-8137.317	-8396.567	259.2501	0.7959756	1.428114	0.574175	7.120428
10248	-8139.168	-8396.064	256.8965	0.8011929	1.373265	0.5997859	8.378247
10254	-8121.605	-8378.54	256.9352	0.7232734	1.341136	0.6724838	8.358722
10260	-8125.212	-8384.008	258.7952	0.7551618	1.475075	0.5832703	7.360364
10266	-8128.668	-8387.374	258.7063	0.7950826	1.409422	0.6525369	7.360364
10272	-8119.711	-8377.082	257.3711	0.748506	1.472572	0.6655767	8.064161
10278	-8126.271	-8384.476	258.2049	0.8590173	1.533934	0.611683	7.575755
10284	-8128.385	-8387.56	259.175	0.784943	1.536788	0.778816	6.975862
10290	-8126.797	-8386.107	259.3098	0.8197064	1.533934	0.5998111	7.012905
10296	-8125.243	-8383.287	258.0437	0.8524373	1.367156	0.5998111	7.741934
10302	-8149.76	-8407.513	257.7529	0.8246011	1.776653	0.5866802	7.76695
10308	-8135.943	-8393.584	257.6413	0.8858709	1.528892	0.7076879	7.794927
10314	-8126.91	-8384.797	257.8869	0.7742704	1.55545	0.5760285	7.810764
10320	-8121.333	-8379.554	258.2209	0.7742704	1.55545	0.5760285	7.632231
10326	-8123.382	-8381.236	257.8532	0.8230854	1.55545	0.6332163	7.758486
10332	-8117.688	-8376.685	258.9965	0.898531	1.364847	0.7089322	7.127402
10338	-8118.688	-8377.094	258.406	0.7919558	1.522605	0.565359	7.544951
10344	-8130.712	-8389.659	258.947	0.81614	1.647238	0.607379	7.161333
10350	-8128.771	-8387.574	258.8031	0.8462624	1.647238	0.6900746	7.161333
10356	-8130.493	-8389.298	258.8054	0.8250708	1.703655	0.7677527	7.098261
10362	-8147.051	-8406.171	259.1198	0.9050446	1.608064	0.7473143	6.934473
10368	-8137.267	-8395.001	257.7335	0.8213113	1.51543	0.7473143	7.758585
10374	-8136.857	-8395.189	258.3318	0.7643198	1.447519	0.756788	7.489599
10380	-8123.71	-8382.073	258.3631	0.828227	1.291443	0.756788	7.504508
10386	-8127.822	-8386.669	258.8467	0.828227	1.26278	0.756788	7.257933
10392	-8130.322	-8389.452	259.1296	0.8368362	1.205773	0.5771783	7.257933
10398	-8120.902	-8379.43	258.5279	0.8256222	1.526887	0.5771783	7.450394
10404	-8125.303	-8383.563	258.2601	0.8528556	1.526887	0.7549052	7.450394
10410	-8123.189	-8381.616	258.4269	0.861908	1.526887	0.7251154	7.376085
10416	-8125.139	-8383.527	258.3884	0.8736953	1.526887	0.6199665	7.465989
10422	-8122.769	-8380.089	257.3208	0.9029779	1.465165	0.6305127	8.037304
10428	-8129.788	-8389.154	259.3653	0.9477559	1.465165	0.533555	6.995351
10440	-8154.31	-8411.527	257.2174	0.8649042	1.671317	0.5916142	8.064433
10446	-8153.317	-8411.13	257.813	0.8385452	1.61413	0.6725762	7.720857
10452	-8148.939	-8405.741	256.8023	0.8036393	1.438902	0.732957	8.304446
10458	-8130.891	-8389.308	258.4168	0.8367275	1.438902	0.732957	7.424615
10464	-8116.083	-8374.677	258.5933	0.8821428	1.438902	0.6670112	7.351639
10470	-8137.321	-8397.865	260.5442	0.9415843	1.364512	0.6670112	6.297933
10476	-8128.099	-8387.921	259.8217	0.8555201	1.200176	0.6056963	6.855481
10482	-8121.717	-8380.429	258.7119	0.8156636	1.558438	0.6409724	7.295641
10488	-8128.955	-8387.866	258.911	0.9065282	1.476799	0.6409724	7.171819
10494	-8123.715	-8382.663	258.9486	0.8564201	1.493654	0.6409724	7.171819
10500	-8142.796	-8400.786	257.9899	0.723564	1.264677	0.692972	7.815337
10506	-8133.337	-8391.672	258.335	0.7743813	1.511331	0.692972	7.50052
10512	-8141.579	-8398.47	256.8909	0.7289453	1.376735	0.7402355	8.317687
10518	-8145.991	-8404.075	258.0846	0.916154	1.309416	0.6981284	7.638406
10524	-8137.551	-8396.079	258.5276	0.8434357	1.309416	0.6480528	7.476029
10530	-8136.628	-8395.95	259.3221	0.8214681	1.589558	0.7165181	6.89833
10536	-8134.462	-8394.321	259.8592	0.9305435	1.473146	0.7451597	6.575305
10542	-8121.677	-8381.702	260.0252	0.9148674	1.473146	0.7050105	6.521506
10548	-8125.843	-8383.979	258.1355	0.8375956	1.543556	0.7050105	7.552645
10554	-8136.844	-8394.174	257.3298	0.7433952	1.587491	0.7040649	8.017448
10560	-8125.124	-8383.909	258.7849	0.7892306	1.446468	0.6560569	7.303596
10566	-8122.849	-8381.02	258.1712	0.8253491	1.472639	0.6560569	7.602634
10572	-8136.384	-8393.174	256.7899	0.7681508	1.472639	0.8016079	8.27192
10578	-8141.73	-8398.895	257.1655	0.8311743	1.472639	0.623331	8.160706
10584	-8147.473	-8406.007	258.5338	0.8179947	1.43911	0.7602774	7.353667
10590	-8141.753	-8400.15	258.3973	0.8699858	1.43911	0.6192793	7.498606
10596	-8131.626	-8389.981	258.3546	0.8206586	1.376221	0.7239618	7.498606
10602	-8128.933	-8387.374	258.441	0.8838167	1.542786	0.876224	7.254769
10608	-8137.265	-8396.063	258.798	0.8482715	1.489841	0.6461976	7.254769
10614	-8136.382	-8395.186	258.8047	0.8812219	1.387882	0.6780867	7.251774
10620	-8144.409	-8403.252	258.8434	0.8924255	1.387882	0.737023	7.184104
10626	-8138.352	-8396.309	257.9577	0.8410555	1.404884	0.737023	7.679358
10632	-8129.43	-8386.802	257.3717	0.7730422	1.404884	0.737023	8.028608
10638	-8137.386	-8394.539	257.1528	0.8553896	1.404884	0.661509	8.153787
10644	-8129.655	-8388.135	258.48	0.8368746	1.315747	0.638237	7.509593
10650	-8146.938	-8407.093	260.1545	0.8197141	1.388615	0.638237	6.586311
10656	-8132.036	-8390.345	258.3091	0.7613008	1.538795	0.6920502	7.511398
10662	-8127.795	-8385.224	257.4294	0.7193667	1.55399	0.6252056	8.046664
10668	-8126.852	-8384.923	258.0716	0.7901038	1.47881	0.6674955	7.664062
10674	-8130.307	-8388.936	258.6298	0.9120938	1.442781	0.6674955	7.3141
10680	-8127.123	-8385.07	257.947	0.7709357	1.442781	0.7353011	7.708242
10686	-8130.222	-8388.337	258.1141	0.7662831	1.442781	0.5946996	7.723101
10692	-8136.724	-8394.505	257.7809	0.8092301	1.319419	0.7613127	7.810899
10698	-8151.287	-8409.083	257.7962	0.7939936	1.319419	0.7613127	7.810899
10704	-8129.102	-8388.003	258.9006	0.9003861	1.307062	0.8078322	7.137598
10710	-8129.58	-8388.576	258.9964	0.9629169	1.310678	0.8078322	7.050816
10716	-8129.737	-8386.555	256.8177	0.8472975	1.448171	0.8078322	8.220896
10722	-8126.696	-8385.133	258.4369	0.8758185	1.402538	0.7824537	7.375235
10728	-8139.058	-8396.197	257.1392	0.8128573	1.396553	0.7824537	8.105068
10734	-8128.56	-8387.371	258.8111	0.8319279	1.661527	0.6798018	7.166822
10740	-8126.4	-8385.686	259.286	0.8830774	1.34653	0.6798018	7.008297
10746	-8130.572	-8390.09	259.5185	0.8143811	1.430913	0.6798018	6.884619
10752	-8122.999	-8382.505	259.5058	0.8698278	1.456575	0.6819917	6.849514
10758	-8132.862	-8391.207	258.3446	0.8178359	1.411693	0.5679409	7.606242
10764	-8137.19	-8394.587	257.3965	0.7954499	1.40236	0.7095571	8.023054
10770	-8141.532	-8399.635	258.103	0.904026	1.576616	0.7211122	7.51075
10776	-8131.094	-8391.094	259.9998	0.8907404	1.378544	0.6074989	6.659395
10782	-8136.496	-8397.813	261.3166	1.003954	1.587587	0.5316789	5.86017
10788	-8133.711	-8393.179	259.4685	0.8579913	1.661567	0.6612273	6.812154
10794	-8122.519	-8381.953	259.4341	0.877305	1.442393	0.6109947	6.942675
10800	-8120.127	-8379.941	259.8138	0.8918771	1.682354	0.8231326	6.49015
10806	-8128.946	-8387.506	258.5605	0.8468792	1.360695	0.8231326	7.316301
10812	-8125.364	-8386.609	261.2451	0.9595218	1.547012	0.6854455	5.817955
10818	-8138.607	-8399.004	260.3974	1.042778	1.547012	0.6234298	6.280834
10824	-8131.605	-8389.688	258.0833	0.8852345	1.626425	0.621108	7.584708
10830	-8136.62	-8393.916	257.2962	0.8501646	1.54367	0.8457817	7.903498
10836	-8150.66	-8408.022	257.362	0.7585557	1.326768	0.7255375	8.082074
10842	-8124.734	-8383.467	258.7329	0.8137696	1.393046	0.7990157	7.243032
10848	-8118.877	-8377.445	258.5686	0.7951252	1.504173	0.6290314	7.413534
10854	-8117.209	-8376.054	258.8446	0.7961625	1.504173	0.6290314	7.264868
10860	-8127.343	-8387.107	259.7633	0.9013361	1.418533	0.6290314	6.748146
10866	-8123.19	-8382.23	259.04	0.9136985	1.602124	0.5486113	7.122804
10872	-8136.163	-8395.74	259.5768	0.8911842	1.655012	0.679423	6.724977
10878	-8132.808	-8391.133	258.3253	0.8842247	1.402695	0.679423	7.500175
10884	-8117.239	-8375.4	258.1603	0.8420172	1.395828	0.6470603	7.637397
10890	-8119.816	-8378.094	258.2783	0.8291545	1.315251	0.6904469	7.584153
10896	-8137.737	-8395.779	258.0421	0.7989028	1.600798	0.7306002	7.584153
10902	-8122.304	-8379.726	257.4221	0.7710092	1.600798	0.6713981	7.97148
10908	-8129.006	-8386.366	257.3602	0.8209933	1.590518	0.6857933	7.97148
10914	-8137.653	-8396.19	258.5377	0.7740997	1.419934	0.6639753	7.449363
10920	-8139.982	-8396.742	256.7603	0.7096759	1.586294	0.7246186	8.325121
10926	-8141.597	-8398.961	257.3649	0.7762078	1.586294	0.6593267	8.013306
10932	-8128.656	-8386.471	257.8149	0.7703278	1.627067	0.7191405	7.719006
10938	-8127.774	-8386.378	258.6036	0.7793942	1.3639	0.6561694	7.440267
10944	-8132.204	-8389.704	257.5006	0.8345316	1.664315	0.770898	7.804652
10950	-8119.032	-8379.08	260.0487	0.9369425	1.409472	0.7127606	6.517508
10956	-8111.44	-8369.961	258.5212	0.8263587	1.409472	0.7100432	7.401946
10962	-8128.846	-8387.782	258.9361	0.9164209	1.530208	0.6692373	7.111209
10968	-8133.736	-8392.33	258.5947	0.8958289	1.530208	0.5948211	7.361678
10974	-8133.347	-8392.425	259.0789	0.9182459	1.461369	0.5948211	7.116786
10980	-8137.116	-8397.048	259.9316	0.8930041	1.67926	0.7934902	6.445684
10986	-8136.04	-8395.139	259.0992	0.8682583	1.724656	0.5670597	7.055524
10992	-8146.785	-8406.291	259.506	0.8676397	1.394515	0.6202519	6.921795
10998	-8133.381	-8391.808	258.427	0.8346925	1.625529	0.6202519	7.42863
11004	-8132.755	-8390.498	257.743	0.8089123	1.392732	0.7242485	7.82491
11010	-8143.893	-8402.641	258.7476	0.8283866	1.603255	0.7362408	7.185214
11016	-8126.912	-8385.018	258.1052	0.7476582	1.603255	0.6563239	7.629008
11022	-8127.559	-8384.506	256.9472	0.7801067	1.603255	0.7371999	8.173402
11028	-8134.197	-8392.582	258.3848	0.7587507	1.407061	0.7371999	7.493761
11034	-8133.975	-8392.011	258.0363	0.8494401	1.696132	0.6894988	7.5537
11040	-8127.219	-8384.833	257.6139	0.8310516	1.696132	0.7772717	7.730432
11046	-8129.892	-8388.148	258.2567	0.8222374	1.47629	0.5666598	7.625775
11052	-8137.458	-8397.074	259.6155	0.9248559	1.672984	0.572845	6.760627
11058	-8138.334	-8397.634	259.3003	0.9216433	1.577893	0.7971593	6.807015
11064	-8133.012	-8392.438	259.4258	0.9392357	1.572343	0.7080718	6.791267
11070	-8135.014	-8393.363	258.3486	0.8607638	1.39478	0.7405125	7.461362
11076	-8129.265	-8386.864	257.5989	0.7542121	1.48726	0.627521	7.961794
11082	-8124.685	-8382.072	257.3868	0.8169932	1.46039	0.7563556	7.961794
11088	-8121.187	-8379.966	258.7792	0.810489	1.558445	0.6547706	7.252113
11094	-8127.543	-8386.45	258.907	0.8397922	1.665998	0.6168521	7.155956
11100	-8127.661	-8387.016	259.3546	0.8267408	1.536763	0.7068157	6.90497
11106	-8122.271	-8381.233	258.962	0.7991693	1.454208	0.6009363	7.241696
11112	-8123.217	-8382.071	258.8533	0.8011044	1.624511	0.5900863	7.241696
11118	-8126.673	-8384.62	257.9473	0.8377588	1.503252	0.7792508	7.619379
11124	-8120.851	-8378.882	258.0306	0.7660533	1.350827	0.7355809	7.704094
11130	-8130.31	-8388.967	258.6562	0.8580976	1.350827	0.7355809	7.319665
11136	-8132.656	-8390.968	258.3111	0.8268075	1.449632	0.6570516	7.535466
11142	-8127.073	-8386.202	259.1296	0.8177278	1.644474	0.6997708	6.995211
11148	-8143.783	-8401.643	257.8606	0.8531336	1.563693	0.6657929	7.711449
11154	-8124.716	-8382.81	258.0941	0.8531336	1.48191	0.5001013	7.750291
11160	-8124.114	-8382.651	258.5363	0.8439848	1.421003	0.662601	7.413219
11166	-8139.455	-8396.788	257.3328	0.8797579	1.28964	0.7316041	8.045085
11172	-8121.989	-8382.209	260.2203	0.9128897	1.336848	0.6619015	6.504841
11178	-8124.755	-8385.073	260.3177	0.8803188	1.475829	0.6619015	6.411562
11184	-8122.221	-8380.511	258.2901	0.7822338	1.475829	0.5757127	7.622228
11190	-8127.815	-8386.426	258.6101	0.956089	1.475829	0.7497216	7.230732
11196	-8130.802	-8389.935	259.1339	0.8465121	1.367297	0.7071126	7.081719
11202	-8141.076	-8399.837	258.7607	0.8597597	1.268979	0.6355309	7.369513
11208	-8137.183	-8395.792	258.6093	0.8128174	1.268979	0.7895699	7.369513
11214	-8139.438	-8396.15	256.7117	0.7954719	1.268979	0.7365227	8.426399
11220	-8153.48	-8409.913	256.4327	0.7234777	1.295073	0.7357674	8.601908
11226	-8146.599	-8404.054	257.4551	0.7330523	1.295073	0.7057044	8.073321
11232	-8151.745	-8408.903	257.1579	0.819674	1.584573	0.5769586	8.16366
11238	-8135.832	-8392.725	256.893	0.7487698	1.330633	0.6831977	8.364522
11244	-8166.233	-8424.34	258.1068	0.9462422	1.574248	0.7461087	7.470183
11250	-8160.978	-8418.979	258.0005	0.8758495	1.574248	0.7374402	7.570602
11256	-8157.12	-8416.156	259.0355	0.8527553	1.380772	0.7374402	7.104835
11262	-8136.26	-8393.636	257.3753	0.7147572	1.365582	0.7374402	8.073825
11268	-8135.728	-8393.246	257.5181	0.8574329	1.542059	0.7374402	7.850634
11274	-8133.358	-8392.581	259.2231	0.8574329	1.207007	0.7200775	7.090193
11280	-8143.084	-8400.253	257.1693	0.8164338	1.207007	0.7200775	8.21097
11286	-8136.966	-8394.961	257.995	0.8453585	1.543285	0.6676336	7.650172
11292	-8148.792	-8405.674	256.8816	0.7877419	1.270809	0.5991867	8.437864
11298	-8116.749	-8374.809	258.0603	0.7957661	1.489581	0.6429916	7.680698
11304	-8121.513	-8379.68	258.1675	0.7728941	1.415497	0.6429916	7.665436
11310	-8126.346	-8384.173	257.8272	0.8394718	1.451906	0.6429916	7.796952
11316	-8123.726	-8381.564	257.8381	0.868059	1.239898	0.7419531	7.796952
11322	-8117.673	-8376.416	258.7433	0.8338603	1.358348	0.7064999	7.302633
11328	-8120.65	-8379.25	258.6	0.8064801	1.426742	0.8017239	7.302633
11334	-8125.375	-8384.977	259.6016	0.8561896	1.262594	0.8017239	6.807477
11340	-8118.092	-8377.741	259.649	0.8398405	1.529069	0.6173819	6.807477
11346	-8121.218	-8379.532	258.3139	0.8218313	1.579168	0.6173819	7.515636
11352	-8134.628	-8393.013	258.385	0.7799456	1.365221	0.6173819	7.585448
11358	-8130.893	-8389.826	258.9336	0.846816	1.365221	0.6173819	7.255457
11364	-8140.71	-8399.466	258.756	0.866893	1.33329	0.7557974	7.255457
11370	-8162.805	-8422.234	259.4295	0.8659521	1.422884	0.8414093	6.80111
11376	-8146.289	-8404.817	258.5274	0.7972964	1.308274	0.7378785	7.438212
11382	-8149.491	-8406.713	257.2215	0.7346124	1.420328	0.6928526	8.152973
11388	-8139.711	-8397.597	257.8864	0.8162422	1.315302	0.6824769	7.806236
11394	-8146.277	-8404.667	258.3899	0.8058267	1.362065	0.6824769	7.522412
11400	-8140.697	-8398.331	257.6338	0.7225937	1.55673	0.6609714	7.908462
11406	-8115.927	-8375.881	259.9544	0.8710812	1.583741	0.6609714	6.571739
11412	-8128.369	-8386.135	257.766	0.8234222	1.509483	0.8718405	7.664401
11418	-8115.794	-8374.446	258.6528	0.8234222	1.335546	0.7142555	7.361181
11424	-8125.33	-8384.005	258.6747	0.8279633	1.211173	0.7142555	7.402592
11430	-8116.83	-8375.649	258.8191	0.8484466	1.553087	0.6423961	7.221471
11436	-8119.966	-8377.323	257.3577	0.7913003	1.553087	0.6538585	8.025657
11442	-8127.223	-8385.405	258.1817	0.7612402	1.684984	0.7788533	7.466869
11448	-8132.545	-8391.508	258.963	0.8308638	1.333958	0.7345624	7.177503
11454	-8137.565	-8396.456	258.8906	0.8005576	1.64184	0.6434417	7.174631
11460	-8123.321	-8381.251	257.9295	0.80758	1.64184	0.6434417	7.686126
11466	-8126.099	-8384.366	258.2674	0.7625849	1.43128	0.6583415	7.599742
11472	-8147.904	-8407.68	259.7753	0.818798	1.644623	0.6636556	6.672107
11478	-8130.294	-8388.401	258.107	0.7969712	1.360308	0.6636556	7.692784
11484	-8129.388	-8387.497	258.1092	0.7902728	1.502995	0.6220491	7.667873
11490	-8140.709	-8399.716	259.0075	0.8392184	1.413615	0.7480983	7.106303
11496	-8147.898	-8404.62	256.722	0.7567621	1.645408	0.6807762	8.328942
11502	-8141.927	-8399.362	257.4349	0.7988616	1.594744	0.6727936	7.951055
11508	-8148.937	-8406.682	257.745	0.7988616	1.407228	0.6481373	7.876913
11514	-8133.487	-8392.099	258.6118	0.8817761	1.288768	0.7371103	7.356773
11520	-8124.346	-8381.931	257.5849	0.8045666	1.517111	0.7728602	7.829554
11526	-8133.488	-8392.544	259.0553	0.8533384	1.350642	0.6534715	7.165752
11532	-8126.299	-8387.35	261.0504	0.9637905	1.517035	0.6509336	5.95922
11538	-8133.467	-8393.315	259.848	0.9594312	1.588298	0.6848684	6.562485
11544	-8131.191	-8390.035	258.8443	0.8468045	1.488465	0.8233529	7.111274
11550	-8135.548	-8393.688	258.1395	0.8006686	1.488465	0.8233529	7.514308
11556	-8122.388	-8381.12	258.7318	0.8544462	1.447033	0.6325357	7.314339
11562	-8130.039	-8387.86	257.8209	0.8009063	1.478622	0.7162278	7.758202
11568	-8136.746	-8396.375	259.629	0.9084644	1.478622	0.5816481	6.829289
11574	-8126.901	-8385.003	258.1023	0.7234835	1.552011	0.6302627	7.682113
11580	-8134.042	-8392.704	258.6624	0.7778414	1.627541	0.7767955	7.222328
11586	-8135.66	-8393.418	257.7584	0.7785418	1.627541	0.7767955	7.706392
11592	-8144.569	-8402.374	257.8053	0.8327274	1.442452	0.6779749	7.790692
11598	-8134.879	-8392.28	257.4006	0.8424532	1.442452	0.7645218	7.942716
11604	-8143.767	-8404.444	260.6772	0.9477031	1.563212	0.6512483	6.153043
11610	-8141.033	-8398.112	257.0798	0.7722074	1.514209	0.7619131	8.124489
11616	-8139.324	-8398.252	258.9283	0.8479433	1.452275	0.766522	7.116254
11622	-8130.932	-8389.621	258.6893	0.7793116	1.563567	0.7171102	7.270924
11628	-8134.453	-8393.152	258.6989	0.7793116	1.563567	0.7648703	7.233729
11634	-8151.576	-8409.008	257.4321	0.8265711	1.615304	0.6478117	7.948236
11640	-8131.258	-8390.193	258.9352	0.8002665	1.394609	0.7948669	7.143538
11646	-8124.127	-8383.002	258.875	0.8387963	1.630178	0.6752477	7.143538
11652	-8120.108	-8379.125	259.0173	0.8632879	1.53068	0.5923764	7.153939
11658	-8115.894	-8374.911	259.0173	0.8632879	1.53068	0.5923764	7.153939
11664	-8117.44	-8376.453	259.0127	0.8836462	1.539833	0.7281639	7.042591
11670	-8148.117	-8407.652	259.5346	0.9480998	1.487469	0.5963873	6.843551
11676	-8152.06	-8411.594	259.5334	0.8832093	1.487469	0.7841679	6.74555
11682	-8134.175	-8393.297	259.1216	0.8779681	1.636047	0.6966155	6.972397
11688	-8127.695	-8387.126	259.4312	0.8213008	1.730166	0.7465671	6.767624
11694	-8127.289	-8386.913	259.6237	0.9248001	1.348002	0.730622	6.767624
11700	-8124.412	-8384.032	259.6198	0.8319607	1.305832	0.730622	6.83821
11706	-8131.785	-8391.305	259.52	0.8227308	1.481964	0.7086936	6.83821
11712	-8123.748	-8382.056	258.3082	0.8227308	1.481964	0.7086936	7.489626
11718	-8136.516	-8394.984	258.468	0.82434	1.481964	0.7086936	7.403099
11724	-8139.541	-8398.857	259.3164	0.9123142	1.481964	0.7421486	6.876802
11730	-8142.584	-8400.627	258.0433	0.8538527	1.676238	0.6930089	7.55226
11736	-8134.252	-8393.563	259.3106	0.850733	1.746659	0.6143648	6.905877
11742	-8129.798	-8388.888	259.0897	0.8069763	1.636579	0.6143648	7.088049
11748	-8134.009	-8391.775	257.7665	0.768217	1.636579	0.6143648	7.818027
11754	-8141.705	-8399.276	257.5714	0.7368094	1.600266	0.738313	7.864017
11760	-8141.587	-8398.862	257.2751	0.7764263	1.600266	0.6755473	8.044211
11766	-8139.68	-8398.281	258.6016	0.744567	1.600266	0.703861	7.331907
11772	-8142.29	-8399.105	256.8151	0.722359	1.600266	0.7467585	8.26924
11778	-8136.264	-8394.353	258.0887	0.7627035	1.437236	0.5744558	7.756885
11784	-8118.662	-8377.786	259.1241	0.801798	1.437236	0.622107	7.143719
11790	-8154.895	-8413.529	258.6343	0.7823772	1.95474	0.5673076	7.273839
11796	-8146.091	-8402.432	256.3414	0.783107	1.95474	0.5673076	8.497668
11802	-8144.63	-8401.62	256.9899	0.7651272	1.510938	0.6358416	8.264967
11808	-8133.08	-8389.91	256.8295	0.731695	1.548411	0.7637611	8.264967
11814	-8117.064	-8374.865	257.8006	0.7921436	1.294668	0.7622917	7.819682
11820	-8135.797	-8393.449	257.6513	0.8380061	1.752614	0.5727953	7.833443
11826	-8127.392	-8385.634	258.2419	0.7967386	1.484508	0.6285251	7.595783
11832	-8130.417	-8388.147	257.7303	0.7688451	1.512814	0.6543929	7.853954
11838	-8119.666	-8376.96	257.2941	0.7224431	1.580524	0.7482506	8.020418
11844	-8124.654	-8384.161	259.5071	0.8747833	1.457446	0.7704165	6.785297
11850	-8138.197	-8397.407	259.2103	0.8045752	1.457446	0.7029845	7.028699
11856	-8134.86	-8394.22	259.3598	0.8179643	1.340881	0.6486499	7.028699
11862	-8119.659	-8378.602	258.9434	0.7885238	1.538744	0.6486499	7.18777
11868	-8131.474	-8389.772	258.2976	0.7848864	1.538744	0.6576207	7.529601
11874	-8135.792	-8394.452	258.6601	0.7592306	1.378904	0.6576207	7.413398
11880	-8127.993	-8386.412	258.4186	0.8928736	1.378904	0.6576207	7.471209
11886	-8128.824	-8387.332	258.5074	0.845511	1.378904	0.6185231	7.478136
11892	-8136.848	-8396.397	259.5491	0.843386	1.412582	0.6886358	6.853723
11898	-8150.899	-8409.073	258.1743	0.8696564	1.34611	0.713507	7.588805
11904	-8135.797	-8393.994	258.197	0.7881468	1.34611	0.6930209	7.634486
11910	-8153.903	-8411.433	257.5299	0.8104289	1.357444	0.6624233	7.995919
11916	-8139.719	-8397.866	258.1475	0.7924438	1.51023	0.6624233	7.613454
11922	-8134.133	-8393.818	259.6857	0.7952297	1.507229	0.7259495	6.741679
11928	-8133.247	-8391.82	258.5733	0.8323017	1.225108	0.665253	7.482735
11934	-8135.331	-8393.638	258.307	0.828636	1.418622	0.665253	7.543363
11940	-8137.735	-8397.408	259.6737	0.8231634	1.418622	0.665253	6.811715
11946	-8141.649	-8398.365	256.7166	0.7443377	1.418622	0.6122055	8.47584
11952	-8138.031	-8395.376	257.3447	0.7578145	1.614226	0.8184071	7.917091
11958	-8131.945	-8389.48	257.5344	0.8246926	1.614226	0.8184071	7.780089
11964	-8137.686	-8396.714	259.0275	0.8324501	1.567327	0.6401361	7.114281
11970	-8125.45	-8384.886	259.4357	0.7856688	1.426739	0.641574	6.974349
11976	-8123.416	-8381.059	257.6427	0.8568121	1.455469	0.729378	7.823834
11982	-8140.692	-8398.462	257.7706	0.7521018	1.37766	0.6837521	7.874858
11988	-8124.491	-8383.312	258.8212	0.8350876	1.493998	0.6837521	7.220495
11994	-8123.623	-8381.614	257.991	0.7493279	1.409801	0.5933955	7.812433
12000	-8131.096	-8389.752	258.6558	0.8914291	1.428183	0.7277881	7.274915
12006	-8141.091	-8400.113	259.0221	0.7233796	1.428183	0.6984013	7.188739
12012	-8131.29	-8390.575	259.2858	0.8586814	1.428183	0.7170006	6.961132
12018	-8124.137	-8382.161	258.0242	0.803596	1.352942	0.7170006	7.699114
12024	-8114.212	-8372.618	258.4059	0.7854685	1.351016	0.7150964	7.506683
12030	-8118.793	-8377.156	258.3632	0.7626736	1.502974	0.7234395	7.473928
12036	-8119.39	-8379.91	260.5199	0.8843728	1.502974	0.6516454	6.296333
12042	-8120.524	-8379.689	259.1649	0.9049136	1.658434	0.726724	6.90545
12048	-8132.904	-8392.484	259.5793	0.9029815	1.658434	0.6992613	6.701893
12114	-8147.308	-8407.178	259.8697	0.8397334	1.654453	0.6517112	6.614919
12132	-8124.439	-8384.435	259.9967	0.8237508	1.442482	0.6678791	6.625215
12138	-8139.327	-8397.94	258.613	0.8193668	1.546195	0.6678791	7.331683
12144	-8130.834	-8388.938	258.1041	0.7946641	1.303654	0.8324789	7.60773
12180	-8135.454	-8394.041	258.5863	0.8577609	1.397955	0.7956388	7.2982
12186	-8121.795	-8380.126	258.3308	0.7673577	1.590665	0.6276575	7.523655
12204	-8121.214	-8379.968	258.7543	0.8588545	1.390402	0.6310174	7.324312
12210	-8147.058	-8405.884	258.826	0.8054053	1.730944	0.6428783	7.175055
12216	-8135.362	-8394.178	258.816	0.9186259	1.41682	0.6428783	7.239243
12222	-8143.057	-8400.617	257.5605	0.7825429	1.320295	0.7101187	7.976717
12228	-8150.989	-8408.323	257.3341	0.807938	1.357875	0.8217893	7.995229
12234	-8129.203	-8387.077	257.8742	0.848729	1.489728	0.739802	7.6838
12240	-8114.867	-8373.498	258.6311	0.7719577	1.510023	0.6556173	7.370368
12246	-8136.413	-8394.965	258.5521	0.8509744	1.510023	0.6556173	7.370368
12252	-8130.831	-8389.037	258.2064	0.7432452	1.269992	0.6634945	7.707719
12258	-8121.685	-8379.531	257.8467	0.8292082	1.269992	0.6246076	7.882701
12264	-8119.526	-8380.008	260.4827	0.8599967	1.484355	0.6246076	6.357615
12270	-8121.161	-8381.002	259.8415	0.8154406	1.372687	0.788307	6.660271
12276	-8139.426	-8398.281	258.8551	0.8727467	1.611498	0.788307	7.066262
12294	-8135.377	-8392.073	256.6958	0.8203263	1.408194	0.7606452	8.346413
12300	-8129.765	-8389.197	259.4318	0.8203263	1.535274	0.7606452	6.830854
12306	-8139.301	-8398.008	258.707	0.9155594	1.554561	0.7606452	7.162432
12360	-8145.224	-8404.358	259.1336	0.8928559	1.467058	0.5878187	7.104243
12366	-8136.034	-8395.12	259.0862	0.9164718	1.60403	0.5896957	7.062398
12384	-8135.273	-8394.377	259.1036	0.8609336	1.577103	0.747505	6.97849
12420	-8141.593	-8399.17	257.5765	0.73204	1.38968	0.7026345	7.970889
12426	-8133.934	-8393.239	259.3047	0.8458479	1.38968	0.7026345	6.983816
12432	-8117.537	-8376.27	258.7331	0.8338903	1.415725	0.7189499	7.275475
12438	-8124.087	-8382.728	258.6409	0.8150891	1.337932	0.7339949	7.357561
12444	-8130.273	-8389.483	259.2103	0.8023241	1.337932	0.7339949	7.058494
12450	-8143.769	-8402.421	258.6523	0.8654552	1.363881	0.5820824	7.424516
12456	-8139.656	-8398.453	258.7969	0.8406645	1.464153	0.6355501	7.277617
12462	-8133.711	-8393.039	259.3285	0.8406645	1.684224	0.6325577	6.910067
12468	-8128.699	-8387.421	258.7213	0.8319639	1.608005	0.6197782	7.279092
12474	-8125.419	-8384.699	259.2802	0.8319639	1.476135	0.6625335	6.997677
12480	-8126.415	-8386.531	260.1153	0.9173481	1.308148	0.6625335	6.571365
12486	-8119.871	-8380.239	260.368	0.9521866	1.547216	0.7697857	6.241894
12504	-8140.352	-8397.738	257.3855	0.6915909	1.526861	0.6534783	8.074309
12510	-8147.82	-8406.314	258.494	0.8324214	1.514136	0.7306965	7.3571
12516	-8143.591	-8400.437	256.8453	0.7997978	1.421476	0.7306965	8.292156
12522	-8124.709	-8383.596	258.8867	0.7689145	1.421476	0.6014918	7.311246
12528	-8124.709	-8382.429	257.7197	0.7689145	1.562788	0.632663	7.856377
12534	-8122.215	-8381.464	259.2491	0.8305545	1.19201	0.6411621	7.154049
12540	-8142.225	-8401.74	259.5145	0.881613	1.562788	0.6650048	6.808864
12546	-8122.382	-8381.233	258.8503	0.8285826	1.524073	0.6650048	7.21001
12552	-8143.686	-8402.41	258.7238	0.7958868	1.226029	0.6689868	7.418463
12558	-8136.194	-8394.318	258.1241	0.8457081	1.515387	0.7328106	7.546297
12564	-8123.01	-8381.296	258.2867	0.9267388	1.416637	0.8024115	7.409911
12570	-8125.375	-8383.871	258.4959	0.8218364	1.431623	0.7185646	7.402981
12576	-8123.404	-8382.015	258.6105	0.844422	1.522355	0.7798731	7.252389
12582	-8148.578	-8404.772	256.1938	0.781292	1.42696	0.8764086	8.554793
12588	-8149.484	-8407.371	257.8869	0.9321427	1.42696	0.9296223	7.541056
12594	-8126.206	-8383.807	257.6007	0.8227792	1.522355	0.8815172	7.742446
12600	-8117.903	-8374.895	256.9926	0.8189108	1.364842	0.8815172	8.132617
12606	-8126.994	-8385.779	258.7847	0.9079726	1.364842	0.7032399	7.240127
12612	-8139.137	-8397.796	258.6594	0.7911644	1.692146	0.7068162	7.240127
12618	-8118.246	-8376.734	258.4883	0.8270126	1.692146	0.6013457	7.390176
12624	-8138.909	-8398.076	259.1678	0.8563586	1.86223	0.6013457	6.950287
12630	-8128.235	-8387.512	259.2769	0.8045125	1.86223	0.5628551	6.950287
12636	-8123.713	-8382.662	258.9494	0.790633	1.399766	0.5628551	7.305701
12642	-8122.811	-8381.694	258.8838	0.8757435	1.610182	0.4977305	7.267941
12648	-8135.311	-8392.949	257.6371	0.8030058	1.610182	0.6228382	7.871852
12654	-8144.972	-8402.69	257.7177	0.7835919	1.580771	0.6775444	7.810097
12660	-8120.493	-8379.468	258.9753	0.8254518	1.610182	0.697858	7.08819
12666	-8122.122	-8380.161	258.0395	0.7778065	1.610182	0.635038	7.661152
12672	-8134.655	-8392.802	258.1473	0.7237427	1.340633	0.6274552	7.745473
12678	-8137.963	-8397.19	259.227	0.8783207	1.340633	0.568584	7.129829
12684	-8148.386	-8406.096	257.7099	0.8013686	1.490243	0.6268773	7.876696
12690	-8136.269	-8394.951	258.6821	0.904287	1.599041	0.5969243	7.282297
12696	-8133	-8392.745	259.7453	0.8373147	1.719857	0.5969243	6.701638
12702	-8133.286	-8391.064	257.7778	0.7753943	1.719857	0.5969243	7.791688
12708	-8129.659	-8388.968	259.3086	0.9948168	1.719857	0.5403207	6.898449
12714	-8125.552	-8385.361	259.8089	0.8715235	1.625899	0.7005749	6.605923
12720	-8138.856	-8397.606	258.75	0.845833	1.625899	0.7988685	7.125129
12726	-8140.036	-8400.841	260.8053	1.004775	1.625899	0.5665002	6.094771
12732	-8141.871	-8402.476	260.6055	0.9994593	1.703577	0.6736974	6.094771
12738	-8139.391	-8397.168	257.777	0.8109046	1.468787	0.6782785	7.806669
12744	-8146.466	-8404.599	258.1336	0.7860254	1.468787	0.6782785	7.629341
12750	-8137.07	-8395.335	258.2653	0.7771728	1.700053	0.7031687	7.458783
12756	-8137.832	-8396.124	258.2917	0.7824276	1.700053	0.6040639	7.514501
12762	-8156.8	-8416.997	260.1975	0.9401941	1.677459	0.6469406	6.378052
12768	-8144.683	-8402.709	258.0261	0.7664771	1.575296	0.6798241	7.654816
12774	-8133.532	-8391.65	258.1172	0.8405821	1.53442	0.5829235	7.654816
12780	-8139.185	-8396.797	257.6123	0.8838212	1.496033	0.7066865	7.825024
12786	-8124.629	-8383.464	258.8349	0.9227217	1.496033	0.713368	7.14445
12792	-8134.622	-8394.809	260.1869	0.9966522	1.824548	0.7402734	6.234638
12798	-8126.269	-8386.082	259.8133	0.8926796	1.660596	0.5877204	6.663715
12804	-8132.782	-8390.645	257.8632	0.7587185	1.339951	0.6566503	7.857244
12810	-8130.494	-8389.904	259.4103	0.8605066	1.339951	0.6363779	6.988177
12816	-8138.775	-8398.11	259.3352	0.9087982	1.655316	0.5628111	6.93508
12822	-8135.283	-8394.338	259.0556	0.8911879	1.524434	0.7335204	7.017777
12828	-8139.399	-8399.518	260.119	0.9249494	1.362978	0.7335204	6.491287
12834	-8132.728	-8391.706	258.9782	0.8400928	1.576769	0.7335204	7.066783
12840	-8138.159	-8396.223	258.0648	0.8390197	1.370802	0.8747549	7.550677
12846	-8140.758	-8397.025	256.267	0.8204948	1.560476	0.6456591	8.593596
12852	-8139	-8397.321	258.3211	0.8472266	1.351461	0.7560724	7.491279
12858	-8130.882	-8389.057	258.1752	0.7911325	1.581286	0.7560724	7.507388
12864	-8142.205	-8401.892	259.6875	0.918839	1.657695	0.717843	6.622182
12894	-8133.153	-8390.935	257.7814	0.8367225	1.516518	0.6612723	7.783966
12900	-8129.025	-8388.121	259.096	0.9229325	1.455778	0.7134609	7.019901
12906	-8117.885	-8377.152	259.2674	0.9013841	1.417851	0.7134609	6.954754
12912	-8137.084	-8397.601	260.5171	0.9494209	1.695634	0.5885742	6.238014
12918	-8135.698	-8394.478	258.7801	0.8027182	1.510177	0.771813	7.193688
12924	-8143.976	-8403.534	259.5579	0.8839751	1.515931	0.7965164	6.712656
12930	-8126.603	-8385.362	258.7593	0.8730927	1.666294	0.7027916	7.154568
12936	-8130.696	-8388.754	258.0572	0.8564596	1.666294	0.6552623	7.574052
12984	-8148.808	-8408.723	259.9142	0.9698441	1.554405	0.6867505	6.532671
12990	-8138.658	-8396.686	258.0277	0.8351208	1.590956	0.655406	7.628923
12996	-8152.12	-8409.816	257.6954	0.8958415	1.713868	0.6818938	7.710311
13002	-8140.511	-8400.637	260.1259	0.9293973	1.373143	0.7468379	6.471762
13008	-8124.522	-8383.641	259.1193	0.8495793	1.718142	0.7064061	6.952308
13014	-8126.431	-8385.644	259.2121	0.8152225	1.728987	0.6569417	6.952308
13020	-8118.086	-8376.611	258.5249	0.8750433	1.644616	0.6165629	7.35029
13026	-8124.331	-8382.943	258.6118	0.8921945	1.644616	0.6566597	7.264436
13032	-8132.279	-8392.372	260.0927	0.9251078	1.644616	0.6641961	6.442379
13038	-8141.159	-8401.957	260.7974	0.9251078	1.701245	0.6826332	6.025089
13044	-8135.187	-8395.223	260.0362	0.9251078	1.3527	0.7687872	6.516822
13050	-8129.548	-8388.395	258.8467	0.9366602	1.377991	0.7700607	7.140758
13056	-8131.817	-8392.384	260.567	0.9683797	1.354478	0.5973895	6.328283
13062	-8150.041	-8410.783	260.7422	0.9243342	1.373546	0.6092481	6.239512
13068	-8133.507	-8391.281	257.7746	0.8613548	1.373546	0.6719384	7.824501
13074	-8134.91	-8394.9	259.9898	0.9175486	1.468689	0.7302696	6.5235
13080	-8137.488	-8397.332	259.8442	0.920512	1.547748	0.5483686	6.706628
13086	-8130.631	-8390.577	259.9463	0.9011569	1.623014	0.6129736	6.581246
13092	-8114.931	-8373.309	258.377	0.760087	1.628858	0.6129736	7.499707
13098	-8133.957	-8392.59	258.6334	0.874427	1.881833	0.6186327	7.208203
13104	-8125.525	-8384.294	258.7693	0.8039305	1.315483	0.7166063	7.316202
13110	-8122.471	-8381.511	259.0396	0.8675986	1.315483	0.6814535	7.161448
13116	-8137.32	-8395.774	258.4544	0.7961783	1.185209	0.7479778	7.527044
13122	-8144.866	-8403.529	258.6625	0.9174692	1.362685	0.8198099	7.224855
13128	-8153.503	-8410.287	256.7841	0.8385948	1.490201	0.823574	8.21698
13134	-8147.939	-8407.154	259.215	0.9827282	1.428282	0.7657619	6.899593
13140	-8134.763	-8393.196	258.4332	0.925539	1.405672	0.7657619	7.360067
13146	-8129.204	-8387.457	258.2529	0.8473794	1.532581	0.8537166	7.392658
13152	-8123.044	-8381.861	258.817	0.8226929	1.426864	0.6328822	7.293605
13158	-8131.354	-8390.036	258.6821	0.8924305	1.348242	0.608841	7.379767
13164	-8133.175	-8391.875	258.6999	0.9029301	1.497609	0.7830903	7.180584
13170	-8140.63	-8398.94	258.3094	0.877741	1.432238	0.7830903	7.429948
13176	-8132.707	-8391.357	258.6499	0.8171552	1.432238	0.5737593	7.429948
13182	-8145.355	-8402.778	257.4231	0.8217501	1.432238	0.5737593	8.083165
13188	-8128.38	-8387.304	258.9245	0.9674599	1.432238	0.5822557	7.195097
13194	-8123.576	-8384.224	260.6475	0.9674599	1.600597	0.734421	6.084696
13200	-8133.43	-8393.678	260.2483	0.8840188	1.514829	0.734421	6.380296
13206	-8131.133	-8390.142	259.0092	0.7739774	1.465147	0.6073786	7.220459
13212	-8129.406	-8388.54	259.1336	0.8459631	1.489226	0.5408263	7.158988
13218	-8135.919	-8394.808	258.8895	0.8432398	1.489226	0.7156366	7.158988
13224	-8133.901	-8393.079	259.1772	0.8417322	1.460552	0.7156366	7.016472
13230	-8130.98	-8390.409	259.4282	0.8618607	1.633872	0.7117688	6.806004
13236	-8119.708	-8380.17	260.4625	0.8637726	1.633872	0.7117688	6.244909
13242	-8125.306	-8384.34	259.0347	0.8822513	1.633872	0.6788752	7.030307
13248	-8126.092	-8386.072	259.9793	0.9214211	1.587224	0.701373	6.50066
13254	-8111.462	-8369.642	258.1802	0.7694614	1.529782	0.6619546	7.600983
13260	-8116.627	-8374.171	257.5441	0.7264754	1.488025	0.6124438	8.016932
13266	-8126.998	-8386.543	259.5457	0.8531266	1.488025	0.6251863	6.866295
13272	-8118.429	-8377.146	258.7171	0.8136177	1.441906	0.5568157	7.40566
13278	-8125.102	-8384.323	259.221	0.8224148	1.441906	0.6018498	7.094257
13284	-8144.702	-8403.055	258.3524	0.8515885	1.548187	0.714945	7.420257
13290	-8137.145	-8393.758	256.6134	0.7422489	1.548187	0.5429374	8.535788
13296	-8136.891	-8395.9	259.0095	0.7653436	1.548187	0.6710535	7.144685
13302	-8139.108	-8398.134	259.0256	0.8500775	1.441906	0.7003102	7.111782
13308	-8131.951	-8390.045	258.0939	0.8423625	1.441906	0.6727178	7.635209
13314	-8126.09	-8384.612	258.5219	0.8330095	1.6361	0.6727178	7.335942
13320	-8134.093	-8391.182	257.0893	0.7812864	1.6361	0.6405068	8.152835
13326	-8125.802	-8384.173	258.3707	0.8256646	1.580711	0.6405068	7.465132
13332	-8142.468	-8399.536	257.0676	0.7856029	1.593409	0.6101968	8.200668
13338	-8143.422	-8400.072	256.6492	0.8596194	1.429171	0.7063787	8.378043
13350	-8127.581	-8387.334	259.7532	0.9700964	1.64145	0.6784605	6.592661
13356	-8123.826	-8382.306	258.4796	0.8417812	1.550362	0.5889234	7.449219
13362	-8118.014	-8376.807	258.7933	0.8802499	1.625984	0.724876	7.132023
13368	-8127.058	-8384.553	257.4953	0.7810149	1.41621	0.5952711	8.055928
13404	-8141.753	-8401.697	259.9436	0.9588425	1.349802	0.5717562	6.693651
13410	-8142.708	-8402.54	259.8322	0.8268191	1.349802	0.7506743	6.693651
13416	-8157.579	-8415.71	258.1318	0.7927266	1.742857	0.6074013	7.576892
13422	-8135.415	-8393.612	258.1966	0.7530957	1.393246	0.5491664	7.742986
13428	-8130.371	-8389.742	259.371	0.9363143	1.444052	0.6374083	6.92409
13434	-8159.084	-8418.049	258.9648	0.859369	1.581052	0.5990528	7.159704
13440	-8147.503	-8406.176	258.6735	0.8423125	1.670577	0.6871939	7.226649
13446	-8160.173	-8417.147	256.9743	0.781433	1.726925	0.633957	8.186354
13452	-8129.259	-8387.099	257.8397	0.8175607	1.634738	0.5459849	7.80767
13458	-8123.003	-8381.928	258.9251	0.895736	1.634738	0.7999055	7.00014
13464	-8113.598	-8374.731	261.1332	1.015529	1.467324	0.7400794	5.841991
13470	-8111.683	-8370.499	258.816	0.8799778	1.402314	0.70912	7.218515
13476	-8119.876	-8379.099	259.223	0.9136151	1.429871	0.581417	7.065171
13482	-8127.971	-8386.876	258.9052	0.8033873	1.316443	0.6149292	7.316862
13488	-8136.513	-8395.827	259.3141	0.932063	1.374507	0.6149292	7.002995
13494	-8136.619	-8394.875	258.2554	0.8460395	1.505451	0.8152688	7.426191
13500	-8122.434	-8381.077	258.6422	0.8947541	1.449942	0.5904688	7.37194
13506	-8127.588	-8387.399	259.8109	0.9395233	1.61859	0.5999428	6.645562
13512	-8140.894	-8400.832	259.9379	0.982562	1.456646	0.6735247	6.561204
13518	-8135.213	-8394.484	259.2711	0.9313231	1.456646	0.6061824	6.999335
13524	-8127.684	-8386.735	259.0512	0.8007896	1.284851	0.6061824	7.260515
13530	-8121.176	-8380.308	259.1321	0.8144576	1.536506	0.6465412	7.074786
13536	-8126.982	-8385.95	258.9679	0.8630202	1.536506	0.6712449	7.118939
13542	-8129.227	-8388.727	259.5001	0.864363	1.362814	0.6345633	6.929269
13548	-8136.224	-8396.25	260.0261	0.8648223	1.414428	0.6663862	6.599736
13554	-8140.805	-8399.19	258.3849	0.8010625	1.614765	0.7111388	7.407403
13560	-8130.059	-8388.634	258.5751	0.7557378	1.256124	0.7754712	7.433303
13566	-8125.003	-8383.331	258.3281	0.8512401	1.446316	0.7754712	7.433303
13572	-8123.553	-8382.655	259.1019	0.8275444	1.278457	0.7668549	7.107499
13578	-8131.165	-8391.456	260.2903	0.9126447	1.382238	0.641038	6.463073
13584	-8131.734	-8391.449	259.715	0.8410164	1.361496	0.7268668	6.760329
13590	-8131.316	-8390.001	258.6857	0.840376	1.34501	0.6439661	7.380575
13596	-8139.2	-8398.346	259.1461	0.9058571	1.60165	0.6439661	6.995106
13602	-8125.27	-8384.285	259.0144	0.8897145	1.421678	0.7492673	7.07133
13608	-8124.212	-8382.072	257.8605	0.7434721	1.421678	0.7379443	7.775977
13614	-8120.353	-8377.623	257.2698	0.821273	1.539231	0.6676798	8.051846
13620	-8133.126	-8391.234	258.108	0.7666313	1.495585	0.6680682	7.650109
13626	-8132.65	-8391.325	258.6752	0.8963905	1.495585	0.7357135	7.229375
13632	-8125.707	-8383.548	257.8403	0.854837	1.495585	0.6187227	7.782551
13638	-8125.804	-8384.978	259.1733	0.8670645	1.444089	0.7979448	6.957083
13644	-8129.829	-8387.107	257.2781	0.7853121	1.423008	0.7979448	8.025
13650	-8118.189	-8376.121	257.932	0.8125032	1.364069	0.7563867	7.712546
13656	-8118.388	-8377.794	259.4058	0.9492244	1.33676	0.695424	6.901215
13662	-8118.025	-8376.662	258.6366	0.8304637	1.549127	0.6607962	7.317071
13668	-8111.227	-8371.748	260.5215	0.9548515	1.549127	0.6607962	6.232189
13674	-8119.645	-8378.355	258.7094	0.8653017	1.714801	0.6807175	7.183702
13680	-8139.767	-8399.027	259.2598	0.7776487	1.373943	0.6555237	7.085072
13686	-8142.6	-8401.212	258.6119	0.8159399	1.593024	0.6631315	7.319769
13692	-8112.701	-8371.08	258.3785	0.8342502	1.4841	0.6886177	7.458908
13698	-8112.46	-8371.445	258.9849	0.8330546	1.549917	0.7493147	7.066636
13704	-8107.314	-8366.664	259.3503	0.919585	1.549917	0.7572388	6.817863
13710	-8112.156	-8370.433	258.2765	0.8262079	1.531747	0.7572388	7.452472
13716	-8124.779	-8384.979	260.1998	0.9639878	1.322045	0.7574135	6.427988
13722	-8121.335	-8379.546	258.2115	0.7603919	1.613372	0.6886727	7.538285
13728	-8129.909	-8386.205	256.2961	0.7351337	1.399391	0.7303611	8.627635
13734	-8123.494	-8381.138	257.6438	0.7574977	1.483688	0.7203809	7.871114
13740	-8135.873	-8395.679	259.8059	0.9220969	1.469495	0.7122302	6.63269
13746	-8126.031	-8384.915	258.8847	0.8607921	1.469495	0.7122302	7.16234
13752	-8132.047	-8390.67	258.6234	0.8584089	1.325456	0.7122302	7.36396
13758	-8138.024	-8396.435	258.4111	0.8126827	1.657551	0.7219306	7.36396
13764	-8134.098	-8392.308	258.2096	0.770788	1.41815	0.7219306	7.586903
13770	-8127.428	-8386.081	258.6524	0.8331976	1.24215	0.6986072	7.40834
13776	-8120.85	-8379.629	258.7797	0.8565405	1.196139	0.7485545	7.314773
13782	-8122.838	-8381.376	258.5371	0.8843922	1.1526	0.7002345	7.483462
13788	-8141.686	-8401.072	259.3859	0.933735	1.382247	0.7172639	6.885656
13794	-8134.926	-8393.867	258.9413	0.8669953	1.336285	0.7506516	7.157958
13800	-8149.085	-8408.866	259.7818	0.9083659	1.339396	0.7459516	6.684478
13806	-8136.315	-8394.507	258.1913	0.8959303	1.323732	0.6479243	7.621903
13812	-8129.507	-8388.508	259.0016	0.8732419	1.62475	0.624314	7.096599
13818	-8128.234	-8386.96	258.7264	0.8113138	1.62475	0.624314	7.277759
13824	-8135.191	-8393.301	258.1102	0.8194993	1.62475	0.6133029	7.612025
13830	-8125.533	-8383.73	258.1975	0.741257	1.62475	0.6133029	7.607215
13836	-8120.635	-8377.574	256.9392	0.6801399	1.62475	0.6144211	8.310302
13842	-8123.056	-8380.504	257.4477	0.8054957	1.579306	0.5729442	8.021953
13848	-8133.181	-8391.08	257.8988	0.7995705	1.380335	0.5729442	7.863267
13854	-8136.955	-8395.836	258.8806	0.7667684	1.574314	0.7424964	7.153607
13860	-8134.271	-8393.261	258.99	0.822414	1.574314	0.6183722	7.153607
13866	-8135.476	-8391.74	256.2641	0.7574511	1.493019	0.8046734	8.547213
13872	-8144.122	-8400.907	256.7858	0.725222	1.550682	0.6489932	8.369814
13878	-8151.274	-8407.818	256.5439	0.7274866	1.397271	0.663145	8.547629
13884	-8150.506	-8409.304	258.7979	0.8068542	1.523153	0.663145	7.251521
13890	-8136.248	-8395.192	258.9445	0.8172328	1.523153	0.663145	7.167156
13896	-8133.386	-8393.067	259.6812	0.9614177	1.523153	0.663145	6.692454
13902	-8136.871	-8395.729	258.8582	0.8834732	1.260444	0.663145	7.28792
13908	-8122.251	-8381.013	258.7614	0.8050578	1.260444	0.648354	7.392758
13914	-8135.581	-8393.296	257.7154	0.711794	1.438279	0.634534	7.9366
13920	-8129.098	-8387.08	257.982	0.802707	1.352269	0.634534	7.781343
13926	-8133.541	-8391.141	257.6001	0.7339252	1.479186	0.634534	7.969928
13932	-8142.277	-8401.116	258.8391	0.8528999	1.47299	0.5792991	7.288369
13938	-8151.312	-8408.843	257.5314	0.8308861	1.500677	0.7425226	7.870383
13944	-8142.64	-8402.534	259.8938	0.8068867	1.579122	0.5954924	6.690848
13950	-8139.31	-8398.113	258.8033	0.8068867	1.648269	0.6125504	7.239128
13956	-8124.627	-8382.713	258.0866	0.7470599	1.371919	0.6508934	7.734783
13962	-8132.967	-8391.56	258.5932	0.7962069	1.522111	0.6508934	7.376453
13968	-8122.586	-8381.546	258.9598	0.8312159	1.612435	0.6508934	7.126331
13974	-8147.563	-8405.901	258.3378	0.7465004	1.437855	0.6575158	7.56861
13980	-8124.952	-8383.434	258.4824	0.7634207	1.472468	0.6655273	7.462341
13986	-8122.402	-8380.208	257.8056	0.7824497	1.459889	0.6655273	7.819288
13992	-8125.877	-8383.675	257.798	0.792524	1.45654	0.6655273	7.819288
13998	-8125.276	-8383.352	258.0768	0.7624105	1.371381	0.603864	7.767414
14004	-8122.85	-8381.764	258.9141	0.7466252	1.371381	0.7175493	7.244633
14010	-8114.259	-8371.211	256.9513	0.691732	1.227717	0.6602739	8.425601
14016	-8119.918	-8378.575	258.6565	0.778184	1.516157	0.5584299	7.426259
14022	-8126.495	-8384.382	257.887	0.769403	1.562932	0.5584299	7.824684
14028	-8131.074	-8388.994	257.9204	0.7808733	1.52088	0.6428115	7.751346
14034	-8131.225	-8391.225	259.9995	0.8509221	1.52088	0.6428115	6.596032
14040	-8129.372	-8389.07	259.6989	0.8311315	1.28064	0.6118557	6.893204
14046	-8132.1	-8389.655	257.5553	0.7829516	1.50539	0.6890659	7.917906
14052	-8132.389	-8389.506	257.1167	0.8003137	1.454813	0.754026	8.118436
14058	-8121.936	-8380.619	258.6828	0.7568494	1.454813	0.6255828	7.395032
14064	-8149.813	-8410.135	260.3213	0.8310725	1.515614	0.6156132	6.455338
14070	-8136.796	-8394.749	257.9528	0.779645	1.454813	0.6911936	7.725899
14076	-8147.708	-8406.858	259.1495	0.7993419	1.383236	0.6581101	7.126875
14082	-8150.362	-8408.614	258.2526	0.8632065	1.447937	0.6941609	7.52146
14088	-8160.797	-8417.904	257.1077	0.7615336	1.447937	0.7053687	8.179377
14094	-8150.382	-8408.56	258.1777	0.8288144	1.447937	0.6463377	7.61436
14100	-8128.7	-8388.248	259.5477	0.8541531	1.377152	0.6463377	6.894252
14106	-8127.823	-8387.245	259.4222	0.8325738	1.574783	0.6463377	6.894252
14112	-8138.513	-8397.025	258.5122	0.7758387	1.550103	0.6249314	7.439349
14118	-8138.408	-8396.562	258.1538	0.9604833	1.699631	0.6529642	7.456279
14124	-8144.047	-8402.988	258.9411	0.8008414	1.390267	0.7011117	7.204404
14130	-8138.24	-8396.537	258.2974	0.8050522	1.570827	0.7011117	7.475626
14136	-8129.205	-8387.099	257.8948	0.8437049	1.853876	0.7294244	7.550536
14142	-8131.948	-8390.535	258.5876	0.8336432	1.867195	0.5601806	7.305781
14148	-8133.543	-8394.116	260.5733	0.9304567	1.537845	0.5601806	6.300337
14154	-8142.666	-8400.662	257.996	0.8829086	1.484065	0.6541357	7.662465
14160	-8142.067	-8399.903	257.8363	0.7980869	1.403896	0.7251129	7.775671
14166	-8132.773	-8390.968	258.1943	0.8333068	1.403896	0.7251129	7.56534
14172	-8127.212	-8385.384	258.1725	0.8714287	1.382846	0.7251129	7.56534
14178	-8133.613	-8391.844	258.2309	0.7910204	1.411318	0.7251129	7.56534
14184	-8123.129	-8380.044	256.9157	0.7658365	1.527863	0.7290789	8.231726
14190	-8138.997	-8396.853	257.8565	0.816735	1.423834	0.6090532	7.830379
14196	-8133.467	-8391.927	258.4605	0.7843265	1.599659	0.6759082	7.406207
14202	-8128.004	-8386.417	258.4135	0.7715501	1.445358	0.7285679	7.461708
14208	-8133.632	-8393.198	259.5658	0.9185475	1.330785	0.7285679	6.811088
14214	-8132.34	-8391.527	259.1877	0.9129016	1.681344	0.7285679	6.87929
14220	-8147.855	-8407.143	259.2878	0.8761908	1.489553	0.7285679	6.917856
14226	-8140.132	-8399.1	258.9676	0.8731412	1.517187	0.7595002	7.06029
14244	-8131.71	-8391.081	259.3712	0.8567293	1.434936	0.8231564	6.843838
14250	-8126.468	-8384.786	258.3183	0.7683979	1.540567	0.7058952	7.492316
14256	-8141.636	-8400.609	258.9731	0.7927221	1.508256	0.7058952	7.140436
14274	-8121.52	-8380.338	258.8178	0.8630326	1.325881	0.667077	7.288834
14292	-8123.164	-8383.056	259.8915	0.9243214	1.451796	0.7557034	6.562765
14298	-8123.328	-8384.111	260.7832	1.010254	1.422865	0.5847435	6.169132
14304	-8126.59	-8384.75	258.159	0.842528	1.628376	0.6039793	7.579414
14310	-8126.075	-8383.753	257.6775	0.7373754	1.471152	0.72222	7.867608
14316	-8123.99	-8381.991	258.0011	0.8132852	1.698456	0.72222	7.568394
14322	-8115.504	-8374.533	259.0287	0.8566861	1.698456	0.7575013	6.969669
14328	-8115.381	-8375.535	260.1533	0.9456744	1.486499	0.586393	6.518795
14334	-8127.368	-8388.117	260.7495	0.8879924	1.495585	0.6360742	6.184214
14352	-8129.262	-8386.818	257.5568	0.7954798	1.74861	0.62573	7.866835
14358	-8127.26	-8385.203	257.9431	0.8445175	1.415234	0.7168957	7.694649
14364	-8133.012	-8390.991	257.9785	0.8417898	1.396131	0.6131732	7.760071
14382	-8128.582	-8387.942	259.3594	0.8945355	1.46679	0.6864349	6.907855
14388	-8130.907	-8390.807	259.9	0.927376	1.496557	0.6418443	6.618885
14394	-8140.989	-8399.081	258.0921	0.7853994	1.66808	0.6418443	7.602647
14400	-8121.747	-8380.772	259.0249	0.7661732	1.40445	0.7139395	7.163224
14406	-8134.739	-8394.676	259.9376	0.8713381	1.656614	0.7456583	6.493944
14412	-8136.206	-8395.717	259.5114	0.7965305	1.572717	0.6719292	6.847598
14418	-8138.972	-8396.486	257.5149	0.8278955	1.572717	0.6719292	7.901772
14460	-8137.386	-8396.044	258.6577	0.8187547	1.378269	0.5512821	7.465571
14466	-8130.329	-8389.391	259.0622	0.8472354	1.568115	0.7854481	6.986703
14472	-8124.576	-8382.824	258.2476	0.839831	1.286457	0.7854481	7.543774
14478	-8115.943	-8374.271	258.3274	0.869701	1.536108	0.767423	7.393515
14484	-8107.236	-8367.325	260.0885	0.8813943	1.508544	0.7542883	6.457449
14490	-8113.865	-8372.522	258.6568	0.8525817	1.510743	0.7349932	7.257333
14496	-8124.063	-8384.165	260.102	0.9416797	1.489048	0.5168551	6.605869
14502	-8128.431	-8387.994	259.563	0.8240311	1.618433	0.7159029	6.756546
14508	-8120.943	-8380.736	259.7933	0.9721949	1.558479	0.7159029	6.574745
14514	-8112.689	-8371.349	258.6599	0.8007112	1.671865	0.7159029	7.235752
14520	-8125.766	-8385.743	259.9768	0.8564378	1.327442	0.6487613	6.680914
14526	-8127.157	-8386.561	259.4039	0.8354185	1.404175	0.6487613	6.968667
14532	-8125.828	-8383.862	258.0336	0.8318454	1.588633	0.6723437	7.616127
14538	-8123.575	-8381.654	258.0787	0.8690501	1.588633	0.6252905	7.606733
14544	-8129.06	-8387.352	258.2911	0.8431754	1.309783	0.6425399	7.606733
14550	-8117.858	-8376.217	258.3594	0.8625043	1.58565	0.6283795	7.458698
14556	-8126.817	-8385.181	258.3637	0.8833979	1.606909	0.6283795	7.437231
14562	-8132.984	-8391.026	258.0424	0.8365561	1.606909	0.6283795	7.634381
14568	-8135.417	-8392.847	257.4292	0.8157633	1.749109	0.6226297	7.926312
14574	-8144.763	-8401.652	256.8889	0.8066256	1.749109	0.6046702	8.232856
14580	-8122.489	-8380.771	258.282	0.8066256	1.749109	0.7316763	7.397181
14586	-8133.98	-8392.214	258.2341	0.8066256	1.749109	0.7704282	7.397181
14592	-8109.594	-8367.632	258.0379	0.8654733	1.319523	0.6107276	7.749975
14598	-8115.851	-8375.02	259.1686	0.9277902	1.319523	0.6107276	7.11043
14604	-8133.092	-8394.827	261.7348	1.052146	1.30757	0.6107276	5.655531
14652	-8146.265	-8404.916	258.6504	0.8644369	1.638116	0.6303681	7.280533
14658	-8136.38	-8395.473	259.0926	0.8644369	1.883695	0.6303681	6.956995
14664	-8127.817	-8388.401	260.5838	0.9550478	1.492067	0.6303681	6.243608
14670	-8129.594	-8391.004	261.4104	1.016117	1.492067	0.6303681	5.759412
14676	-8123.943	-8383.347	259.4032	0.9332123	1.579205	0.6303681	6.860518
14682	-8137.845	-8397.008	259.163	0.8296025	1.450422	0.7817628	6.990658
14688	-8134.865	-8395.794	260.9292	0.9171252	1.450422	0.63321	6.091008
14694	-8130.963	-8390.109	259.1465	0.8127348	1.415484	0.6205357	7.135961
14700	-8122.312	-8382.839	260.5267	0.9532457	1.415484	0.7175604	6.243478
14706	-8125.168	-8383.947	258.7783	0.8870547	1.415484	0.7175604	7.22369
14712	-8133.279	-8393.258	259.9784	0.863987	1.372632	0.7175604	6.607226
14718	-8122.731	-8382.352	259.6211	0.8612825	1.376614	0.6199546	6.870968
14724	-8130.119	-8386.818	256.6995	0.7773698	1.376915	0.6748797	8.438527
14730	-8122.032	-8379.669	257.6371	0.8371436	1.376915	0.6399113	7.932731
14736	-8123.416	-8380.931	257.5148	0.8472013	1.378141	0.6378124	7.993635
14742	-8111.165	-8369.792	258.6264	0.8472013	1.378141	0.7571175	7.315583
14748	-8110.617	-8369.87	259.2529	0.851911	1.264152	0.6969707	7.066923
14754	-8125.734	-8385.754	260.0203	0.9223232	1.264152	0.6107775	6.678733
14760	-8118.29	-8376.012	257.7214	0.8679194	1.630914	0.7090172	7.722351
14766	-8124.555	-8382.4	257.8444	0.8254578	1.478753	0.7311033	7.722351
14784	-8122.946	-8382.182	259.2362	0.8636918	1.341894	0.6489196	7.069989
14790	-8130.088	-8387.898	257.8098	0.8173843	1.398245	0.6420811	7.840606
14796	-8141.482	-8400.151	258.6692	0.8258786	1.439283	0.7520993	7.282107
14802	-8124.508	-8381.333	256.8252	0.7550382	1.457816	0.5713482	8.428549
14808	-8112.882	-8371.915	259.0327	0.8511276	1.245671	0.5713482	7.288597
14814	-8127.704	-8385.939	258.2348	0.8518433	1.155765	0.6745434	7.679332
14820	-8139.192	-8398.345	259.153	0.8516492	1.357545	0.7472013	7.045499
14826	-8136.557	-8396.158	259.6005	0.8334217	1.425403	0.6376988	6.863267
14832	-8148.312	-8407.202	258.8902	0.7801585	1.309946	0.6268908	7.331123
14838	-8142.193	-8400.647	258.4533	0.7970639	1.527733	0.6549562	7.445861
14844	-8132.478	-8391.578	259.1005	0.8774775	1.484675	0.6697955	7.061249
14850	-8128.621	-8387.497	258.876	0.8177151	1.484675	0.6697955	7.214043
14856	-8142.352	-8401.177	258.8243	0.7384463	1.424894	0.7015653	7.286025
14862	-8127.591	-8386.608	259.0164	0.8897003	1.430968	0.7015653	7.099019
14868	-8125.7	-8386.084	260.3839	0.9653184	1.5462	0.8268087	6.189814
14874	-8137.295	-8397.772	260.4769	0.9712181	1.413019	0.8268087	6.189814
14880	-8135.311	-8394.518	259.207	0.8658909	1.694347	0.7348808	6.885206
14886	-8133.947	-8392.67	258.7223	0.8798383	1.340467	0.7976306	7.236403
14892	-8151.272	-8410.365	259.0931	0.821119	1.230912	0.6575991	7.212754
14898	-8140.286	-8399.66	259.374	0.8601844	1.513046	0.6889383	6.8983
14904	-8140.192	-8398.574	258.3816	0.757625	1.371962	0.6889383	7.543915
14910	-8141.009	-8397.776	256.7673	0.7038259	1.443695	0.682023	8.409186
14916	-8135.797	-8394.912	259.1149	0.8976697	1.434345	0.5711775	7.138282
14922	-8141.947	-8400.858	258.9108	0.8432412	1.656038	0.5711775	7.191661
14928	-8132.751	-8391.45	258.6987	0.8098167	1.632382	0.5711775	7.332183
14934	-8140.673	-8399.847	259.1748	0.9230899	1.603279	0.7160968	6.918066
14952	-8127.97	-8387.415	259.4449	0.8843369	1.457443	0.643411	6.902363
14958	-8127.566	-8386.05	258.4842	0.8604132	1.314432	0.643411	7.491464
14964	-8128.675	-8388.112	259.4375	0.8703256	1.359323	0.6072923	6.982129
14970	-8133.224	-8392.52	259.2963	0.7899454	1.438571	0.6715823	7.020258
14976	-8128.688	-8388.257	259.5686	0.8105256	1.511612	0.7059603	6.808696
14982	-8117.06	-8376.043	258.9828	0.8217199	1.558379	0.6002904	7.177947
14988	-8119.138	-8377.899	258.7602	0.8055435	1.384422	0.5786828	7.392846
14994	-8113.778	-8372.685	258.9068	0.8055435	1.384422	0.7228075	7.207812
15000	-8117.002	-8374.858	257.8564	0.8348299	1.529384	0.6206228	7.770008
15006	-8128.29	-8386.836	258.5463	0.890797	1.448581	0.5600383	7.45052
15012	-8124.978	-8383.449	258.4709	0.9273822	1.598652	0.5039509	7.460555
15018	-8120.853	-8380.428	259.575	0.9183552	1.366302	0.7199395	6.796848
15024	-8125.454	-8383.893	258.4391	0.8941457	1.715453	0.7239153	7.283065
15030	-8114.932	-8373.083	258.1513	0.7933647	1.380205	0.7417424	7.608422
15036	-8126.962	-8383.744	256.7814	0.7145778	1.384068	0.7417424	8.379509
15042	-8123.417	-8380.511	257.0936	0.8012263	1.671714	0.5960661	8.160725
15048	-8125.245	-8383.764	258.5184	0.8115308	1.671714	0.6200771	7.375281
15054	-8119.411	-8377.741	258.33	0.782322	1.451694	0.5576041	7.625165
15060	-8139.43	-8398.031	258.6013	0.7979203	1.451463	0.7077568	7.358612
15066	-8128.032	-8385.847	257.8156	0.8093963	1.532065	0.7471837	7.714731
15072	-8131.954	-8389.185	257.2315	0.7475862	1.532065	0.7471837	8.059509
15078	-8125.711	-8383.578	257.8669	0.7485067	1.532065	0.7703611	7.704631
15084	-8124.699	-8383.213	258.5136	0.7576006	1.359729	0.7703611	7.423259
15090	-8128.766	-8386.872	258.1057	0.7683148	1.398648	0.7703611	7.619693
15096	-8148.334	-8406.603	258.2684	0.8049913	1.621433	0.87555	7.360343
15102	-8136.626	-8395.383	258.7568	0.8575289	1.513301	0.6659305	7.248231
15108	-8141.774	-8399.977	258.2028	0.7728518	1.513301	0.6495889	7.602542
15114	-8138.35	-8396.333	257.983	0.8353639	1.59323	0.7254943	7.602542
15120	-8135.578	-8393.632	258.0538	0.739965	1.520234	0.7254943	7.643573
15126	-8137.492	-8396.631	259.1393	0.8288354	1.469766	0.6890013	7.058747
15132	-8138.313	-8397.615	259.3019	0.9132682	1.578254	0.6687819	6.897792
15138	-8141.914	-8401.956	260.0422	0.9209535	1.320573	0.6408798	6.619576
15144	-8137.691	-8397.154	259.463	0.8882321	1.387885	0.7302317	6.857371
15162	-8127.659	-8385.971	258.3122	0.7924895	1.499667	0.7361978	7.47794
15168	-8149.029	-8407.361	258.332	0.8667701	1.402077	0.7361978	7.466908
15174	-8151.191	-8409.541	258.3506	0.8020814	1.417844	0.7636619	7.466908
15180	-8141.494	-8401.281	259.7873	0.88332	1.673327	0.6048707	6.664602
15186	-8139.247	-8397.799	258.5521	0.8019635	1.507417	0.6952331	7.369306
15192	-8132.102	-8389.612	257.5104	0.7515816	1.507417	0.6868253	7.959409
15198	-8134.817	-8392.476	257.6592	0.8277366	1.347918	0.6116961	7.959409
15204	-8133.207	-8390.741	257.5335	0.7805408	1.494046	0.6376377	7.972428
15210	-8132.2	-8392.639	260.4391	0.914092	1.415529	0.613024	6.389017
15216	-8128.441	-8386.497	258.0557	0.8651955	1.389574	0.6817596	7.658468
15222	-8123.908	-8384.244	260.3354	0.8794205	1.474255	0.7349923	6.351354
15228	-8124.379	-8384.585	260.2053	0.9486702	1.474255	0.6887119	6.416642
15234	-8129.81	-8389.019	259.2091	0.8718032	1.415498	0.6982804	7.013593
15240	-8126.341	-8385.426	259.0849	0.8418098	1.415498	0.6982804	7.096607
15246	-8130.242	-8388.644	258.4014	0.8044216	1.418651	0.7700101	7.433918
15252	-8134.892	-8393.422	258.5296	0.8001794	1.418651	0.7723797	7.365943
15258	-8119.385	-8377.352	257.9664	0.7909863	1.418651	0.6973166	7.722942
15264	-8131.286	-8389.565	258.2793	0.8157492	1.441297	0.6973166	7.533054
15270	-8124.624	-8382.997	258.3724	0.7539711	1.518226	0.6420742	7.525468
15276	-8125.927	-8384.18	258.2528	0.8432845	1.560242	0.6420742	7.525468
15282	-8133.149	-8390.833	257.6843	0.8055784	1.627708	0.6596102	7.811569
15288	-8144.997	-8402.723	257.726	0.7360822	1.668452	0.6596102	7.811569
15294	-8117.428	-8375.116	257.6875	0.8333521	1.443209	0.6237237	7.892719
15300	-8133.965	-8391.626	257.6612	0.8355431	1.686406	0.7649736	7.714146
15306	-8138.326	-8396.787	258.4608	0.8056721	1.44958	0.77574	7.385093
15312	-8136.898	-8395.323	258.4245	0.8636401	1.473787	0.7136581	7.405195
15318	-8144.215	-8402.298	258.0831	0.859676	1.473787	0.7283594	7.580198
15324	-8129.915	-8388.179	258.2637	0.848132	1.473787	0.7283594	7.489651
15330	-8137.605	-8395.707	258.1022	0.934879	1.54034	0.7491434	7.489651
15336	-8128.687	-8386.511	257.8243	0.7832928	1.351562	0.7491434	7.795783
15342	-8136.028	-8393.987	257.9593	0.8630047	1.637632	0.703914	7.598759
15348	-8134.073	-8391.817	257.7441	0.7346966	1.469675	0.703914	7.846602
15354	-8146.292	-8403.706	257.4134	0.7731195	1.510691	0.6032157	8.059955
15360	-8152.117	-8408.672	256.5542	0.7641649	1.490604	0.7211252	8.444759
15366	-8135.445	-8392.767	257.3227	0.7702075	1.288232	0.6203708	8.188682
15372	-8146.113	-8404.968	258.8551	0.8351047	1.506292	0.7078438	7.180497
15378	-8137.954	-8394.571	256.6165	0.7403916	1.506292	0.7078438	8.427178
15384	-8147.312	-8405.529	258.2162	0.8635292	1.389644	0.6927513	7.565673
15390	-8133.401	-8391.837	258.4355	0.8438212	1.42847	0.7077272	7.432326
15396	-8126.589	-8384.304	257.7153	0.7820958	1.360402	0.7077272	7.878884
15402	-8132.59	-8390.728	258.1381	0.791971	1.317849	0.6926372	7.676384
15408	-8125.5	-8383.873	258.3728	0.8001378	1.407057	0.7291995	7.483421
15414	-8126.458	-8384.842	258.3847	0.8537085	1.407057	0.6441138	7.508561
15420	-8128.078	-8386.415	258.3367	0.7775078	1.381763	0.5528593	7.656783
15426	-8120.856	-8379.241	258.3854	0.8652438	1.381325	0.5528593	7.583929
15432	-8129.358	-8388.694	259.3366	0.8528009	1.29053	0.5206291	7.146661
15438	-8133.746	-8393.229	259.4826	0.8181307	1.29053	0.6122747	7.012003
15444	-8125.485	-8383.402	257.917	0.7616084	1.232565	0.6905042	7.850198
15450	-8122.966	-8381.504	258.5385	0.8258262	1.358361	0.5776681	7.512571
15456	-8125.394	-8383.595	258.2008	0.7942743	1.519526	0.7039323	7.550914
15462	-8120.342	-8378.454	258.1125	0.8320185	1.509873	0.7493472	7.550914
15468	-8121.896	-8380.046	258.1494	0.8320185	1.509873	0.7493472	7.531185
15474	-8130.744	-8389.136	258.3919	0.8791878	1.470407	0.7493472	7.391548
15480	-8139.667	-8398.992	259.3251	0.8498861	1.508725	0.6905491	6.930767
15486	-8150.306	-8406.356	256.0503	0.6944614	1.508725	0.6905491	8.763196
15492	-8133.11	-8391.724	258.6138	0.7899174	1.508725	0.6905491	7.345483
15498	-8143.88	-8401.036	257.1553	0.6921417	1.508725	0.6905491	8.177252
15504	-8144.575	-8402.327	257.7528	0.7342743	1.584022	0.615735	7.861951
15510	-8126.302	-8383.505	257.2027	0.7645076	1.572937	0.6532429	8.115476
15516	-8125.444	-8383.334	257.8893	0.781276	1.397932	0.6442003	7.815975
15522	-8128.299	-8386.132	257.8324	0.7956634	1.386668	0.6629549	7.829657
15528	-8130.29	-8389.673	259.3829	0.8507122	1.327285	0.6629549	6.994021
15534	-8122.624	-8380.892	258.2684	0.8507122	1.570005	0.6151477	7.5297
15540	-8122.011	-8380.141	258.1306	0.821236	1.520553	0.7693718	7.5297
15546	-8122.282	-8380.374	258.092	0.8188591	1.577784	0.7693718	7.5297
15552	-8123.183	-8383.022	259.8398	0.8763428	1.552458	0.6154422	6.677155
15558	-8120.922	-8379.596	258.6746	0.8934223	1.553959	0.8021531	7.165165
15564	-8129.208	-8388.856	259.6483	0.9032594	1.553959	0.8829251	6.585314
15570	-8132.198	-8391.238	259.04	0.9016092	1.331161	0.6315225	7.17274
15576	-8126.898	-8385.981	259.0832	0.9253158	1.305534	0.7704581	7.050612
15582	-8134.194	-8393.289	259.095	0.9174399	1.284475	0.6889132	7.113228
15588	-8132.387	-8392.824	260.4379	0.9698795	1.255602	0.7880155	6.305231
15594	-8133.647	-8393.275	259.6289	0.8695408	1.280767	0.6269374	6.898643
15600	-8139.771	-8398.995	259.2241	0.8706354	1.49706	0.5273511	7.105375
15606	-8137.312	-8394.845	257.5337	0.9095603	1.49706	0.6807574	7.870957
15612	-8134.436	-8392.247	257.8117	0.8187778	1.532896	0.6470851	7.781371
15618	-8127.466	-8386.622	259.1554	0.8468557	1.622929	0.6470851	7.011602
15624	-8129.803	-8389.046	259.2433	0.8698683	1.488212	0.6470851	7.003701
15630	-8141.225	-8401.294	260.0689	0.9503848	1.603056	0.6919291	6.437075
15636	-8137.955	-8397.116	259.1616	0.8172821	1.603056	0.6450709	7.033091
15642	-8121.501	-8379.819	258.3179	0.8026858	1.412031	0.6293855	7.580588
15648	-8128.698	-8388.137	259.4392	0.7680806	1.340755	0.6506113	7.011401
15654	-8122.271	-8381.129	258.8582	0.7994869	1.376459	0.7324347	7.233982
15660	-8136.327	-8396.15	259.8233	0.9040266	1.482662	0.5256819	6.77172
15666	-8131.659	-8391.958	260.2991	0.8691773	1.428137	0.6353727	6.466903
15672	-8116.239	-8375.101	258.8618	0.8108017	1.258475	0.630684	7.349883
15678	-8119.678	-8379.333	259.6547	0.8287557	1.258475	0.5869664	6.947779
15684	-8128.819	-8386.82	258.0004	0.8619262	1.593769	0.6002002	7.669695
15690	-8134.563	-8393.384	258.8212	0.9105839	1.593769	0.644428	7.169983
15696	-8154.162	-8413.093	258.9315	0.8273816	1.518382	0.6990339	7.144955
15702	-8134.294	-8392.916	258.6228	0.7608439	1.355019	0.6064209	7.481053
15708	-8136.507	-8394.59	258.0823	0.7988243	1.544224	0.667333	7.628249
15714	-8129.76	-8388.731	258.9713	0.8279085	1.544224	0.6975448	7.114308
15720	-8123.392	-8381.858	258.4669	0.8738916	1.544224	0.6975448	7.360499
15726	-8133.719	-8390.739	257.0193	0.7467843	1.544224	0.7419765	8.171803
15732	-8131.013	-8388.991	257.9781	0.8243878	1.569319	0.602514	7.709135
15738	-8139.642	-8399.047	259.4042	0.8879382	1.534487	0.6885362	6.858932
15744	-8130.012	-8389.153	259.1418	0.8933976	1.643146	0.6885362	6.9563
15750	-8128.445	-8386.017	257.5719	0.7574456	1.476734	0.6277001	7.978479
15756	-8121.196	-8379.265	258.0688	0.842224	1.476734	0.6277001	7.667805
15762	-8135.405	-8393.984	258.5791	0.839863	1.427102	0.6277001	7.415825
15768	-8123.141	-8381.609	258.4683	0.8562836	1.554919	0.6277001	7.415825
15774	-8135.399	-8393.496	258.097	0.824339	1.614425	0.6962091	7.559676
15780	-8117.301	-8374.194	256.893	0.7878685	1.362881	0.8067821	8.248163
15786	-8116.46	-8373.954	257.4935	0.831489	1.362881	0.6562254	8.00628
15792	-8128.243	-8385.714	257.4717	0.7790156	1.384961	0.7761424	7.95467
15798	-8120.937	-8378.51	257.5728	0.7790156	1.564477	0.5986635	7.95467
15804	-8119.447	-8376.974	257.5278	0.7479879	1.430672	0.7273506	7.95467
15810	-8124.17	-8382.575	258.4056	0.8570053	1.404678	0.6575848	7.486645
15816	-8124.677	-8383.335	258.6583	0.8270236	1.418873	0.6944599	7.335021
15822	-8147.777	-8405.828	258.0513	0.7485327	1.540791	0.6948793	7.653498
15828	-8142.218	-8400.233	258.0146	0.717877	1.640582	0.6927918	7.653498
15840	-8158.337	-8418.22	259.8829	0.9030752	1.652264	0.5887652	6.622642
15846	-8143.074	-8403.068	259.9939	0.9246831	1.496893	0.6685953	6.549636
15852	-8127.288	-8385.944	258.6556	0.8728913	1.544773	0.6690853	7.279802
15858	-8118.814	-8377.559	258.7449	0.8599291	1.441205	0.6690853	7.279802
15864	-8120.321	-8378.724	258.4023	0.8412278	1.441205	0.6690853	7.473572
15870	-8133.695	-8392.108	258.4126	0.8412278	1.441205	0.7685254	7.399932
15876	-8135.877	-8393.993	258.1161	0.7951886	1.441205	0.692214	7.635005
15882	-8143.93	-8402.123	258.1924	0.8571586	1.51258	0.6956122	7.530216
15888	-8126.489	-8385.287	258.7983	0.8786547	1.51258	0.6956122	7.19365
15894	-8129.191	-8388.188	258.9968	0.8621777	1.51258	0.6956122	7.095838
15900	-8121.797	-8381.639	259.8419	0.8293306	1.51258	0.6007881	6.728393
15906	-8114.996	-8373.404	258.4087	0.8827408	1.421609	0.6007881	7.507021
15912	-8130.51	-8389.034	258.5236	0.7218492	1.455031	0.6502856	7.480661
15918	-8136.313	-8394.354	258.0413	0.8355307	1.668345	0.6502856	7.596659
15924	-8130.822	-8387.835	257.0132	0.8350686	1.470368	0.6297579	8.235807
15930	-8135.345	-8392.452	257.1065	0.806358	1.757185	0.6807126	8.058177
15936	-8138.173	-8396.513	258.3401	0.8104994	1.525365	0.6807126	7.48163
15942	-8150.283	-8409.863	259.5797	0.8550309	1.462717	0.6517514	6.837146
15948	-8135.394	-8394.905	259.5108	0.8373658	1.462717	0.6421163	6.890973
15960	-8140.405	-8398.35	257.9449	0.753317	1.425976	0.7170309	7.737957
15966	-8136.727	-8396.035	259.3085	0.838094	1.425976	0.6274006	7.025592
15972	-8149.68	-8408.319	258.6385	0.8854395	1.386081	0.6274006	7.376726
15978	-8131.878	-8390.578	258.6997	0.8199365	1.681669	0.7521981	7.175977
15984	-8129.198	-8388.944	259.7461	0.8398582	1.444294	0.5979301	6.80404
15990	-8129.911	-8387.766	257.8542	0.8637351	1.444294	0.7241002	7.715184
15996	-8144.892	-8402.611	257.7189	0.7684259	1.444294	0.7241002	7.838397
16002	-8121.584	-8380.198	258.6136	0.9147096	1.444294	0.7241002	7.281045
16008	-8129.345	-8388.065	258.7202	0.8625126	1.444294	0.6531811	7.302003
16014	-8120.176	-8376.52	256.3444	0.7687265	1.637278	0.6531811	8.54598
16020	-8117.894	-8375.837	257.9427	0.7235894	1.637791	0.7329021	7.662354
16026	-8127.368	-8384.755	257.3876	0.762853	1.637791	0.640462	8.003079
16032	-8125.51	-8382.601	257.0909	0.7720387	1.705081	0.5293285	8.21988
16038	-8124.072	-8382.297	258.2248	0.7818861	1.589935	0.7890217	7.461125
16044	-8112.583	-8370.76	258.1769	0.8265509	1.584994	0.7946494	7.461125
16050	-8125.335	-8383.936	258.601	0.7357745	1.507957	0.5842503	7.461125
16056	-8124.055	-8381.278	257.2223	0.8093038	1.507957	0.5842503	8.158359
16062	-8140.619	-8398.208	257.5884	0.8401315	1.441902	0.5722155	7.982561
16068	-8146.49	-8405.011	258.5218	0.8063076	1.368509	0.6650105	7.461309
16074	-8125.827	-8384.829	259.0012	0.8459776	1.539622	0.6489146	7.125298
16080	-8138.193	-8397.713	259.5197	0.8679178	1.494872	0.6489146	6.851777
16086	-8143.153	-8401.059	257.9061	0.8123427	1.424332	0.7137025	7.730136
16092	-8140.699	-8400.499	259.7996	0.9675727	1.426341	0.648599	6.674789
16098	-8125.069	-8383.622	258.5537	0.8328457	1.426341	0.6646944	7.406156
16104	-8130.031	-8388.762	258.7308	0.8631113	1.496002	0.8032977	7.173124
16110	-8130.729	-8387.776	257.047	0.7825676	1.469987	0.7470811	8.163536
16116	-8131.288	-8389.907	258.6193	0.8452166	1.534231	0.7759707	7.245162
16122	-8135.01	-8391.578	256.5678	0.7619706	1.389933	0.868172	8.386343
16128	-8149.981	-8407.049	257.0685	0.715494	1.411855	0.6797189	8.257322
16134	-8133.494	-8390.14	256.6459	0.718359	1.45617	0.6591871	8.477262
16140	-8126.231	-8384.275	258.0441	0.7824432	1.191283	0.6591871	7.812601
16146	-8112.191	-8371.41	259.2189	0.8878814	1.437781	0.6591871	7.018525
16152	-8110.332	-8369.586	259.2548	0.8453838	1.606716	0.6042911	6.997428
16158	-8122.546	-8380.249	257.7029	0.8474346	1.606716	0.7152794	7.747819
16164	-8120.761	-8380.415	259.6544	0.8626173	1.346229	0.6526259	6.840651
16170	-8118.959	-8378.336	259.3767	0.8861095	1.346229	0.5633127	7.047001
16176	-8135.126	-8392.262	257.1361	0.7574039	1.609805	0.8006877	8.041271
16182	-8126.755	-8384.186	257.4314	0.7733812	1.279992	0.7154815	8.064435
16188	-8118.426	-8377.251	258.8247	0.7968508	1.348204	0.6197628	7.346174
16194	-8117.579	-8376.289	258.7102	0.8523673	1.41142	0.6197628	7.351223
16200	-8122.442	-8381.314	258.8712	0.81954	1.41142	0.7674762	7.178325
16206	-8114.674	-8373.586	258.9124	0.8330681	1.636822	0.801584	7.038865
16212	-8125.366	-8385.326	259.9607	0.8537527	1.461659	0.6363053	6.644022
16218	-8128.09	-8387.857	259.7669	0.8444907	1.561877	0.6324545	6.717153
16224	-8133.331	-8392.143	258.8112	0.7458655	1.257263	0.8541918	7.26222
16230	-8119.649	-8378.009	258.36	0.8149723	1.30272	0.6190117	7.605713
16236	-8117.17	-8377.265	260.0954	0.8447443	1.492173	0.698433	6.518418
16242	-8123.446	-8382.081	258.6352	0.8406231	1.480814	0.698433	7.312257
16248	-8129.992	-8388.994	259.0023	0.8955729	1.412905	0.698433	7.113051
16254	-8115.478	-8372.793	257.3159	0.8678342	1.380464	0.6169141	8.103413
16260	-8123.833	-8381.97	258.1368	0.8719703	1.38048	0.553672	7.713008
16266	-8130.455	-8387.122	256.6676	0.8238441	1.38048	0.7492805	8.37844
16272	-8128.328	-8386.359	258.0318	0.7720166	1.412928	0.6995255	7.698941
16278	-8121.686	-8378.893	257.2074	0.8002949	1.598675	0.5918693	8.130581
16284	-8131.876	-8390.952	259.0761	0.8418132	1.476423	0.6983509	7.076535
16290	-8120.319	-8378.675	258.3562	0.8015947	1.56316	0.6983509	7.450833
16296	-8130.875	-8389.678	258.8028	0.9103155	1.678294	0.6894513	7.116182
16302	-8135.568	-8392.707	257.1392	0.7596585	1.606139	0.7007128	8.105767
16308	-8130.345	-8387.632	257.2867	0.7933275	1.570322	0.5879158	8.105767
16314	-8139.921	-8397.274	257.3528	0.7519501	1.535698	0.5879158	8.105767
16320	-8138.117	-8397.231	259.1141	0.8896668	1.535698	0.6809939	7.019232
16326	-8140.822	-8399.532	258.7102	0.8617563	1.611896	0.6935144	7.213564
16332	-8131.189	-8389.013	257.8241	0.7699708	1.664002	0.624462	7.768674
16338	-8130.924	-8388.924	258	0.8006824	1.574302	0.5280141	7.768674
16344	-8139.463	-8397.038	257.575	0.8004094	1.574302	0.6518409	7.898288
16350	-8145.43	-8403.227	257.797	0.7803881	1.584082	0.7053611	7.748683
16356	-8148.561	-8407.268	258.7067	0.8394616	1.658507	0.6078943	7.273368
16362	-8136.735	-8395.653	258.9181	0.8844798	1.577243	0.6078943	7.165843
16368	-8128.372	-8387.171	258.7986	0.8439419	1.623765	0.7174192	7.154633
16374	-8135.741	-8395.92	260.1794	0.9022806	1.643467	0.567486	6.483073
16380	-8142.596	-8400.111	257.5147	0.8526794	1.440497	0.7363627	7.895734
16386	-8132.289	-8389.427	257.1377	0.7077685	1.450381	0.7452954	8.164084
16392	-8119.576	-8378.266	258.6903	0.9151355	1.450381	0.7452954	7.222864
16398	-8130.967	-8390.106	259.1396	0.9151355	1.619477	0.6051685	7.016462
16404	-8136.791	-8396.086	259.2948	0.9252881	1.619477	0.6051685	6.927408
16410	-8128.852	-8386.211	257.3589	0.8310938	1.525516	0.667693	8.004355
16416	-8124.743	-8382.202	257.4585	0.7962433	1.514414	0.582347	8.038461
16422	-8137.151	-8394.957	257.8066	0.8670265	1.335489	0.6422957	7.842077
16428	-8146.797	-8405.361	258.5648	0.8475692	1.514964	0.6422957	7.373279
16434	-8135.293	-8393.808	258.5151	0.8005786	1.652277	0.6422957	7.373279
16440	-8134.224	-8391.705	257.4818	0.8325576	1.567982	0.6328707	7.947268
16446	-8129.159	-8388.412	259.2529	0.8844555	1.662206	0.6328707	6.934967
16452	-8136.136	-8395.387	259.2515	0.8368937	1.539352	0.7674173	6.913073
16458	-8145.476	-8403.566	258.0902	0.7525604	1.438198	0.7674173	7.622086
16464	-8130.783	-8388.551	257.7681	0.7942926	1.438198	0.7248819	7.800238
16470	-8125.48	-8383.171	257.6907	0.7708687	1.438198	0.6821321	7.883685
16476	-8110.589	-8368.102	257.5132	0.8297509	1.438198	0.7256329	7.916933
16482	-8136.147	-8394.087	257.9399	0.8213551	1.445168	0.7086134	7.702256
16488	-8143.053	-8401.172	258.1185	0.7929239	1.365945	0.7086134	7.654679
16494	-8133.553	-8391.417	257.864	0.7207832	1.365945	0.7086134	7.829252
16500	-8128.15	-8385.374	257.2236	0.7067762	1.527266	0.6776251	8.134978
16506	-8135.876	-8395.941	260.0647	0.8178235	1.527266	0.5739721	6.629835
16512	-8129.735	-8389.274	259.5383	0.8255806	1.527266	0.8111571	6.741027
16518	-8119.354	-8377.571	258.2168	0.8153821	1.527266	0.6682923	7.55322
16524	-8128.855	-8387.155	258.3002	0.7424616	1.467509	0.6935154	7.55322
16530	-8135.5	-8393.277	257.7762	0.7885969	1.54575	0.6935154	7.77821
16536	-8131.585	-8391.311	259.7259	0.860978	1.608252	0.6935154	6.668059
16542	-8130.129	-8387.537	257.4083	0.7597671	1.563944	0.6754975	7.995758
16548	-8146.109	-8404.191	258.0818	0.847342	1.344915	0.8465121	7.565045
16554	-8152.109	-8410.647	258.5389	0.7809693	1.316572	0.7115337	7.455137
16560	-8142.797	-8401.322	258.5252	0.6981691	1.185748	0.6273072	7.626626
16566	-8133.907	-8390.665	256.7583	0.6981691	1.202375	0.6592678	8.537069
16572	-8132.76	-8392.37	259.6104	0.8435545	1.409889	0.6592678	6.842878
16578	-8123.485	-8383.56	260.0743	0.8300979	1.312795	0.6592678	6.641091
16584	-8123.892	-8382.153	258.2606	0.7924928	1.610873	0.6374131	7.532901
16590	-8129.878	-8387.801	257.9222	0.8334533	1.49925	0.6865232	7.699112
16596	-8132.307	-8390.987	258.6801	0.8834049	1.341574	0.6865232	7.331116
16602	-8131.891	-8390.303	258.4125	0.7437185	1.341574	0.7043727	7.536935
16608	-8130.71	-8389.261	258.5505	0.826811	1.341574	0.7108986	7.413936
16614	-8128.725	-8387.783	259.0578	0.814338	1.453942	0.7226747	7.09334
16620	-8129.701	-8388.722	259.0207	0.8296611	1.358168	0.7226747	7.144789
16626	-8147.352	-8406.189	258.8362	0.8409816	1.360253	0.6577918	7.282814
16632	-8145.368	-8402.388	257.0202	0.7256226	1.705876	0.6577918	8.18154
16638	-8140.574	-8398.709	258.1353	0.7188191	1.705876	0.6577918	7.589867
16644	-8130.616	-8388.149	257.5335	0.7629874	1.705876	0.6577918	7.887927
16674	-8136.749	-8395.876	259.1264	0.8639828	1.442188	0.6964725	7.052659
16734	-8123.748	-8384.133	260.3852	0.8878395	1.689881	0.5445061	6.381417
16740	-8145.17	-8405.294	260.1245	0.862299	1.721298	0.5445061	6.525206
16746	-8133.794	-8392.991	259.1965	0.8974278	1.664558	0.7012875	6.907815
16752	-8130.062	-8390.624	260.5619	0.8787985	1.453428	0.5983863	6.337383
16758	-8134.18	-8392.333	258.1524	0.7555039	1.453428	0.5983863	7.701223
16764	-8126.581	-8384.394	257.8126	0.7725998	1.77568	0.5861406	7.763605
16770	-8123.653	-8382.639	258.9857	0.7912088	1.459901	0.5735623	7.252654
16776	-8126.712	-8384.902	258.1898	0.7604392	1.49226	0.5735623	7.682753
16782	-8129.86	-8388.635	258.7749	0.7697843	1.6169	0.5735623	7.316578
16788	-8149.15	-8408.48	259.3299	0.8374751	1.420041	0.7052477	6.960293
16794	-8132.704	-8389.836	257.1322	0.7724173	1.680154	0.6204305	8.133752
16800	-8127.629	-8386.822	259.1926	0.8289823	1.67664	0.6544944	6.975985
16806	-8123.272	-8381.471	258.1994	0.8498701	1.588165	0.6257467	7.552223
16812	-8138.944	-8396.989	258.0444	0.8391681	1.588165	0.7513504	7.552223
16818	-8142.521	-8403.139	260.6178	0.9395615	1.588165	0.6252258	6.199862
16824	-8136.993	-8397.408	260.415	0.9679791	1.617242	0.609947	6.295464
16830	-8129.817	-8390.753	260.9361	1.004391	1.69275	0.7724365	5.847071
16836	-8120.165	-8379.241	259.0762	0.8482831	1.69275	0.6401125	7.033086
16842	-8125.428	-8385.197	259.7684	0.7822058	1.626242	0.6401125	6.719829
16848	-8131.507	-8390.602	259.0944	0.862172	1.36584	0.5811501	7.188922
16860	-8133.396	-8390.605	257.2084	0.790183	1.451476	0.7335289	8.089913
16866	-8130.76	-8389.253	258.4929	0.8004386	1.451476	0.7335289	7.397805
16872	-8132.683	-8390.861	258.1785	0.7888939	1.451476	0.6340294	7.643006
16878	-8134.6	-8391.118	256.5178	0.7682562	1.397335	0.5655083	8.614015
16884	-8139.308	-8396.23	256.9215	0.769597	1.234566	0.5655083	8.469146
16890	-8119.582	-8378.428	258.8462	0.8626016	1.579665	0.5760453	7.240432
16896	-8123.357	-8381.18	257.8229	0.7357304	1.490474	0.7160747	7.787346
16902	-8123.353	-8381.545	258.1918	0.7357304	1.757516	0.5959175	7.57908
16908	-8132.447	-8390.41	257.963	0.7916568	1.757516	0.5804407	7.683801
16914	-8122.092	-8380.129	258.0373	0.8823571	1.517323	0.5804407	7.683801
16920	-8128.787	-8386.793	258.0069	0.8823571	1.517323	0.6011266	7.683801
16926	-8125.081	-8383.106	258.025	0.8574943	1.478579	0.6257081	7.683801
16932	-8132.881	-8393.001	260.1195	0.8599785	1.478579	0.568473	6.601169
16938	-8119.514	-8378.2	258.6862	0.8453834	1.433707	0.7034932	7.297754
16944	-8130.293	-8388.46	258.167	0.8325391	1.439989	0.5709548	7.679402
16950	-8131.381	-8390.157	258.7756	0.7930421	1.423371	0.7558778	7.246623
16956	-8121.539	-8381.407	259.8681	0.8859304	1.423371	0.6254885	6.70055
16962	-8117.078	-8377.688	260.61	0.9986684	1.531092	0.6682939	6.161793
16968	-8125.806	-8385.715	259.9091	0.8923606	1.322204	0.7590209	6.623054
17004	-8129.76	-8387.867	258.1075	0.7866481	1.597558	0.6450187	7.61733
17010	-8130.899	-8389.503	258.6035	0.8347302	1.65175	0.7382188	7.239964
17016	-8137.884	-8395.773	257.8897	0.7729962	1.578141	0.7643815	7.665619
17034	-8129.624	-8389.695	260.0714	0.8921883	1.459591	0.6076904	6.586122
17040	-8113.643	-8373.486	259.843	0.8909341	1.459591	0.743261	6.612244
17046	-8126.29	-8384.648	258.3573	0.7773843	1.459591	0.5861634	7.586999
17052	-8120.42	-8378.457	258.0379	0.8428164	1.420753	0.5998184	7.72789
17058	-8125.362	-8383.596	258.2343	0.8212203	1.506182	0.5558231	7.635357
17064	-8131.731	-8390.776	259.0449	0.8308763	1.476283	0.7031696	7.09586
17184	-8141.97	-8400.544	258.5737	0.7496462	1.378546	0.7059263	7.430609
17322	-8131.461	-8390.285	258.8237	0.7638977	1.515943	0.6630457	7.263613
17328	-8122.866	-8380.299	257.4331	0.7560514	1.303096	0.6630457	8.099381
17334	-8128.578	-8388.261	259.6837	0.897694	1.350286	0.581874	6.858612
17340	-8130.805	-8390.257	259.4515	0.9158929	1.518466	0.8549067	6.715501
17346	-8142.28	-8402.025	259.7451	0.9478693	1.294067	0.7618815	6.692219
17382	-8140.816	-8397.944	257.1278	0.732521	1.489956	0.6598164	8.199561
17388	-8149.779	-8407.463	257.6843	0.7121489	1.476835	0.6598164	7.918945
17394	-8146.309	-8404.83	258.5204	0.8201092	1.564268	0.6634013	7.377296
17400	-8141.69	-8400.156	258.4657	0.729407	1.513791	0.6315841	7.498188
17406	-8152.535	-8410.125	257.5901	0.7837119	1.458831	0.7106374	7.902357
17412	-8139.547	-8397.08	257.5328	0.791485	1.526092	0.7106374	7.902357
17418	-8129.368	-8388.356	258.9881	0.8868283	1.634959	0.585274	7.123086
17424	-8123.522	-8384.788	261.2662	0.9242578	1.634959	0.5174367	5.925701
17430	-8142.803	-8402.256	259.4534	0.9891763	1.42587	0.951125	6.656022
17436	-8136.71	-8397.137	260.4268	0.9868764	1.359713	0.951125	6.157262
17442	-8123.045	-8382.064	259.0189	0.8360513	1.356783	0.9382737	7.009293
17448	-8114.067	-8371.997	257.9302	0.8832449	1.566678	0.652813	7.666385
17454	-8117.9	-8375.85	257.9492	0.8021581	1.607181	0.7031646	7.648488
17460	-8131.583	-8389.219	257.6356	0.75462	1.417077	0.6867445	7.927132
17466	-8132.06	-8388.299	256.2392	0.8054356	1.417077	0.6867445	8.643159
17484	-8137.421	-8396.574	259.1527	0.8531336	1.869226	0.5383454	7.009024
17490	-8124.004	-8382.025	258.0211	0.8531336	1.488546	0.6558562	7.661908
17496	-8125.267	-8383.144	257.8765	0.8629578	1.488546	0.6558562	7.733968
17502	-8121.586	-8378.349	256.7625	0.826213	1.488546	0.7258693	8.298585
17508	-8136.637	-8393.897	257.2601	0.7134776	1.509908	0.7258693	8.085293
17514	-8145.743	-8402.953	257.2106	0.7651508	1.266012	0.7258693	8.185615
17532	-8146.267	-8405.482	259.2151	0.8348661	1.531736	0.5663622	7.083282
17538	-8138.112	-8396.959	258.8478	0.8874674	1.607789	0.6664745	7.146682
17874	-8142.687	-8402.24	259.5532	0.9227961	1.405262	0.6000064	6.877827
17880	-8135.431	-8394.25	258.8192	0.8807058	1.683919	0.7170147	7.10203
17886	-8140.687	-8399.417	258.7303	0.7876728	1.599365	0.695175	7.246132
17904	-8133.021	-8392.264	259.2436	0.8145708	1.527995	0.6495997	7.015771
17934	-8141.347	-8400.305	258.9584	0.8618201	1.470256	0.6310634	7.180403
17982	-8144.256	-8404.256	260.0004	0.8924939	1.275907	0.6636383	6.660507
17988	-8130.727	-8390.529	259.802	0.8382511	1.572406	0.7785311	6.595106
17994	-8125.401	-8385.412	260.011	0.8620277	1.242229	0.6974093	6.662304
18000	-8130.435	-8390.356	259.9202	0.8632984	1.685924	0.7807223	6.473758
18006	-8128.158	-8388.078	259.9197	0.8533197	1.556868	0.6044467	6.653272
18012	-8134.352	-8393.45	259.0981	0.8261387	1.406033	0.6945883	7.104423
18018	-8129.435	-8389.485	260.0501	0.9279045	1.591124	0.7020551	6.456847
18042	-8133.605	-8391.564	257.959	0.8016119	1.334714	0.6071846	7.822427
18048	-8127.519	-8385.311	257.7919	0.8126908	1.371601	0.6997248	7.822427
18054	-8142.108	-8399.542	257.4337	0.8123623	1.371601	0.6997248	8.013775
18060	-8147.736	-8405.857	258.1213	0.8116495	1.50032	0.6997248	7.59462
18066	-8132.54	-8391.618	259.0775	0.8893304	1.346243	0.6642119	7.128457
18072	-8129.494	-8388.573	259.0789	0.8853674	1.38768	0.6642119	7.112277
18078	-8128.26	-8387.358	259.0972	0.8558048	1.425332	0.6511096	7.112277
18084	-8142.719	-8400.816	258.0969	0.7839009	1.319259	0.6511096	7.731897
18090	-8128	-8386.223	258.2234	0.7413751	1.342923	0.6116282	7.706409
18096	-8146.158	-8403.907	257.7491	0.7784	1.342923	0.7013423	7.874655
18102	-8139.501	-8397.458	257.9566	0.8284978	1.61219	0.6409779	7.673186
18108	-8133.175	-8392.588	259.4134	0.8217664	1.538949	0.7034806	6.877414
18114	-8141.665	-8399.885	258.2204	0.8527268	1.695377	0.7034806	7.443793
18120	-8179.24	-8437.096	257.8557	0.7451577	1.241197	0.6711944	7.901486
18126	-8150.126	-8409.776	259.6507	0.8928771	1.181371	0.6726766	6.886209
18132	-8156.971	-8415.161	258.1897	0.8213048	1.428358	0.6986256	7.582418
18138	-8143.935	-8402.046	258.1112	0.8850258	1.396563	0.7291648	7.582418
18144	-8124.075	-8380.835	256.7597	0.7708201	1.587765	0.6922983	8.314546
18150	-8128.699	-8386.465	257.7653	0.8527616	1.411222	0.6922983	7.803996
18156	-8127.585	-8385.26	257.6748	0.8033459	1.439672	0.786713	7.803996
18162	-8126.234	-8385.631	259.3971	0.8396234	1.439672	0.6226686	6.975055
18168	-8132.25	-8390.539	258.2894	0.7974006	1.572079	0.6226686	7.540527
18174	-8128.131	-8386.434	258.3026	0.7878485	1.473361	0.6720387	7.540527
18180	-8125.696	-8384.638	258.9424	0.8284628	1.473361	0.7557697	7.117726
18186	-8130.997	-8391.056	260.0588	0.7988102	1.473361	0.6957844	6.572542
18192	-8131.141	-8390.068	258.9266	0.7491218	1.473361	0.6062735	7.275705
18198	-8128.867	-8388.329	259.4618	0.8649216	1.392956	0.6721286	6.909191
18204	-8130.832	-8390.086	259.2548	0.8649216	1.496374	0.7733751	6.909191
18210	-8134.728	-8393.339	258.6107	0.8983944	1.361852	0.7275157	7.32325
18216	-8118.924	-8376.884	257.9606	0.8961064	1.346939	0.7275157	7.67911
18222	-8129.122	-8387.754	258.6315	0.8502804	1.346939	0.723211	7.347172
18228	-8118.75	-8377.297	258.5464	0.81685	1.346939	0.723211	7.410738
18234	-8117.634	-8376.166	258.5316	0.8980157	1.264506	0.749428	7.39368
18240	-8128.053	-8386.489	258.4358	0.8561205	1.264506	0.790285	7.440865
18246	-8115.8	-8374.203	258.4024	0.841063	1.539382	0.7213522	7.398128
18252	-8128.921	-8387.259	258.3385	0.8418372	1.744007	0.7268348	7.353037
18258	-8134.365	-8393.018	258.6536	0.8418372	1.479511	0.7427133	7.271968
18264	-8146.329	-8405.374	259.045	0.9287045	1.479511	0.5761961	7.136929
18270	-8125.027	-8383.1	258.0728	0.8077268	1.448926	0.7793792	7.589799
18276	-8136.999	-8393.62	256.6207	0.7590836	1.532591	0.7591199	8.370562
18282	-8132.518	-8390.502	257.9836	0.7834182	1.553073	0.6421012	7.704326
18288	-8127.694	-8386.031	258.3364	0.7431572	1.553073	0.6269641	7.548362
18312	-8124.659	-8384.281	259.6222	0.8600426	1.659128	0.6160225	6.762893
18318	-8120.469	-8379.42	258.951	0.8328089	1.659128	0.6650403	7.102615
18324	-8138.018	-8396.779	258.7607	0.8094422	1.480034	0.6259516	7.314667
18342	-8140.421	-8398.151	257.7305	0.7797683	1.388422	0.7838501	7.809711
18348	-8139.766	-8398.471	258.7049	0.7748289	1.558132	0.7216237	7.263929
18354	-8134.668	-8393.472	258.8035	0.793438	1.368065	0.6970773	7.294448
18360	-8150.885	-8409.119	258.234	0.7569084	1.324836	0.7380382	7.609708
18366	-8140.397	-8398.972	258.5756	0.8735397	1.324836	0.6761558	7.407064
18372	-8135.064	-8392.586	257.5219	0.7660453	1.421273	0.6761558	7.987493
18378	-8134.576	-8392.01	257.4341	0.8238765	1.372936	0.7281062	7.987493
18384	-8127.9	-8386.085	258.1851	0.7924033	1.372936	0.7968068	7.558042
18390	-8130.276	-8388.704	258.4282	0.7938881	1.584149	0.7225216	7.391678
18396	-8151.326	-8410.266	258.9407	0.7561832	1.584149	0.7225216	7.136765
18402	-8138.004	-8395.521	257.5169	0.7707787	1.515475	0.6637989	7.958927
18408	-8127.269	-8386.827	259.5586	0.825719	1.603307	0.6149751	6.837302
18414	-8124.864	-8383.712	258.8476	0.8595678	1.603307	0.6447386	7.179363
18420	-8133.41	-8393.429	260.0196	0.9163877	1.552402	0.6681397	6.518733
18426	-8125.583	-8384.322	258.7391	0.9163877	1.552402	0.6447071	7.226507
18432	-8120.144	-8378.409	258.265	0.7689754	1.660461	0.6993748	7.480207
18438	-8118.299	-8376.629	258.33	0.8416704	1.660461	0.6993748	7.406415
18444	-8126.777	-8385.048	258.2706	0.8093019	1.73573	0.7013415	7.42735
18450	-8131.742	-8390.566	258.8234	0.8106819	1.423708	0.6352279	7.296109
18456	-8130.962	-8390.164	259.2025	0.8131309	1.423708	0.6784696	7.059419
18462	-8138.974	-8398.133	259.1591	0.9068813	1.358996	0.6784696	7.059419
18468	-8146.509	-8405.151	258.6419	0.9068813	1.352729	0.6784696	7.339964
18474	-8135.293	-8392.276	256.983	0.7456384	1.339365	0.7752818	8.252616
18480	-8141.225	-8399.413	258.1884	0.8084806	1.352729	0.7193022	7.607203
18486	-8138.633	-8396.438	257.8047	0.8626976	1.565722	0.7562053	7.673164
18492	-8132.807	-8391.45	258.643	0.806853	1.544044	0.6848231	7.311037
18498	-8134.826	-8393.683	258.8567	0.8442922	1.556962	0.6179657	7.220411
18504	-8131.399	-8389.814	258.4148	0.8621352	1.392168	0.6179657	7.513698
18510	-8135.519	-8393.164	257.6453	0.794753	1.423194	0.7353492	7.864616
18516	-8147.837	-8406.879	259.0427	0.7863353	1.423194	0.7353492	7.12045
18522	-8150.354	-8408.096	257.7421	0.7849218	1.423194	0.797919	7.777446
18528	-8174.23	-8431.97	257.7401	0.7698399	1.439142	0.5846603	7.930341
18534	-8132.546	-8391.137	258.5914	0.788032	1.393405	0.554333	7.508727
18540	-8127.647	-8387.256	259.6086	0.806293	1.573686	0.7429848	6.739983
18546	-8119.761	-8379.436	259.6755	0.8876698	1.374616	0.7429848	6.739983
18552	-8130.443	-8389.847	259.4042	0.8407244	1.531992	0.6273108	6.930304
18558	-8128.097	-8387.232	259.1348	0.9506838	1.297497	0.6273108	7.113253
18564	-8114.065	-8372.569	258.5041	0.8083802	1.297497	0.6618168	7.502559
18570	-8127.058	-8385.469	258.4108	0.8326221	1.308508	0.7072058	7.502559
18576	-8124.521	-8383.12	258.5992	0.8999649	1.65223	0.6446253	7.273084
18582	-8126.545	-8385.272	258.7268	0.8962921	1.350889	0.7486286	7.252533
18588	-8122.443	-8382.136	259.6932	0.8069343	1.350889	0.7486286	6.780352
18594	-8124.336	-8383.055	258.7193	0.7538764	1.279602	0.5708708	7.493973
18600	-8124.491	-8384.501	260.0101	0.845527	1.547989	0.669488	6.562956
18606	-8117.679	-8374.79	257.1102	0.7359595	1.374644	0.7724576	8.17699
18612	-8119.855	-8377.182	257.3264	0.8356403	1.351427	0.7724576	8.018459
18618	-8135.263	-8393.788	258.5245	0.8311833	1.351427	0.8003384	7.36226
18630	-8136.417	-8395.565	259.1482	0.8332446	1.53366	0.5688071	7.117391
18636	-8125.303	-8383.35	258.0467	0.7487662	1.451852	0.6682436	7.709686
18642	-8140.203	-8398.286	258.0832	0.7032757	1.575241	0.6662278	7.667843
18648	-8153.749	-8411.804	258.0542	0.7322388	1.575241	0.6662278	7.667843
18654	-8124.931	-8383.316	258.385	0.8363245	1.49214	0.7053658	7.439412
18660	-8126.499	-8384.026	257.5265	0.7562219	1.454292	0.6041408	8.03024
18666	-8140.853	-8399.895	259.0426	0.8936038	1.454292	0.7314998	7.052689
18672	-8132.43	-8391.296	258.8662	0.9519107	1.58149	0.8683379	6.979342
18678	-8125.996	-8384.803	258.8069	0.9193812	1.490698	0.6129404	7.236524
18684	-8134.888	-8394.47	259.5823	0.9907783	1.557825	0.6070195	6.758879
18690	-8134.851	-8394.36	259.5094	0.9082096	1.543413	0.7764534	6.727965
18696	-8114.176	-8371.639	257.4627	0.7705684	1.543413	0.7764534	7.900478
18702	-8137.777	-8395.658	257.8805	0.8374938	1.649334	0.7210119	7.638529
18708	-8130.371	-8388.044	257.6726	0.7078736	1.512294	0.6035427	7.955665
18714	-8121.218	-8380.195	258.977	0.8951707	1.512294	0.5754766	7.179099
18720	-8124.308	-8383.123	258.8154	0.891815	1.474267	0.7149841	7.179099
18726	-8128.139	-8387.372	259.2328	0.8671132	1.457664	0.5904322	7.066458
18732	-8127.935	-8387.263	259.3278	0.8955268	1.457664	0.6463173	6.957145
18738	-8127.774	-8386.589	258.8149	0.8263724	1.457664	0.6463173	7.270213
18744	-8132.319	-8389.566	257.2467	0.7935531	1.54588	0.7313302	8.03221
18750	-8120.505	-8378.17	257.6653	0.8127031	1.729815	0.6178892	7.812199
18756	-8119.392	-8376.629	257.2373	0.781246	1.556726	0.7260127	8.043215
18762	-8107.15	-8364.98	257.8299	0.774834	1.436681	0.7257811	7.777614
18768	-8130.836	-8389.254	258.4175	0.9049009	1.588603	0.6556685	7.383448
18774	-8130.433	-8388.151	257.7178	0.7637791	1.482427	0.6680378	7.865368
18780	-8129.148	-8385.61	256.4629	0.8283068	1.572266	0.6441237	8.482092
18786	-8123.651	-8382.288	258.6361	0.8679807	1.645309	0.5121718	7.379336
18792	-8140.549	-8398.036	257.4872	0.8679807	1.55615	0.8878089	7.762245
18798	-8131.708	-8390.614	258.9055	0.9882429	1.55615	0.7590965	7.01692
18804	-8136.342	-8395.092	258.7497	0.8108589	1.611403	0.7979224	7.150085
18810	-8120.028	-8378.416	258.3883	0.7920274	1.45886	0.7434412	7.448787
18816	-8122.331	-8380.689	258.3578	0.8344139	1.573777	0.6694878	7.448787
18822	-8113.556	-8371.124	257.568	0.7793433	1.35828	0.7785804	7.912728
18828	-8118.799	-8376.419	257.6208	0.7539818	1.35828	0.7388597	7.924081
18834	-8116.574	-8374.175	257.6012	0.6790871	1.41564	0.7388597	7.950666
18840	-8114.601	-8371.302	256.7011	0.7646668	1.413913	0.7388597	8.385184
18846	-8137.83	-8396.985	259.1549	0.7637397	1.567916	0.5718996	7.135506
18852	-8135.342	-8393.548	258.206	0.8438197	1.546459	0.6610053	7.541621
18858	-8130.918	-8389.149	258.2317	0.855595	1.444616	0.6890974	7.541621
18864	-8123.193	-8382.524	259.3313	0.9696618	1.478807	0.7956268	6.804039
18870	-8123.245	-8382.368	259.1225	0.8903964	1.297628	0.7841853	7.042822
18876	-8125.687	-8384.987	259.2992	0.8114639	1.414031	0.747912	6.964228
18882	-8157.264	-8415.474	258.2102	0.775908	1.234757	0.6335203	7.726175
18888	-8139.499	-8397.646	258.1467	0.815141	1.471695	0.7985282	7.524878
18894	-8126.915	-8385.047	258.1319	0.868545	1.502272	0.6231917	7.613252
18900	-8129.284	-8388.245	258.9614	0.8813517	1.461534	0.6231917	7.177757
18906	-8114.524	-8373.366	258.8413	0.8146168	1.435656	0.7147584	7.222445
18912	-8137.892	-8396.194	258.3022	0.8005166	1.443783	0.7985282	7.460631
18918	-8138.537	-8396.721	258.1842	0.9379369	1.503533	0.7305203	7.47087
18924	-8124.414	-8383.262	258.848	0.9303161	1.542427	0.6538849	7.15754
18930	-8123.789	-8382.833	259.0435	0.8856653	1.523492	0.6680831	7.073408
18936	-8127.681	-8386.898	259.2176	0.9222596	1.6095	0.6677391	6.927354
18942	-8145.94	-8404.17	258.2302	0.880203	1.505664	0.6985073	7.498329
18948	-8154.015	-8412.237	258.2219	0.787532	1.505664	0.6985073	7.552389
18954	-8151.699	-8408.87	257.1713	0.7675845	1.505664	0.7547788	8.086161
18960	-8144.523	-8404.858	260.3351	0.8492907	1.360098	0.6326373	6.488913
18966	-8148.96	-8407.321	258.3604	0.877683	1.360098	0.6709425	7.50879
18972	-8154.206	-8411.569	257.3632	0.8111918	1.254164	0.7956604	8.039481
18978	-8139.842	-8398.78	258.9374	0.8367271	1.671614	0.7251182	7.060994
18984	-8136.542	-8395.259	258.7173	0.8306582	1.671614	0.7251182	7.1826
18990	-8123.82	-8383.45	259.6298	0.8306582	1.524259	0.5024865	6.919504
18996	-8119.868	-8379.342	259.474	0.8858716	1.636106	0.5630294	6.879521
19002	-8132.61	-8391.261	258.6507	0.8979615	1.636106	0.6836659	7.224103
19008	-8122.72	-8380.688	257.9683	0.7967637	1.514265	0.7008199	7.67821
19014	-8127.33	-8387.332	260.0018	0.9442283	1.514265	0.625474	6.560008
19044	-8129.06	-8386.343	257.2826	0.8654035	1.488465	0.6985192	8.019461
19050	-8132.716	-8391.182	258.4661	0.8448125	1.599738	0.6188327	7.412894
19056	-8130.482	-8388.029	257.5463	0.8297523	1.599738	0.636428	7.899748
19062	-8129.172	-8387.602	258.4297	0.8297523	1.833286	0.5860335	7.383128
19068	-8144.947	-8404.681	259.7344	0.8612563	1.470665	0.693743	6.716716
19092	-8134.653	-8393.508	258.8545	0.8943184	1.632365	0.6413051	7.148742
19098	-8142.756	-8400.86	258.1044	0.809943	1.595714	0.6413051	7.60996
19104	-8149.278	-8407.125	257.8475	0.8518783	1.61735	0.6413051	7.716856
19164	-8118.681	-8377.355	258.674	0.8135809	1.264801	0.6957477	7.399075
19170	-8128.274	-8388.073	259.799	0.9274385	1.366622	0.6807303	6.698428
19176	-8131.694	-8391.543	259.8494	0.856424	1.42935	0.8494841	6.571698
19182	-8141.421	-8400.013	258.5923	0.9044316	1.42935	0.7463063	7.289126
19188	-8140.766	-8398.449	257.6829	0.8610881	1.499115	0.5823585	7.890084
19194	-8137.247	-8396.155	258.9084	0.828144	1.653632	0.6467054	7.143484
19200	-8147.107	-8406.242	259.1351	0.8621734	1.524049	0.6072022	7.082197
19206	-8131.847	-8390.53	258.6826	0.7849507	1.524049	0.6835746	7.310155
19212	-8123.233	-8381.763	258.5304	0.9066557	1.566506	0.6835746	7.310155
19218	-8130.929	-8391.043	260.1138	0.8862279	1.452205	0.5701865	6.599324
19224	-8147.539	-8406.1	258.5613	0.8074084	1.500799	0.6385025	7.405097
19230	-8134.745	-8392.558	257.8134	0.8401949	1.332138	0.6741255	7.831061
19236	-8145.052	-8403.412	258.3596	0.8141727	1.448384	0.6741255	7.504399
19242	-8139.627	-8397.852	258.2251	0.8122658	1.448384	0.7818836	7.504399
19248	-8145.081	-8405.323	260.2421	0.9448946	1.545443	0.6145432	6.425673
19254	-8139.488	-8399.06	259.572	0.9424876	1.638836	0.5585136	6.798826
19260	-8127.412	-8387.788	260.3756	0.9424876	1.533069	0.5585136	6.404354
19266	-8133.408	-8391.03	257.6219	0.8211202	1.619606	0.666082	7.834911
19272	-8133.116	-8389.738	256.6223	0.7244123	1.3395	0.7100539	8.498908
19278	-8132.044	-8388.024	255.98	0.7416468	1.420634	0.6356107	8.849804
19284	-8137.967	-8395.529	257.5625	0.7951491	1.334521	0.7224019	7.954461
19290	-8139.996	-8398.201	258.2044	0.8208619	1.42051	0.7392761	7.550182
19296	-8118.407	-8376.508	258.1013	0.801642	1.70251	0.7161222	7.523707
19302	-8126.737	-8386.033	259.2954	0.8953448	1.62079	0.7161222	6.861435
19308	-8134.36	-8392.854	258.4932	0.7787162	1.62079	0.7161222	7.355641
19314	-8140.672	-8399.027	258.3549	0.9357911	1.63605	0.6934931	7.355641
19320	-8137.129	-8396.54	259.4108	0.8963423	1.564215	0.6416929	6.873476
19326	-8122.762	-8383.047	260.2856	0.99285	1.50037	0.6623078	6.357813
19332	-8125.912	-8385.315	259.4036	0.8267988	1.50037	0.6519721	6.932089
19338	-8131.29	-8389.813	258.5236	0.8481997	1.50037	0.6519721	7.393616
19344	-8141.035	-8399.415	258.3808	0.7893301	1.519362	0.6780564	7.4754
19350	-8134.754	-8392.758	258.0038	0.7937301	1.507843	0.5968206	7.739869
19356	-8139.267	-8397.969	258.7021	0.7700683	1.391447	0.5968206	7.425706
19362	-8140.225	-8399.379	259.154	0.8372801	1.372713	0.6525437	7.112563
19368	-8132.365	-8391.753	259.388	0.8911835	1.518372	0.7190612	6.850872
19374	-8134.998	-8394.88	259.8822	0.9127907	1.355035	0.6357037	6.699418
19380	-8135.449	-8393.808	258.3586	0.8435014	1.291442	0.7669492	7.492064
19386	-8129.034	-8387.953	258.9183	0.7628774	1.348904	0.5665544	7.355759
19392	-8136.204	-8393.836	257.6317	0.751172	1.482826	0.5665544	7.995152
19398	-8131.895	-8390.741	258.8459	0.829107	1.482826	0.4991808	7.361035
19404	-8124.386	-8383.36	258.9742	0.8223858	1.403373	0.5640387	7.272921
19410	-8126.11	-8385.5	259.3897	0.9046327	1.403373	0.5640387	7.005267
19416	-8114.444	-8373.406	258.9616	0.8412205	1.403373	0.7397764	7.139765
19422	-8127.229	-8386.523	259.2938	0.9364304	1.585365	0.7397764	6.837351
19428	-8131.296	-8392.393	261.0968	1.029519	1.373385	0.632781	5.97098
19434	-8130.755	-8391.928	261.173	0.9104124	1.375682	0.7008816	5.943318
19452	-8129.353	-8388.462	259.1094	0.8847111	1.419382	0.6080712	7.125149
19458	-8134.901	-8394.754	259.8535	0.973672	1.530123	0.6438407	6.604237
19464	-8130.347	-8390.306	259.9588	0.8761468	1.581693	0.7539247	6.502392
19470	-8130.714	-8389.336	258.6219	0.8383801	1.492715	0.683618	7.326296
19476	-8126.905	-8385.894	258.9894	0.7761113	1.464948	0.683618	7.173469
19482	-8129.997	-8389.396	259.3988	0.8560536	1.862206	0.5796075	6.843175
19488	-8135.566	-8394.768	259.2018	0.877622	1.862206	0.6370983	6.893143
19494	-8135.171	-8394.385	259.2144	0.8190553	1.81662	0.6922197	6.893143
19500	-8131.402	-8390.967	259.5645	0.9562509	1.60036	0.6922197	6.707699
19506	-8122.987	-8383.264	260.2773	0.9234432	1.565192	0.6587091	6.377209
19542	-8140.1	-8397.635	257.5353	0.940084	1.729744	0.6111875	7.81873
19548	-8136.91	-8395.242	258.3328	0.7777077	1.559685	0.6641076	7.501812
19554	-8128.887	-8385.977	257.09	0.8359789	1.549801	0.6641076	8.138368
19572	-8131.919	-8389.651	257.7315	0.8629065	1.536929	0.8183287	7.683543
19578	-8132.716	-8391.52	258.8035	0.8232937	1.515896	0.7063256	7.211832
19584	-8121.873	-8380.553	258.6795	0.8857602	1.515896	0.7063256	7.24491
19590	-8135.927	-8393.434	257.5074	0.8198291	1.515896	0.6320059	7.961051
19596	-8126.661	-8386.03	259.3694	0.9031585	1.2739	0.6247241	7.025056
19602	-8132.72	-8390.728	258.0083	0.8109536	1.454567	0.6727883	7.692622
19608	-8142.104	-8398.08	255.9761	0.7252342	1.351595	0.6727883	8.862195
19614	-8147.658	-8407.375	259.717	0.8164825	1.397587	0.7578058	6.736424
19632	-8132.995	-8392.004	259.0092	0.9199963	1.604067	0.735961	6.995115
19638	-8147.873	-8407.105	259.2323	0.8800153	1.367894	0.6374327	7.060739
19644	-8131.545	-8391.563	260.0177	0.8748557	1.522188	0.749414	6.497231
19650	-8130.512	-8389.312	258.8001	0.8151164	1.426264	0.7452612	7.227421
19656	-8132.158	-8390.931	258.7729	0.8755423	1.465384	0.6960154	7.227421
19662	-8146.79	-8404.911	258.1216	0.9436968	1.465384	0.6915422	7.543331
19668	-8129.661	-8388.32	258.6585	0.7836831	1.465384	0.7183256	7.322697
19674	-8139.904	-8395.646	255.7419	0.7868043	1.445467	0.5940946	8.973412
19704	-8135.941	-8394.474	258.5332	0.8690558	1.594607	0.699152	7.307236
19710	-8119.977	-8379.677	259.7006	0.8690558	1.594607	0.6362286	6.724337
19716	-8135.845	-8395.401	259.5562	0.8846358	1.640911	0.7084331	6.724337
19722	-8129.469	-8388.872	259.4026	0.8413129	1.506317	0.7084331	6.882013
19728	-8127.41	-8386.79	259.3807	0.868026	1.571945	0.7084331	6.853946
19734	-8129.024	-8388.514	259.4892	0.8573446	1.327434	0.6663867	6.930609
19752	-8151.422	-8410.55	259.1282	0.8133646	1.619162	0.6414747	7.049812
19758	-8144.972	-8404.358	259.3864	0.8670627	1.619162	0.6414747	6.881806
19764	-8129.427	-8387.518	258.0901	0.8466684	1.656811	0.6690859	7.555089
19770	-8123.093	-8380.703	257.6109	0.7325582	1.471251	0.7444476	7.890784
19776	-8113.652	-8371.332	257.6795	0.6942565	1.471251	0.6758203	7.921788
19782	-8130.049	-8387.926	257.8773	0.7696803	1.536016	0.6464927	7.771748
19788	-8120.785	-8380.055	259.2701	0.8345009	1.612869	0.6771993	6.938266
19794	-8118.185	-8377.566	259.3812	0.8466038	1.442713	0.6771993	6.938266
19800	-8129.354	-8387.729	258.3752	0.7875703	1.442713	0.6771993	7.510395
3342	-8129.91	-8388.003	258.0925	0.8253998	1.359479	0.7105998	7.652572
3234	-8108.624	-8369.02	260.3959	0.9315971	1.450444	0.7280225	6.30465
